source_id,ra,dec,redshift,spectral_state_1,spectral_state_2,epoch_1,epoch_2,class,label_source,label_method,independent_of_pipeline,confidence,g_mag
SDSSJ123359.12+084211.5,188.49637,8.70323,0.2549999952316284,spec_epoch1,spec_epoch2,53474,57539,clagn,2019ApJ...874....8M,spectroscopic,True,gold,18.71500015258789
SDSSJJ105058.42+241351.18,162.74344,24.23087,0.27000001072883606,B,D,54068,58138,clagn,2022ApJ...933..180G,spectroscopic,True,gold,
SDSSJJ105325.40+302419.34,163.35585,30.40536,0.24899999797344208,B,D,53463,58141,clagn,2022ApJ...933..180G,spectroscopic,True,gold,
SDSSJJ082323.88+422048.2,125.84955,42.346741,0.15153989,spec_epoch1,spec_epoch2,52266,54524,clagn,2024ApJS..272...13S,spectroscopic,True,gold,2.0
SDSSJJ114408.90+424357.5,176.03712,42.732643,0.27236447,spec_epoch1,spec_epoch2,53062,57732,clagn,2024ApJS..272...13S,spectroscopic,True,gold,3.0
SDSSJJ230614.18-010024.45,346.55909,-1.0068,0.2669999897480011,D,B,51811,58022,clagn,2022ApJ...933..180G,spectroscopic,True,gold,
SDSSJJ080138.67+423354.1,120.41114,42.565039,0.77132714,spec_epoch1,spec_epoch2,55178,57073,clagn,2024ApJS..272...13S,spectroscopic,True,gold,2.0
SDSSJ141213.61+021202.1,213.05675,2.2006,0.29499998688697815,spec_epoch1,spec_epoch2,51993,57818,clagn,2019ApJ...874....8M,spectroscopic,True,gold,18.229000091552734
SDSSJ153734.06+461358.9,234.39195,46.23301,0.3779999911785126,spec_epoch1,spec_epoch2,52781,57819,clagn,2019ApJ...874....8M,spectroscopic,True,gold,19.474000930786133
SDSSJ153612.80+034245.7,234.05335,3.71272,0.36500000953674316,spec_epoch1,spec_epoch2,52026,57835,clagn,2019ApJ...874....8M,spectroscopic,True,gold,18.41699981689453
SDSSJJ141324.27+530527.0,213.35116,53.09084,0.4562511,spec_epoch1,spec_epoch2,52762,58289,clagn,2024ApJS..272...13S,spectroscopic,True,gold,72.0
SDSSJJ081425.89+294115.6,123.60791,29.687681,0.3739141,spec_epoch1,spec_epoch2,52618,58133,clagn,2024ApJS..272...13S,spectroscopic,True,gold,3.0
SDSSJJ101322.43+214021.74,153.3435,21.67271,0.6399999856948853,B,D,56274,57815,clagn,2022ApJ...933..180G,spectroscopic,True,gold,
NGC 5273,205.471,35.65800094604492,0.0038999998942017555,1.9,nan,1984-02-13,2022-08-24,clagn,1995ApJS...98..477H,spectroscopic,True,gold,
SDSSJJ091407.16+243633.08,138.52984,24.60919,0.6809999942779541,B,D,56009,58137,clagn,2022ApJ...933..180G,spectroscopic,True,gold,
SDSSJJ015653.16-004623.28,29.22154,-0.77314,0.6150000095367432,B,D,55182,58080,clagn,2022ApJ...933..180G,spectroscopic,True,gold,
SDSSJJ143040.58+364903.90,217.6691,36.81775,0.5699999928474426,D,B,53089,58242,clagn,2022ApJ...933..180G,spectroscopic,True,gold,
SDSSJJ015726.00-000602.15,29.35835,-0.10057,0.8019999861717224,B,D,55449,58103,clagn,2022ApJ...933..180G,spectroscopic,True,gold,
SDSSJJ082942.66+415436.8,127.42778,41.910244,0.12638536,spec_epoch1,spec_epoch2,52266,54524,clagn,2024ApJS..272...13S,spectroscopic,True,gold,2.0
SDSSJJ005813.68+001409.09,14.55703,0.23586,0.6790000200271606,B,D,57360,58097,clagn,2022ApJ...933..180G,spectroscopic,True,gold,
SDSSJJ113706.93+481943.68,174.27889,48.32879,0.2199999988079071,B,D,53054,57162,clagn,2022ApJ...933..180G,spectroscopic,True,gold,
SDSSJJ233602.98+001728.7,354.01245,0.2913413,0.24282964,spec_epoch1,spec_epoch2,51783,55449,clagn,2024ApJS..272...13S,spectroscopic,True,gold,5.0
NGC 7603,349.738,-0.24400000274181366,0.028999999165534973,1.0,1.0,1974-11-06,2019-07-20,clagn,1976ApJ...210L.117T,spectroscopic,True,gold,
NGC 5548,214.5,25.135000228881836,0.017000000923871994,nan,nan,1978-06-11,2021-07-20,clagn,1980ApJ...245..377M,spectroscopic,True,gold,
SDSSJJ093812.27+074340.0,144.5511,7.7277918,0.02196387,spec_epoch1,spec_epoch2,52733,54804,clagn,2024ApJS..272...13S,spectroscopic,True,gold,2.0
NGC 7582,349.598,-42.369998931884766,0.005200000014156103,nan,2.0,1977-01-01,2016-07-27,clagn,1981ApJ...246L..11M,spectroscopic,True,gold,
NGC 3516,166.698,72.56900024414062,0.008799999952316284,nan,1.0,1985-12-06,2020-06-22,clagn,1991ApJ...383..574G,spectroscopic,True,gold,
SDSSJ161711.42+063833.4,244.2976,6.64262,0.2290000021457672,spec_epoch1,spec_epoch2,53501,57596,clagn,2019ApJ...874....8M,spectroscopic,True,gold,16.988000869750977
NGC 1566,65.002,-54.9379997253418,0.005100000184029341,nan,nan,1979-08-09,2019-09-26,clagn,1987AJ.....93.1484M,spectroscopic,True,gold,
SDSSJ161407.07+513354.5,243.5295,51.56516,0.3479999899864197,spec_epoch1,spec_epoch2,52051,57894,clagn,2019ApJ...874....8M,spectroscopic,True,gold,19.238000869750977
SDSSJJ020222.00+010557.11,30.59169,1.09919,0.5019999742507935,B,D,51871,58079,clagn,2022ApJ...933..180G,spectroscopic,True,gold,
SDSSJ074511.98+380911.3,116.29994,38.15314,0.2370000034570694,spec_epoch1,spec_epoch2,51873,58081,clagn,2019ApJ...874....8M,spectroscopic,True,gold,18.714000701904297
SDSSJJ025410.08+034911.9,43.542023,3.8200029,0.774285,spec_epoch1,spec_epoch2,55477,58029,clagn,2024ApJS..272...13S,spectroscopic,True,gold,3.0
SDSSJJ222132.41-010928.70,335.38507,-1.15797,0.2879999876022339,D,B,52140,58013,clagn,2022ApJ...933..180G,spectroscopic,True,gold,
SDSSJ210200.42+000501.8,315.50177,0.08385,0.32899999618530273,spec_epoch1,spec_epoch2,52431,57989,clagn,2019ApJ...874....8M,spectroscopic,True,gold,19.038999557495117
SDSSJ115355.88+112554.2,178.48286,11.43171,0.3100000023841858,spec_epoch1,spec_epoch2,53142,54948,clagn,2019ApJ...874....8M,spectroscopic,True,gold,18.895000457763672
SDSSJJ215130.35+003522.26,327.8765,0.5895,0.3400000035762787,D,B,55479,58699,clagn,2022ApJ...933..180G,spectroscopic,True,gold,
SDSSJJ090258.39+252915.15,135.74328,25.48757,0.2639999985694885,B,D,53401,58133,clagn,2022ApJ...933..180G,spectroscopic,True,gold,
HE 1136-2304,174.701,-23.349000930786133,0.027000000700354576,nan,nan,1990-01-01,2015-07-14,clagn,2025A&A...693A..35J,spectroscopic,True,gold,
SDSSJ102152.34+464515.6,155.46813,46.75436,0.20399999618530273,spec_epoch1,spec_epoch2,52614,56769,clagn,2019ApJ...874....8M,spectroscopic,True,gold,18.163999557495117
SDSSJ160111.26+474509.6,240.2969,47.75267,0.296999990940094,spec_epoch1,spec_epoch2,52354,57895,clagn,2019ApJ...874....8M,spectroscopic,True,gold,19.285999298095703
SDSSJ231742.68+011425.2,349.42787,1.24034,0.5180000066757202,spec_epoch1,spec_epoch2,52177,57726,clagn,2019ApJ...874....8M,spectroscopic,True,gold,19.354000091552734
SDSSJJ081319.34+460849.5,123.33056,46.147156,0.05370571,spec_epoch1,spec_epoch2,51877,56331,clagn,2024ApJS..272...13S,spectroscopic,True,gold,2.0
SDSSJJ094443.08+580953.2,146.17954,58.164769,0.5631062,spec_epoch1,spec_epoch2,51915,57390,clagn,2024ApJS..272...13S,spectroscopic,True,gold,2.0
SDSSJJ012256.19-000252.68,20.73413,-0.04798,0.3409999907016754,D,B,51817,58113,clagn,2022ApJ...933..180G,spectroscopic,True,gold,
SDSSJJ100256.22+475027.7,150.73428,47.841031,0.39082366,spec_epoch1,spec_epoch2,52339,56338,clagn,2024ApJS..272...13S,spectroscopic,True,gold,2.0
SDSSJJ110501.26+562724.5,166.25525,56.456826,0.23817205,spec_epoch1,spec_epoch2,52373,57374,clagn,2024ApJS..272...13S,spectroscopic,True,gold,2.0
SDSSJJ120442.10+275411.8,181.17545,27.903284,0.16459495,spec_epoch1,spec_epoch2,53819,56337,clagn,2024ApJS..272...13S,spectroscopic,True,gold,2.0
SDSSJJ124946.13+365204.21,192.44226,36.86784,0.5950000286102295,B,D,53772,57781,clagn,2022ApJ...933..180G,spectroscopic,True,gold,
SDSSJJ022930.91-000845.37,37.37882,-0.14596,0.609000027179718,B,D,52200,58072,clagn,2022ApJ...933..180G,spectroscopic,True,gold,
