source_id,ra,dec,class,label_source,label_method,independent_of_pipeline,notes,mag,redshift
1995bc,147.93124999999998,40.314055555555555,sn,B/sn,Asiago Supernova Catalog,True,,18.5,
2000em,8.87425,-2.657611111111111,sn,B/sn,Asiago Supernova Catalog,True,,18.299999237060547,
1994G,154.86116666666663,50.872055555555555,sn,B/sn,Asiago Supernova Catalog,True,,21.520000457763672,
1999ec,94.06741666666665,-21.36947222222222,sn,B/sn,Asiago Supernova Catalog,True,,17.899999618530273,
1999dp,67.31941666666665,69.5335,sn,B/sn,Asiago Supernova Catalog,True,,18.200000762939453,
1997Q,164.2145,-3.976916666666667,sn,B/sn,Asiago Supernova Catalog,True,,22.010000228881836,
1988ai,1.5905833333333332,-41.48330555555556,sn,B/sn,Asiago Supernova Catalog,True,,16.0,
2000bk,188.47475,-7.378583333333333,sn,B/sn,Asiago Supernova Catalog,True,,16.979999542236328,
2000bt,154.07524999999998,-5.746472222222223,sn,B/sn,Asiago Supernova Catalog,True,,19.600000381469727,
1998dx,272.7995416666666,49.86130555555556,sn,B/sn,Asiago Supernova Catalog,True,,17.709999084472656,
1999gd,129.60254166666664,25.759194444444443,sn,B/sn,Asiago Supernova Catalog,True,,17.020000457763672,
1997K,118.72954166666665,4.317027777777778,sn,B/sn,Asiago Supernova Catalog,True,,23.729999542236328,
1999eo,40.05499999999999,4.914805555555556,sn,B/sn,Asiago Supernova Catalog,True,,19.600000381469727,
1996bn,93.95408333333332,64.42911111111111,sn,B/sn,Asiago Supernova Catalog,True,,18.0,
1998az,164.34074999999999,-3.4230555555555555,sn,B/sn,Asiago Supernova Catalog,True,,22.700000762939453,
1999do,343.3744583333333,31.64525,sn,B/sn,Asiago Supernova Catalog,True,,18.0,
1984L,38.87716666666667,-7.158463888888889,sn,B/sn,Asiago Supernova Catalog,True,,14.0,
1999dz,24.263499999999997,0.03275,sn,B/sn,Asiago Supernova Catalog,True,,23.399999618530273,
1999H,151.76274999999998,-5.924055555555556,sn,B/sn,Asiago Supernova Catalog,True,,20.600000381469727,
1961Q,21.6725,2.0255277777777776,sn,B/sn,Asiago Supernova Catalog,True,,17.200000762939453,
1999dt,11.426208333333332,0.05616666666666667,sn,B/sn,Asiago Supernova Catalog,True,,23.5,
1995I,200.249375,3.5989444444444447,sn,B/sn,Asiago Supernova Catalog,True,,19.5,
1997bt,166.56291666666664,-11.60686111111111,sn,B/sn,Asiago Supernova Catalog,True,,19.5,
1998dm,21.558208333333333,-6.103888888888888,sn,B/sn,Asiago Supernova Catalog,True,,14.699999809265137,
1987B,226.762375,1.503663888888889,sn,B/sn,Asiago Supernova Catalog,True,,14.5,
1971G,183.04999999999998,13.237777777777778,sn,B/sn,Asiago Supernova Catalog,True,,13.899999618530273,
1994I,202.47529999999995,47.191805555555554,sn,B/sn,Asiago Supernova Catalog,True,,12.899999618530273,
1991D,205.30666666666664,-14.646388888888888,sn,B/sn,Asiago Supernova Catalog,True,,16.399999618530273,
2000fu,222.80279166666665,-20.43563888888889,sn,B/sn,Asiago Supernova Catalog,True,,16.5,
1997bm,173.23804166666665,50.245444444444445,sn,B/sn,Asiago Supernova Catalog,True,,18.0,
1986E,185.4217083333333,14.63195,sn,B/sn,Asiago Supernova Catalog,True,,14.199999809265137,
1996ck,192.14662499999997,-0.7675000000000001,sn,B/sn,Asiago Supernova Catalog,True,,23.079999923706055,
1998ex,115.42616666666665,64.73397222222222,sn,B/sn,Asiago Supernova Catalog,True,,18.5,
1962E,168.77304166666664,25.892138888888887,sn,B/sn,Asiago Supernova Catalog,True,,17.100000381469727,
2000ao,209.45749999999995,-0.018,sn,B/sn,Asiago Supernova Catalog,True,,20.399999618530273,
1997bx,186.29916666666662,0.08177777777777778,sn,B/sn,Asiago Supernova Catalog,True,,23.0,
1997ch,189.3705,62.11188888888889,sn,B/sn,Asiago Supernova Catalog,True,,23.5,
1998av,164.03325,-4.189055555555556,sn,B/sn,Asiago Supernova Catalog,True,,23.299999237060547,
1999el,309.3238333333333,66.10319444444444,sn,B/sn,Asiago Supernova Catalog,True,,14.899999618530273,
1990Q,230.38829166666662,-7.374086111111111,sn,B/sn,Asiago Supernova Catalog,True,,16.0,
1960R,186.35354166666664,18.15544444444444,sn,B/sn,Asiago Supernova Catalog,True,,11.600000381469727,
1989ae,33.67095833333333,43.35763888888889,sn,B/sn,Asiago Supernova Catalog,True,,19.0,
2001ai,205.41404166666663,55.668277777777774,sn,B/sn,Asiago Supernova Catalog,True,,17.600000381469727,
1998ez,59.387208333333334,-27.203777777777777,sn,B/sn,Asiago Supernova Catalog,True,,20.0,
1997cc,214.1399583333333,52.39380555555555,sn,B/sn,Asiago Supernova Catalog,True,,23.5,
1993G,172.13904166666663,58.55860277777777,sn,B/sn,Asiago Supernova Catalog,True,,16.600000381469727,
1997S,164.46495833333333,-3.763027777777778,sn,B/sn,Asiago Supernova Catalog,True,,23.030000686645508,
1960P,16.541833333333333,31.406555555555553,sn,B/sn,Asiago Supernova Catalog,True,,17.5,
1992bk,55.75791666666666,-53.632444444444445,sn,B/sn,Asiago Supernova Catalog,True,,18.06999969482422,
1998ao,151.81074999999998,-26.393083333333333,sn,B/sn,Asiago Supernova Catalog,True,,18.0,
2000dw,333.4544166666666,39.23752777777778,sn,B/sn,Asiago Supernova Catalog,True,,17.5,
2000O,182.81491666666665,17.892277777777778,sn,B/sn,Asiago Supernova Catalog,True,,17.100000381469727,
2000dn,346.2744166666666,-3.200277777777778,sn,B/sn,Asiago Supernova Catalog,True,,17.899999618530273,
1995T,336.80170833333324,-9.495666666666667,sn,B/sn,Asiago Supernova Catalog,True,,18.0,
1999ee,334.0416666666666,-36.84436111111111,sn,B/sn,Asiago Supernova Catalog,True,,14.930000305175781,
1979C,185.74429166666664,15.797705555555556,sn,B/sn,Asiago Supernova Catalog,True,,11.600000381469727,
1998ch,202.3054583333333,-29.29077777777778,sn,B/sn,Asiago Supernova Catalog,True,,20.299999237060547,
1999D,172.11825,58.56083333333333,sn,B/sn,Asiago Supernova Catalog,True,,15.600000381469727,
1998L,173.402625,4.584611111111111,sn,B/sn,Asiago Supernova Catalog,True,,23.600000381469727,
1994M,187.78587499999998,0.6055277777777778,sn,B/sn,Asiago Supernova Catalog,True,,16.309999465942383,
1959C,197.84924999999998,3.4105,sn,B/sn,Asiago Supernova Catalog,True,,14.079999923706055,
2001cl,335.6563333333333,-4.125222222222222,sn,B/sn,Asiago Supernova Catalog,True,,17.200000762939453,
1961N,354.6618333333333,27.009416666666667,sn,B/sn,Asiago Supernova Catalog,True,,16.799999237060547,
1999gq,188.4513333333333,15.180055555555555,sn,B/sn,Asiago Supernova Catalog,True,,14.5,
2001au,229.204875,-0.12961111111111112,sn,B/sn,Asiago Supernova Catalog,True,,18.600000381469727,
PKS,196.3876,-10.5554,blazar,III/157,Blazar catalog (III/157),True,,14.920000076293945,
Mrk 501,253.4676,39.7602,blazar,III/157,Blazar catalog (III/157),True,,13.800000190734863,
PG,213.4514,44.0039,blazar,III/157,Blazar catalog (III/157),True,,14.989999771118164,
3C 279,194.0465,-5.7893,blazar,III/157,Blazar catalog (III/157),True,,17.75,
3C 66A,35.665,43.0355,blazar,III/157,Blazar catalog (III/157),True,,15.5,
IIZw 136,323.1163,10.1385,blazar,III/157,Blazar catalog (III/157),True,,14.640000343322754,
4C 34.47,260.8367,34.2994,blazar,III/157,Blazar catalog (III/157),True,,16.5,
TON 153,199.9843,27.4689,blazar,III/157,Blazar catalog (III/157),True,,15.979999542236328,
Mrk 421,166.1138,38.2088,blazar,III/157,Blazar catalog (III/157),True,,13.5,
4C 29.45,179.8826,29.2455,blazar,III/157,Blazar catalog (III/157),True,,14.40999984741211,
TON 1542,188.015,20.1581,blazar,III/157,Blazar catalog (III/157),True,,15.300000190734863,
3C 371,271.7112,69.8245,blazar,III/157,Blazar catalog (III/157),True,,14.220000267028809,
Mrk 734,170.4463,11.7384,blazar,III/157,Blazar catalog (III/157),True,,14.930000305175781,
3C 232,149.5873,32.4006,blazar,III/157,Blazar catalog (III/157),True,,15.779999732971191,
HS,255.2517,64.2025,blazar,III/157,Blazar catalog (III/157),True,,16.1299991607666,
MR,343.5245,-17.582,blazar,III/157,Blazar catalog (III/157),True,,14.359999656677246,
B2,187.104,31.4771,blazar,III/157,Blazar catalog (III/157),True,,15.869999885559082,
BL Lac,330.6804,42.2778,blazar,III/157,Blazar catalog (III/157),True,,14.5,
IIZw 1,20.4993,-1.04,blazar,III/157,Blazar catalog (III/157),True,,15.170000076293945,
3C 351,256.1724,60.7418,blazar,III/157,Blazar catalog (III/157),True,,15.279999732971191,
3C 446,336.4469,-4.9504,blazar,III/157,Blazar catalog (III/157),True,,17.190000534057617,
NGC 1275,49.9507,41.5117,blazar,III/157,Blazar catalog (III/157),True,,12.479999542236328,
OJ 287,133.7036,20.1085,blazar,III/157,Blazar catalog (III/157),True,,14.0,
3C 273,187.2779,2.0524,blazar,III/157,Blazar catalog (III/157),True,,12.859999656677246,
3C 120,68.2962,5.3543,blazar,III/157,Blazar catalog (III/157),True,,15.050000190734863,
Mrk 205,185.4338,75.3106,blazar,III/157,Blazar catalog (III/157),True,,14.5,
Fairall 9,20.9417,-58.8066,blazar,III/157,Blazar catalog (III/157),True,,13.229999542236328,
3C 345,250.745,39.8103,blazar,III/157,Blazar catalog (III/157),True,,15.960000038146973,
TON 490,153.4726,24.8212,blazar,III/157,Blazar catalog (III/157),True,,15.399999618530273,
AKN 120,79.0478,-0.1502,blazar,III/157,Blazar catalog (III/157),True,,13.920000076293945,
IIIZw 2,2.6292,10.9749,blazar,III/157,Blazar catalog (III/157),True,,15.399999618530273,
Mrk 180,174.11,70.1576,blazar,III/157,Blazar catalog (III/157),True,,14.489999771118164,
Mrk 1383,217.2774,1.2851,blazar,III/157,Blazar catalog (III/157),True,,14.869999885559082,
3C 382.0,278.7641,32.6963,blazar,III/157,Blazar catalog (III/157),True,,15.390000343322754,
7017568540477440,45.86289947461,6.33059307011,star,2022A&A...667A.148G,Gaia DR3 variability,True,,14.513234,
7866077983944448,46.36034281474,8.04504144158,star,2022A&A...667A.148G,Gaia DR3 variability,True,,18.767101,
10035624879191040,52.31131411744,7.71765365745,star,2022A&A...667A.148G,Gaia DR3 variability,True,,20.438099,
11271506013429504,53.65193153413,7.4914358003,star,2022A&A...667A.148G,Gaia DR3 variability,True,,13.210085,
3555442647201408,47.49745785962,4.58884597783,star,2022A&A...667A.148G,Gaia DR3 variability,True,,20.033524,
11918706045404160,54.49820765326,8.99819412043,star,2022A&A...667A.148G,Gaia DR3 variability,True,,19.198288,
8797952743613440,43.95677198172,8.20529048913,star,2022A&A...667A.148G,Gaia DR3 variability,True,,12.723487,
6151771852919552,40.4717917897,5.49839448332,star,2022A&A...667A.148G,Gaia DR3 variability,True,,14.132654,
7451665179765376,46.33966441601,6.95026267061,star,2022A&A...667A.148G,Gaia DR3 variability,True,,17.891428,
10010439191442176,51.84595873315,7.38957516784,star,2022A&A...667A.148G,Gaia DR3 variability,True,,14.542308,
8902505132032384,45.37921725412,8.75925994531,star,2022A&A...667A.148G,Gaia DR3 variability,True,,20.030045,
10618228603355008,49.55156385764,7.86968053477,star,2022A&A...667A.148G,Gaia DR3 variability,True,,17.585302,
6513300724650880,41.89162619785,5.87189952932,star,2022A&A...667A.148G,Gaia DR3 variability,True,,20.316847,
5856445606238336,41.32452528137,4.83362023601,star,2022A&A...667A.148G,Gaia DR3 variability,True,,18.472733,
9159172377805696,51.6178583435,5.65342717703,star,2022A&A...667A.148G,Gaia DR3 variability,True,,18.767607,
8322340949965312,43.38746412551,7.3976266357,star,2022A&A...667A.148G,Gaia DR3 variability,True,,19.649118,
5054111356737024,41.97514315237,4.48398238521,star,2022A&A...667A.148G,Gaia DR3 variability,True,,19.931501,
3822937505992960,46.1773770334,5.10029826666,star,2022A&A...667A.148G,Gaia DR3 variability,True,,12.096909,
11997565941688192,55.565117871,9.5684509227,star,2022A&A...667A.148G,Gaia DR3 variability,True,,15.6,
7077144031287808,44.62994707,5.81575572601,star,2022A&A...667A.148G,Gaia DR3 variability,True,,18.803331,
9921756706043776,51.67046456424,7.44406695258,star,2022A&A...667A.148G,Gaia DR3 variability,True,,20.393581,
11346758135829376,53.22715540121,7.89886058141,star,2022A&A...667A.148G,Gaia DR3 variability,True,,10.399204,
12441214586847872,52.2704035099,9.00360665621,star,2022A&A...667A.148G,Gaia DR3 variability,True,,19.046831,
6258695063604736,42.42262337196,5.47865004968,star,2022A&A...667A.148G,Gaia DR3 variability,True,,17.8719,
7106010507061632,44.69205894565,6.21378055878,star,2022A&A...667A.148G,Gaia DR3 variability,True,,18.599672,
8314820462535424,43.84788245137,7.44187514637,star,2022A&A...667A.148G,Gaia DR3 variability,True,,18.686298,
7627655759471360,45.62385232696,6.95921516575,star,2022A&A...667A.148G,Gaia DR3 variability,True,,18.23207,
9792426651349120,52.67828108149,7.15064165523,star,2022A&A...667A.148G,Gaia DR3 variability,True,,14.481409,
6940838949258240,46.31154488238,5.90940139586,star,2022A&A...667A.148G,Gaia DR3 variability,True,,20.259329,
4613348927136384,42.24822031328,3.16958335672,star,2022A&A...667A.148G,Gaia DR3 variability,True,,16.08005,
8328117681250688,43.42433905866,7.53174104141,star,2022A&A...667A.148G,Gaia DR3 variability,True,,19.773027,
6062299094282624,40.97935487388,5.03429757226,star,2022A&A...667A.148G,Gaia DR3 variability,True,,18.904568,
13107003236999040,53.99038091094,10.41720818654,star,2022A&A...667A.148G,Gaia DR3 variability,True,,19.183882,
11434886569349888,54.13675791373,8.37747809895,star,2022A&A...667A.148G,Gaia DR3 variability,True,,19.81257,
4645750160709248,42.83664951333,3.05678874313,star,2022A&A...667A.148G,Gaia DR3 variability,True,,7.312264,
5920045482070528,40.23082000791,4.36717946432,star,2022A&A...667A.148G,Gaia DR3 variability,True,,20.06775,
6827348733385856,44.59629895067,5.17907800208,star,2022A&A...667A.148G,Gaia DR3 variability,True,,19.92794,
8261936529703936,42.63617016193,7.28979663935,star,2022A&A...667A.148G,Gaia DR3 variability,True,,20.228306,
10762260330928128,50.90618911966,7.91020835421,star,2022A&A...667A.148G,Gaia DR3 variability,True,,19.98358,
7388752498494208,46.06536140696,6.29654419366,star,2022A&A...667A.148G,Gaia DR3 variability,True,,18.101336,
8286538102441600,42.75014798185,7.39363695671,star,2022A&A...667A.148G,Gaia DR3 variability,True,,19.349138,
8781765011889024,44.60717052902,8.41792790119,star,2022A&A...667A.148G,Gaia DR3 variability,True,,20.541746,
4952372170242944,42.21952528874,3.91603245831,star,2022A&A...667A.148G,Gaia DR3 variability,True,,19.91301,
6802059965763456,45.60875813942,5.35864231487,star,2022A&A...667A.148G,Gaia DR3 variability,True,,20.435432,
3646014917806464,46.85407600465,5.02538373905,star,2022A&A...667A.148G,Gaia DR3 variability,True,,17.394726,
5928944654308352,39.87826331514,4.37121316115,star,2022A&A...667A.148G,Gaia DR3 variability,True,,20.591978,
5220790446842240,44.37609281991,4.4483115299,star,2022A&A...667A.148G,Gaia DR3 variability,True,,19.776625,
6766085319816704,45.19029852479,5.04973000752,star,2022A&A...667A.148G,Gaia DR3 variability,True,,20.525675,
13464726768753024,52.90598821861,11.44343373994,star,2022A&A...667A.148G,Gaia DR3 variability,True,,20.137323,
8011419677274240,43.40615777318,6.92653499898,star,2022A&A...667A.148G,Gaia DR3 variability,True,,20.08931,
3310492072379904,48.99851070822,5.23050112845,star,2022A&A...667A.148G,Gaia DR3 variability,True,,16.228146,
5190760035117568,43.45623974563,4.43733788502,star,2022A&A...667A.148G,Gaia DR3 variability,True,,20.395231,
8155597434951296,44.24522353616,7.5865648024,star,2022A&A...667A.148G,Gaia DR3 variability,True,,19.937046,
12315256082310144,54.57440789563,9.96991229411,star,2022A&A...667A.148G,Gaia DR3 variability,True,,19.144295,
3532799579575168,47.132870211,4.46314281413,star,2022A&A...667A.148G,Gaia DR3 variability,True,,20.059393,
6111399160366080,40.95509275998,5.41714851338,star,2022A&A...667A.148G,Gaia DR3 variability,True,,18.713345,
7939161147436672,43.75418852602,6.56779206121,star,2022A&A...667A.148G,Gaia DR3 variability,True,,18.928455,
6993551083342976,45.39047460864,6.04091176064,star,2022A&A...667A.148G,Gaia DR3 variability,True,,18.625568,
9517651823494656,50.07714102246,6.46106746881,star,2022A&A...667A.148G,Gaia DR3 variability,True,,15.031378,
5313600395193728,44.35487254192,4.85689164243,star,2022A&A...667A.148G,Gaia DR3 variability,True,,12.812732,
3885330495346688,46.15189571078,5.41722589827,star,2022A&A...667A.148G,Gaia DR3 variability,True,,16.76169,
6288970288166784,41.65436372536,5.49395018887,star,2022A&A...667A.148G,Gaia DR3 variability,True,,14.832695,
5714814765676928,40.51783236656,4.2089536232,star,2022A&A...667A.148G,Gaia DR3 variability,True,,20.323997,
8578802037330816,45.08189746647,8.20851576024,star,2022A&A...667A.148G,Gaia DR3 variability,True,,14.764163,
12428467123880448,52.4062460059,8.93749609487,star,2022A&A...667A.148G,Gaia DR3 variability,True,,18.868805,
000026.47+021359.2,0.110297,2.233126,normal_agn,2020ApJS..250....9L,SDSS DR16Q,True,,,1.357668
000012.59-014216.7,0.052493,-1.704643,normal_agn,2020ApJS..250....9L,SDSS DR16Q,True,,,2.386
000002.46+214939.3,0.010286,21.827593,normal_agn,2020ApJS..250....9L,SDSS DR16Q,True,,,2.105317
000000.66+145828.8,0.002756,14.974675,normal_agn,2020ApJS..250....9L,SDSS DR16Q,True,,,2.497
000026.31+242016.5,0.109649,24.337926,normal_agn,2020ApJS..250....9L,SDSS DR16Q,True,,,1.628226
000001.08+295225.0,0.004528,29.873618,normal_agn,2020ApJS..250....9L,SDSS DR16Q,True,,,1.495855
000023.94+083348.0,0.099774,8.563348,normal_agn,2020ApJS..250....9L,SDSS DR16Q,True,,,0.98076
000059.05+282233.0,0.246053,28.375839,normal_agn,2020ApJS..250....9L,SDSS DR16Q,True,,,0.985
000127.46+071911.5,0.364454,7.319876,normal_agn,2020ApJS..250....9L,SDSS DR16Q,True,,,2.8731
000036.73+044503.3,0.15307,4.750938,normal_agn,2020ApJS..250....9L,SDSS DR16Q,True,,,0.947442
000159.76+292622.0,0.499007,29.439468,normal_agn,2020ApJS..250....9L,SDSS DR16Q,True,,,1.975299
000014.74+003203.2,0.061434,0.534246,normal_agn,2020ApJS..250....9L,SDSS DR16Q,True,,,2.598
000159.89+222409.4,0.499547,22.402616,normal_agn,2020ApJS..250....9L,SDSS DR16Q,True,,,1.372067
000139.52+322953.1,0.414669,32.4981,normal_agn,2020ApJS..250....9L,SDSS DR16Q,True,,,1.089676
000005.39+212944.8,0.022476,21.495785,normal_agn,2020ApJS..250....9L,SDSS DR16Q,True,,,1.204955
000022.17+255005.3,0.092398,25.834825,normal_agn,2020ApJS..250....9L,SDSS DR16Q,True,,,1.38294
000204.72-001755.0,0.519667,-0.298611,normal_agn,2020ApJS..250....9L,SDSS DR16Q,True,,,1.267798
000151.24+084413.3,0.463532,8.737029,normal_agn,2020ApJS..250....9L,SDSS DR16Q,True,,,1.89
000008.03-002727.4,0.033461,-0.45763,normal_agn,2020ApJS..250....9L,SDSS DR16Q,True,,,2.181238
000057.15+150936.5,0.238158,15.160148,normal_agn,2020ApJS..250....9L,SDSS DR16Q,True,,,1.297
000052.48-022635.5,0.218667,-2.443202,normal_agn,2020ApJS..250....9L,SDSS DR16Q,True,,,0.802884
000124.72+334159.1,0.353006,33.699753,normal_agn,2020ApJS..250....9L,SDSS DR16Q,True,,,1.094168
000159.27+034352.9,0.496973,3.731381,normal_agn,2020ApJS..250....9L,SDSS DR16Q,True,,,0.85
000042.92+310715.3,0.17886,31.120944,normal_agn,2020ApJS..250....9L,SDSS DR16Q,True,,,1.619551
000123.61-032317.9,0.34839,-3.388329,normal_agn,2020ApJS..250....9L,SDSS DR16Q,True,,,3.121
000033.71+102012.0,0.140471,10.336684,normal_agn,2020ApJS..250....9L,SDSS DR16Q,True,,,1.038839
000202.62+085628.4,0.510943,8.941235,normal_agn,2020ApJS..250....9L,SDSS DR16Q,True,,,0.215246
000056.16+192036.9,0.234034,19.343593,normal_agn,2020ApJS..250....9L,SDSS DR16Q,True,,,1.221
000031.97+002249.9,0.13323,0.380531,normal_agn,2020ApJS..250....9L,SDSS DR16Q,True,,,1.156922
000017.38-085123.7,0.072423,-8.856608,normal_agn,2020ApJS..250....9L,SDSS DR16Q,True,,,1.25372
000034.80+210108.1,0.145024,21.018918,normal_agn,2020ApJS..250....9L,SDSS DR16Q,True,,,1.0188
000132.22+135258.3,0.384262,13.882887,normal_agn,2020ApJS..250....9L,SDSS DR16Q,True,,,2.885
000038.16+020144.5,0.159019,2.029049,normal_agn,2020ApJS..250....9L,SDSS DR16Q,True,,,0.98163
000203.62+183121.9,0.515092,18.522753,normal_agn,2020ApJS..250....9L,SDSS DR16Q,True,,,1.134564
000105.87+005341.7,0.274486,0.894933,normal_agn,2020ApJS..250....9L,SDSS DR16Q,True,,,1.506951
000200.32+204718.9,0.501347,20.7886,normal_agn,2020ApJS..250....9L,SDSS DR16Q,True,,,0.733455
000059.58+295642.5,0.248268,29.945145,normal_agn,2020ApJS..250....9L,SDSS DR16Q,True,,,3.252
000055.85+200708.9,0.232714,20.119151,normal_agn,2020ApJS..250....9L,SDSS DR16Q,True,,,1.274523
000203.11+315153.1,0.512959,31.864774,normal_agn,2020ApJS..250....9L,SDSS DR16Q,True,,,2.265
000057.67-085617.0,0.240324,-8.938062,normal_agn,2020ApJS..250....9L,SDSS DR16Q,True,,,1.096212
000000.57+055630.8,0.002375,5.941903,normal_agn,2020ApJS..250....9L,SDSS DR16Q,True,,,2.102771
000046.17+170047.0,0.19239,17.01307,normal_agn,2020ApJS..250....9L,SDSS DR16Q,True,,,0.801
000026.27+022140.8,0.109474,2.361353,normal_agn,2020ApJS..250....9L,SDSS DR16Q,True,,,0.77
000130.31+013749.2,0.376303,1.63034,normal_agn,2020ApJS..250....9L,SDSS DR16Q,True,,,1.164568
000202.42+330824.3,0.510118,33.140102,normal_agn,2020ApJS..250....9L,SDSS DR16Q,True,,,1.57
000139.32+331947.9,0.413862,33.329993,normal_agn,2020ApJS..250....9L,SDSS DR16Q,True,,,1.924306
000130.25+053321.5,0.376044,5.555976,normal_agn,2020ApJS..250....9L,SDSS DR16Q,True,,,2.057971
000015.56+194941.0,0.064849,19.82807,normal_agn,2020ApJS..250....9L,SDSS DR16Q,True,,,1.245175
000108.68+342549.2,0.286202,34.430337,normal_agn,2020ApJS..250....9L,SDSS DR16Q,True,,,2.235136
000116.51-031050.2,0.318829,-3.180623,normal_agn,2020ApJS..250....9L,SDSS DR16Q,True,,,1.100814
000130.57+130847.3,0.377384,13.146475,normal_agn,2020ApJS..250....9L,SDSS DR16Q,True,,,3.051
000028.24+184005.3,0.117668,18.66816,normal_agn,2020ApJS..250....9L,SDSS DR16Q,True,,,1.473829
000018.12+013637.1,0.075536,1.610323,normal_agn,2020ApJS..250....9L,SDSS DR16Q,True,,,2.4
000020.66+312202.7,0.086095,31.367437,normal_agn,2020ApJS..250....9L,SDSS DR16Q,True,,,2.95
000106.87+023845.9,0.278661,2.64611,normal_agn,2020ApJS..250....9L,SDSS DR16Q,True,,,1.76
000155.79+102106.7,0.482487,10.351878,normal_agn,2020ApJS..250....9L,SDSS DR16Q,True,,,1.519424
000003.87-024228.0,0.016165,-2.70779,normal_agn,2020ApJS..250....9L,SDSS DR16Q,True,,,1.781
000030.64-064100.0,0.127696,-6.683355,normal_agn,2020ApJS..250....9L,SDSS DR16Q,True,,,2.606
000045.05+011127.8,0.187711,1.19106,normal_agn,2020ApJS..250....9L,SDSS DR16Q,True,,,2.065385
000038.85+054847.7,0.161906,5.81327,normal_agn,2020ApJS..250....9L,SDSS DR16Q,True,,,1.308942
000206.48+284933.5,0.527003,28.825991,normal_agn,2020ApJS..250....9L,SDSS DR16Q,True,,,2.053
000200.07+291810.7,0.500312,29.302984,normal_agn,2020ApJS..250....9L,SDSS DR16Q,True,,,2.809
000107.94+064643.7,0.283084,6.778813,normal_agn,2020ApJS..250....9L,SDSS DR16Q,True,,,1.484934
000116.62+195153.3,0.319255,19.864815,normal_agn,2020ApJS..250....9L,SDSS DR16Q,True,,,1.075559
000048.01+333926.9,0.200054,33.657498,normal_agn,2020ApJS..250....9L,SDSS DR16Q,True,,,1.737
