source_id,match_id
SRC_000,W00000
SRC_001,W00001
SRC_002,W00002
SRC_003,W00003
SRC_004,W00004
SRC_005,W00005
SRC_006,W00006
SRC_007,W00007
SRC_008,W00008
SRC_009,W00009
SRC_010,W00010
SRC_011,W00011
SRC_012,W00012
SRC_013,W00013
SRC_014,W00014
SRC_015,W00015
SRC_016,W00016
SRC_017,W00017
SRC_018,W00018
SRC_019,W00019
SRC_020,W00020
SRC_021,W00021
SRC_022,W00022
SRC_023,W00023
SRC_024,W00024
SRC_025,W00025
SRC_026,W00026
SRC_027,W00027
SRC_028,W00028
SRC_029,W00029
SRC_030,W00030
SRC_031,W00031
SRC_032,W00032
SRC_033,W00033
SRC_034,W00034
SRC_035,W00035
SRC_036,W00036
SRC_037,W00037
SRC_038,W00038
SRC_039,W00039
SRC_040,W00040
SRC_041,W00041
SRC_042,W00042
SRC_043,W00043
SRC_044,W00044
SRC_045,
SRC_046,
SRC_047,
SRC_048,
SRC_049,
