source_id,ra,dec,redshift,spectral_state_1,spectral_state_2,epoch_1,epoch_2,class,label_source,label_method,independent_of_pipeline,confidence,g_mag,notes,mag,y_true,canonical_id,split,merge_match_key,score,status,rank,n_points_results,baseline_days_results,baseline_years_results,band_coverage_results,delta_mag_results,raw_points_total,kept_points_total,fraction_rejected_total,kept_points_w1,kept_points_w2,season_bins_w1,season_bins_w2,has_pre_gap,has_post_gap,has_both_sides,systematics_verdict,blazar_match,known_clagn_match,final_label,coordinate_source,is_top_clagn_candidate,card_path,figure_path,source_id_normalized,canonical_id_normalized,merge_matched,merge_timestamp_utc,merge_summary_sha256
SDSSJ123359.12+084211.5,188.49637,8.70323,0.2549999952316284,spec_epoch1,spec_epoch2,53474,57539,clagn,2019ApJ...874....8M,spectroscopic,True,gold,18.71500015258789,,,1,SDSSJ123359.12+084211.5,dev,,,,,,,,,,,,,,,,,,,,,,,,,,,,,,False,2026-02-27T17:37:54.760120+00:00,c2b163e7f0e7879bbbb22876ca024499ef8ffc1c2f0235e24310a19a0c128d92
SDSSJJ105058.42+241351.18,162.74344,24.23087,0.270000010728836,B,D,54068,58138,clagn,2022ApJ...933..180G,spectroscopic,True,gold,,,,1,SDSSJ105058.42+241351.18,dev,,,,,,,,,,,,,,,,,,,,,,,,,,,,,,False,2026-02-27T17:37:54.760120+00:00,c2b163e7f0e7879bbbb22876ca024499ef8ffc1c2f0235e24310a19a0c128d92
SDSSJJ105325.40+302419.34,163.35585,30.40536,0.248999997973442,B,D,53463,58141,clagn,2022ApJ...933..180G,spectroscopic,True,gold,,,,1,SDSSJ105325.40+302419.34,test,,,,,,,,,,,,,,,,,,,,,,,,,,,,,,False,2026-02-27T17:37:54.760120+00:00,c2b163e7f0e7879bbbb22876ca024499ef8ffc1c2f0235e24310a19a0c128d92
SDSSJJ082323.88+422048.2,125.84955,42.346741,0.15153989,spec_epoch1,spec_epoch2,52266,54524,clagn,2024ApJS..272...13S,spectroscopic,True,gold,2.0,,,1,SDSSJ082323.88+422048.2,dev,,,,,,,,,,,,,,,,,,,,,,,,,,,,,,False,2026-02-27T17:37:54.760120+00:00,c2b163e7f0e7879bbbb22876ca024499ef8ffc1c2f0235e24310a19a0c128d92
SDSSJJ114408.90+424357.5,176.03712,42.732643,0.27236447,spec_epoch1,spec_epoch2,53062,57732,clagn,2024ApJS..272...13S,spectroscopic,True,gold,3.0,,,1,SDSSJ114408.90+424357.5,dev,,,,,,,,,,,,,,,,,,,,,,,,,,,,,,False,2026-02-27T17:37:54.760120+00:00,c2b163e7f0e7879bbbb22876ca024499ef8ffc1c2f0235e24310a19a0c128d92
SDSSJJ230614.18-010024.45,346.55909,-1.0068,0.2669999897480011,D,B,51811,58022,clagn,2022ApJ...933..180G,spectroscopic,True,gold,,,,1,SDSSJ230614.18-010024.45,dev,,,,,,,,,,,,,,,,,,,,,,,,,,,,,,False,2026-02-27T17:37:54.760120+00:00,c2b163e7f0e7879bbbb22876ca024499ef8ffc1c2f0235e24310a19a0c128d92
SDSSJJ080138.67+423354.1,120.41114,42.565039,0.77132714,spec_epoch1,spec_epoch2,55178,57073,clagn,2024ApJS..272...13S,spectroscopic,True,gold,2.0,,,1,SDSSJ080138.67+423354.1,test,,,,,,,,,,,,,,,,,,,,,,,,,,,,,,False,2026-02-27T17:37:54.760120+00:00,c2b163e7f0e7879bbbb22876ca024499ef8ffc1c2f0235e24310a19a0c128d92
SDSSJ141213.61+021202.1,213.05675,2.2006,0.2949999868869781,spec_epoch1,spec_epoch2,51993,57818,clagn,2019ApJ...874....8M,spectroscopic,True,gold,18.229000091552734,,,1,SDSSJ141213.61+021202.1,dev,,,,,,,,,,,,,,,,,,,,,,,,,,,,,,False,2026-02-27T17:37:54.760120+00:00,c2b163e7f0e7879bbbb22876ca024499ef8ffc1c2f0235e24310a19a0c128d92
SDSSJ153734.06+461358.9,234.39195,46.23301,0.3779999911785126,spec_epoch1,spec_epoch2,52781,57819,clagn,2019ApJ...874....8M,spectroscopic,True,gold,19.474000930786133,,,1,SDSSJ153734.06+461358.9,dev,,,,,,,,,,,,,,,,,,,,,,,,,,,,,,False,2026-02-27T17:37:54.760120+00:00,c2b163e7f0e7879bbbb22876ca024499ef8ffc1c2f0235e24310a19a0c128d92
SDSSJ153612.80+034245.7,234.05335,3.71272,0.3650000095367431,spec_epoch1,spec_epoch2,52026,57835,clagn,2019ApJ...874....8M,spectroscopic,True,gold,18.41699981689453,,,1,SDSSJ153612.80+034245.7,dev,,,,,,,,,,,,,,,,,,,,,,,,,,,,,,False,2026-02-27T17:37:54.760120+00:00,c2b163e7f0e7879bbbb22876ca024499ef8ffc1c2f0235e24310a19a0c128d92
SDSSJJ141324.27+530527.0,213.35116,53.09084,0.4562511,spec_epoch1,spec_epoch2,52762,58289,clagn,2024ApJS..272...13S,spectroscopic,True,gold,72.0,,,1,SDSSJ141324.27+530527.0,dev,,,,,,,,,,,,,,,,,,,,,,,,,,,,,,False,2026-02-27T17:37:54.760120+00:00,c2b163e7f0e7879bbbb22876ca024499ef8ffc1c2f0235e24310a19a0c128d92
SDSSJJ081425.89+294115.6,123.60791,29.687681,0.3739141,spec_epoch1,spec_epoch2,52618,58133,clagn,2024ApJS..272...13S,spectroscopic,True,gold,3.0,,,1,SDSSJ081425.89+294115.6,dev,,,,,,,,,,,,,,,,,,,,,,,,,,,,,,False,2026-02-27T17:37:54.760120+00:00,c2b163e7f0e7879bbbb22876ca024499ef8ffc1c2f0235e24310a19a0c128d92
SDSSJJ101322.43+214021.74,153.3435,21.67271,0.6399999856948853,B,D,56274,57815,clagn,2022ApJ...933..180G,spectroscopic,True,gold,,,,1,SDSSJ101322.43+214021.74,dev,,,,,,,,,,,,,,,,,,,,,,,,,,,,,,False,2026-02-27T17:37:54.760120+00:00,c2b163e7f0e7879bbbb22876ca024499ef8ffc1c2f0235e24310a19a0c128d92
NGC 5273,205.471,35.65800094604492,0.0038999998942017,1.9,,1984-02-13,2022-08-24,clagn,1995ApJS...98..477H,spectroscopic,True,gold,,,,1,NGC 5273,dev,,,,,,,,,,,,,,,,,,,,,,,,,,,,,,False,2026-02-27T17:37:54.760120+00:00,c2b163e7f0e7879bbbb22876ca024499ef8ffc1c2f0235e24310a19a0c128d92
SDSSJJ091407.16+243633.08,138.52984,24.60919,0.6809999942779541,B,D,56009,58137,clagn,2022ApJ...933..180G,spectroscopic,True,gold,,,,1,SDSSJ091407.16+243633.08,dev,,,,,,,,,,,,,,,,,,,,,,,,,,,,,,False,2026-02-27T17:37:54.760120+00:00,c2b163e7f0e7879bbbb22876ca024499ef8ffc1c2f0235e24310a19a0c128d92
SDSSJJ015653.16-004623.28,29.22154,-0.77314,0.6150000095367432,B,D,55182,58080,clagn,2022ApJ...933..180G,spectroscopic,True,gold,,,,1,SDSSJ015653.16-004623.28,dev,,,,,,,,,,,,,,,,,,,,,,,,,,,,,,False,2026-02-27T17:37:54.760120+00:00,c2b163e7f0e7879bbbb22876ca024499ef8ffc1c2f0235e24310a19a0c128d92
SDSSJJ143040.58+364903.90,217.6691,36.81775,0.5699999928474426,D,B,53089,58242,clagn,2022ApJ...933..180G,spectroscopic,True,gold,,,,1,SDSSJ143040.58+364903.90,dev,,,,,,,,,,,,,,,,,,,,,,,,,,,,,,False,2026-02-27T17:37:54.760120+00:00,c2b163e7f0e7879bbbb22876ca024499ef8ffc1c2f0235e24310a19a0c128d92
SDSSJJ015726.00-000602.15,29.35835,-0.10057,0.8019999861717224,B,D,55449,58103,clagn,2022ApJ...933..180G,spectroscopic,True,gold,,,,1,SDSSJ015726.00-000602.15,dev,,,,,,,,,,,,,,,,,,,,,,,,,,,,,,False,2026-02-27T17:37:54.760120+00:00,c2b163e7f0e7879bbbb22876ca024499ef8ffc1c2f0235e24310a19a0c128d92
SDSSJJ082942.66+415436.8,127.42778,41.910244,0.12638536,spec_epoch1,spec_epoch2,52266,54524,clagn,2024ApJS..272...13S,spectroscopic,True,gold,2.0,,,1,SDSSJ082942.66+415436.8,test,,,,,,,,,,,,,,,,,,,,,,,,,,,,,,False,2026-02-27T17:37:54.760120+00:00,c2b163e7f0e7879bbbb22876ca024499ef8ffc1c2f0235e24310a19a0c128d92
SDSSJJ005813.68+001409.09,14.55703,0.23586,0.6790000200271606,B,D,57360,58097,clagn,2022ApJ...933..180G,spectroscopic,True,gold,,,,1,SDSSJ005813.68+001409.09,test,,,,,,,,,,,,,,,,,,,,,,,,,,,,,,False,2026-02-27T17:37:54.760120+00:00,c2b163e7f0e7879bbbb22876ca024499ef8ffc1c2f0235e24310a19a0c128d92
SDSSJJ113706.93+481943.68,174.27889,48.32879,0.2199999988079071,B,D,53054,57162,clagn,2022ApJ...933..180G,spectroscopic,True,gold,,,,1,SDSSJ113706.93+481943.68,dev,,,,,,,,,,,,,,,,,,,,,,,,,,,,,,False,2026-02-27T17:37:54.760120+00:00,c2b163e7f0e7879bbbb22876ca024499ef8ffc1c2f0235e24310a19a0c128d92
SDSSJJ233602.98+001728.7,354.01245,0.2913413,0.24282964,spec_epoch1,spec_epoch2,51783,55449,clagn,2024ApJS..272...13S,spectroscopic,True,gold,5.0,,,1,SDSSJ233602.98+001728.7,dev,,,,,,,,,,,,,,,,,,,,,,,,,,,,,,False,2026-02-27T17:37:54.760120+00:00,c2b163e7f0e7879bbbb22876ca024499ef8ffc1c2f0235e24310a19a0c128d92
NGC 7603,349.738,-0.2440000027418136,0.0289999991655349,1.0,1.0,1974-11-06,2019-07-20,clagn,1976ApJ...210L.117T,spectroscopic,True,gold,,,,1,NGC 7603,dev,,,,,,,,,,,,,,,,,,,,,,,,,,,,,,False,2026-02-27T17:37:54.760120+00:00,c2b163e7f0e7879bbbb22876ca024499ef8ffc1c2f0235e24310a19a0c128d92
NGC 5548,214.5,25.135000228881836,0.0170000009238719,,,1978-06-11,2021-07-20,clagn,1980ApJ...245..377M,spectroscopic,True,gold,,,,1,NGC 5548,dev,,,,,,,,,,,,,,,,,,,,,,,,,,,,,,False,2026-02-27T17:37:54.760120+00:00,c2b163e7f0e7879bbbb22876ca024499ef8ffc1c2f0235e24310a19a0c128d92
SDSSJJ093812.27+074340.0,144.5511,7.7277918,0.02196387,spec_epoch1,spec_epoch2,52733,54804,clagn,2024ApJS..272...13S,spectroscopic,True,gold,2.0,,,1,SDSSJ093812.27+074340.0,dev,,,,,,,,,,,,,,,,,,,,,,,,,,,,,,False,2026-02-27T17:37:54.760120+00:00,c2b163e7f0e7879bbbb22876ca024499ef8ffc1c2f0235e24310a19a0c128d92
NGC 7582,349.598,-42.369998931884766,0.0052000000141561,,2.0,1977-01-01,2016-07-27,clagn,1981ApJ...246L..11M,spectroscopic,True,gold,,,,1,NGC 7582,test,,,,,,,,,,,,,,,,,,,,,,,,,,,,,,False,2026-02-27T17:37:54.760120+00:00,c2b163e7f0e7879bbbb22876ca024499ef8ffc1c2f0235e24310a19a0c128d92
NGC 3516,166.698,72.56900024414062,0.0087999999523162,,1.0,1985-12-06,2020-06-22,clagn,1991ApJ...383..574G,spectroscopic,True,gold,,,,1,NGC 3516,dev,,,,,,,,,,,,,,,,,,,,,,,,,,,,,,False,2026-02-27T17:37:54.760120+00:00,c2b163e7f0e7879bbbb22876ca024499ef8ffc1c2f0235e24310a19a0c128d92
SDSSJ161711.42+063833.4,244.2976,6.64262,0.2290000021457672,spec_epoch1,spec_epoch2,53501,57596,clagn,2019ApJ...874....8M,spectroscopic,True,gold,16.988000869750977,,,1,SDSSJ161711.42+063833.4,dev,,,,,,,,,,,,,,,,,,,,,,,,,,,,,,False,2026-02-27T17:37:54.760120+00:00,c2b163e7f0e7879bbbb22876ca024499ef8ffc1c2f0235e24310a19a0c128d92
NGC 1566,65.002,-54.9379997253418,0.0051000001840293,,,1979-08-09,2019-09-26,clagn,1987AJ.....93.1484M,spectroscopic,True,gold,,,,1,NGC 1566,dev,,,,,,,,,,,,,,,,,,,,,,,,,,,,,,False,2026-02-27T17:37:54.760120+00:00,c2b163e7f0e7879bbbb22876ca024499ef8ffc1c2f0235e24310a19a0c128d92
SDSSJ161407.07+513354.5,243.5295,51.56516,0.3479999899864197,spec_epoch1,spec_epoch2,52051,57894,clagn,2019ApJ...874....8M,spectroscopic,True,gold,19.238000869750977,,,1,SDSSJ161407.07+513354.5,dev,,,,,,,,,,,,,,,,,,,,,,,,,,,,,,False,2026-02-27T17:37:54.760120+00:00,c2b163e7f0e7879bbbb22876ca024499ef8ffc1c2f0235e24310a19a0c128d92
SDSSJJ020222.00+010557.11,30.59169,1.09919,0.5019999742507935,B,D,51871,58079,clagn,2022ApJ...933..180G,spectroscopic,True,gold,,,,1,SDSSJ020222.00+010557.11,dev,,,,,,,,,,,,,,,,,,,,,,,,,,,,,,False,2026-02-27T17:37:54.760120+00:00,c2b163e7f0e7879bbbb22876ca024499ef8ffc1c2f0235e24310a19a0c128d92
SDSSJ074511.98+380911.3,116.29994,38.15314,0.2370000034570694,spec_epoch1,spec_epoch2,51873,58081,clagn,2019ApJ...874....8M,spectroscopic,True,gold,18.714000701904297,,,1,SDSSJ074511.98+380911.3,test,,,,,,,,,,,,,,,,,,,,,,,,,,,,,,False,2026-02-27T17:37:54.760120+00:00,c2b163e7f0e7879bbbb22876ca024499ef8ffc1c2f0235e24310a19a0c128d92
SDSSJJ025410.08+034911.9,43.542023,3.8200029,0.774285,spec_epoch1,spec_epoch2,55477,58029,clagn,2024ApJS..272...13S,spectroscopic,True,gold,3.0,,,1,SDSSJ025410.08+034911.9,test,,,,,,,,,,,,,,,,,,,,,,,,,,,,,,False,2026-02-27T17:37:54.760120+00:00,c2b163e7f0e7879bbbb22876ca024499ef8ffc1c2f0235e24310a19a0c128d92
SDSSJJ222132.41-010928.70,335.38507,-1.15797,0.2879999876022339,D,B,52140,58013,clagn,2022ApJ...933..180G,spectroscopic,True,gold,,,,1,SDSSJ222132.41-010928.70,dev,,,,,,,,,,,,,,,,,,,,,,,,,,,,,,False,2026-02-27T17:37:54.760120+00:00,c2b163e7f0e7879bbbb22876ca024499ef8ffc1c2f0235e24310a19a0c128d92
SDSSJ210200.42+000501.8,315.50177,0.08385,0.3289999961853027,spec_epoch1,spec_epoch2,52431,57989,clagn,2019ApJ...874....8M,spectroscopic,True,gold,19.038999557495117,,,1,SDSSJ210200.42+000501.8,dev,,,,,,,,,,,,,,,,,,,,,,,,,,,,,,False,2026-02-27T17:37:54.760120+00:00,c2b163e7f0e7879bbbb22876ca024499ef8ffc1c2f0235e24310a19a0c128d92
SDSSJ115355.88+112554.2,178.48286,11.43171,0.3100000023841858,spec_epoch1,spec_epoch2,53142,54948,clagn,2019ApJ...874....8M,spectroscopic,True,gold,18.895000457763672,,,1,SDSSJ115355.88+112554.2,dev,,,,,,,,,,,,,,,,,,,,,,,,,,,,,,False,2026-02-27T17:37:54.760120+00:00,c2b163e7f0e7879bbbb22876ca024499ef8ffc1c2f0235e24310a19a0c128d92
SDSSJJ215130.35+003522.26,327.8765,0.5895,0.3400000035762787,D,B,55479,58699,clagn,2022ApJ...933..180G,spectroscopic,True,gold,,,,1,SDSSJ215130.35+003522.26,dev,,,,,,,,,,,,,,,,,,,,,,,,,,,,,,False,2026-02-27T17:37:54.760120+00:00,c2b163e7f0e7879bbbb22876ca024499ef8ffc1c2f0235e24310a19a0c128d92
SDSSJJ090258.39+252915.15,135.74328,25.48757,0.2639999985694885,B,D,53401,58133,clagn,2022ApJ...933..180G,spectroscopic,True,gold,,,,1,SDSSJ090258.39+252915.15,dev,,,,,,,,,,,,,,,,,,,,,,,,,,,,,,False,2026-02-27T17:37:54.760120+00:00,c2b163e7f0e7879bbbb22876ca024499ef8ffc1c2f0235e24310a19a0c128d92
HE 1136-2304,174.701,-23.349000930786133,0.0270000007003545,,,1990-01-01,2015-07-14,clagn,2025A&A...693A..35J,spectroscopic,True,gold,,,,1,HE 1136-2304,dev,,,,,,,,,,,,,,,,,,,,,,,,,,,,,,False,2026-02-27T17:37:54.760120+00:00,c2b163e7f0e7879bbbb22876ca024499ef8ffc1c2f0235e24310a19a0c128d92
SDSSJ102152.34+464515.6,155.46813,46.75436,0.2039999961853027,spec_epoch1,spec_epoch2,52614,56769,clagn,2019ApJ...874....8M,spectroscopic,True,gold,18.163999557495117,,,1,SDSSJ102152.34+464515.6,test,,,,,,,,,,,,,,,,,,,,,,,,,,,,,,False,2026-02-27T17:37:54.760120+00:00,c2b163e7f0e7879bbbb22876ca024499ef8ffc1c2f0235e24310a19a0c128d92
SDSSJ160111.26+474509.6,240.2969,47.75267,0.296999990940094,spec_epoch1,spec_epoch2,52354,57895,clagn,2019ApJ...874....8M,spectroscopic,True,gold,19.285999298095703,,,1,SDSSJ160111.26+474509.6,test,,,,,,,,,,,,,,,,,,,,,,,,,,,,,,False,2026-02-27T17:37:54.760120+00:00,c2b163e7f0e7879bbbb22876ca024499ef8ffc1c2f0235e24310a19a0c128d92
SDSSJ231742.68+011425.2,349.42787,1.24034,0.5180000066757202,spec_epoch1,spec_epoch2,52177,57726,clagn,2019ApJ...874....8M,spectroscopic,True,gold,19.354000091552734,,,1,SDSSJ231742.68+011425.2,dev,,,,,,,,,,,,,,,,,,,,,,,,,,,,,,False,2026-02-27T17:37:54.760120+00:00,c2b163e7f0e7879bbbb22876ca024499ef8ffc1c2f0235e24310a19a0c128d92
SDSSJJ081319.34+460849.5,123.33056,46.147156,0.05370571,spec_epoch1,spec_epoch2,51877,56331,clagn,2024ApJS..272...13S,spectroscopic,True,gold,2.0,,,1,SDSSJ081319.34+460849.5,dev,,,,,,,,,,,,,,,,,,,,,,,,,,,,,,False,2026-02-27T17:37:54.760120+00:00,c2b163e7f0e7879bbbb22876ca024499ef8ffc1c2f0235e24310a19a0c128d92
SDSSJJ094443.08+580953.2,146.17954,58.164769,0.5631062,spec_epoch1,spec_epoch2,51915,57390,clagn,2024ApJS..272...13S,spectroscopic,True,gold,2.0,,,1,SDSSJ094443.08+580953.2,dev,,,,,,,,,,,,,,,,,,,,,,,,,,,,,,False,2026-02-27T17:37:54.760120+00:00,c2b163e7f0e7879bbbb22876ca024499ef8ffc1c2f0235e24310a19a0c128d92
SDSSJJ012256.19-000252.68,20.73413,-0.04798,0.3409999907016754,D,B,51817,58113,clagn,2022ApJ...933..180G,spectroscopic,True,gold,,,,1,SDSSJ012256.19-000252.68,dev,,,,,,,,,,,,,,,,,,,,,,,,,,,,,,False,2026-02-27T17:37:54.760120+00:00,c2b163e7f0e7879bbbb22876ca024499ef8ffc1c2f0235e24310a19a0c128d92
SDSSJJ100256.22+475027.7,150.73428,47.841031,0.39082366,spec_epoch1,spec_epoch2,52339,56338,clagn,2024ApJS..272...13S,spectroscopic,True,gold,2.0,,,1,SDSSJ100256.22+475027.7,dev,,,,,,,,,,,,,,,,,,,,,,,,,,,,,,False,2026-02-27T17:37:54.760120+00:00,c2b163e7f0e7879bbbb22876ca024499ef8ffc1c2f0235e24310a19a0c128d92
SDSSJJ110501.26+562724.5,166.25525,56.456826,0.23817205,spec_epoch1,spec_epoch2,52373,57374,clagn,2024ApJS..272...13S,spectroscopic,True,gold,2.0,,,1,SDSSJ110501.26+562724.5,dev,,,,,,,,,,,,,,,,,,,,,,,,,,,,,,False,2026-02-27T17:37:54.760120+00:00,c2b163e7f0e7879bbbb22876ca024499ef8ffc1c2f0235e24310a19a0c128d92
SDSSJJ120442.10+275411.8,181.17545,27.903284,0.16459495,spec_epoch1,spec_epoch2,53819,56337,clagn,2024ApJS..272...13S,spectroscopic,True,gold,2.0,,,1,SDSSJ120442.10+275411.8,dev,,,,,,,,,,,,,,,,,,,,,,,,,,,,,,False,2026-02-27T17:37:54.760120+00:00,c2b163e7f0e7879bbbb22876ca024499ef8ffc1c2f0235e24310a19a0c128d92
SDSSJJ124946.13+365204.21,192.44226,36.86784,0.5950000286102295,B,D,53772,57781,clagn,2022ApJ...933..180G,spectroscopic,True,gold,,,,1,SDSSJ124946.13+365204.21,dev,,,,,,,,,,,,,,,,,,,,,,,,,,,,,,False,2026-02-27T17:37:54.760120+00:00,c2b163e7f0e7879bbbb22876ca024499ef8ffc1c2f0235e24310a19a0c128d92
SDSSJJ022930.91-000845.37,37.37882,-0.14596,0.609000027179718,B,D,52200,58072,clagn,2022ApJ...933..180G,spectroscopic,True,gold,,,,1,SDSSJ022930.91-000845.37,test,,,,,,,,,,,,,,,,,,,,,,,,,,,,,,False,2026-02-27T17:37:54.760120+00:00,c2b163e7f0e7879bbbb22876ca024499ef8ffc1c2f0235e24310a19a0c128d92
1995bc,147.93124999999998,40.314055555555555,,,,,,sn,B/sn,Asiago Supernova Catalog,True,,,,18.5,0,1995bc,dev,,,,,,,,,,,,,,,,,,,,,,,,,,,,,,False,2026-02-27T17:37:54.760120+00:00,c2b163e7f0e7879bbbb22876ca024499ef8ffc1c2f0235e24310a19a0c128d92
2000em,8.87425,-2.657611111111111,,,,,,sn,B/sn,Asiago Supernova Catalog,True,,,,18.299999237060547,0,2000em,test,,,,,,,,,,,,,,,,,,,,,,,,,,,,,,False,2026-02-27T17:37:54.760120+00:00,c2b163e7f0e7879bbbb22876ca024499ef8ffc1c2f0235e24310a19a0c128d92
1994G,154.86116666666663,50.872055555555555,,,,,,sn,B/sn,Asiago Supernova Catalog,True,,,,21.520000457763672,0,1994G,dev,,,,,,,,,,,,,,,,,,,,,,,,,,,,,,False,2026-02-27T17:37:54.760120+00:00,c2b163e7f0e7879bbbb22876ca024499ef8ffc1c2f0235e24310a19a0c128d92
1999ec,94.06741666666665,-21.36947222222222,,,,,,sn,B/sn,Asiago Supernova Catalog,True,,,,17.899999618530273,0,1999ec,dev,,,,,,,,,,,,,,,,,,,,,,,,,,,,,,False,2026-02-27T17:37:54.760120+00:00,c2b163e7f0e7879bbbb22876ca024499ef8ffc1c2f0235e24310a19a0c128d92
1999dp,67.31941666666665,69.5335,,,,,,sn,B/sn,Asiago Supernova Catalog,True,,,,18.200000762939453,0,1999dp,dev,,,,,,,,,,,,,,,,,,,,,,,,,,,,,,False,2026-02-27T17:37:54.760120+00:00,c2b163e7f0e7879bbbb22876ca024499ef8ffc1c2f0235e24310a19a0c128d92
1997Q,164.2145,-3.976916666666667,,,,,,sn,B/sn,Asiago Supernova Catalog,True,,,,22.010000228881836,0,1997Q,dev,,,,,,,,,,,,,,,,,,,,,,,,,,,,,,False,2026-02-27T17:37:54.760120+00:00,c2b163e7f0e7879bbbb22876ca024499ef8ffc1c2f0235e24310a19a0c128d92
1988ai,1.5905833333333332,-41.48330555555556,,,,,,sn,B/sn,Asiago Supernova Catalog,True,,,,16.0,0,1988ai,dev,,,,,,,,,,,,,,,,,,,,,,,,,,,,,,False,2026-02-27T17:37:54.760120+00:00,c2b163e7f0e7879bbbb22876ca024499ef8ffc1c2f0235e24310a19a0c128d92
2000bk,188.47475,-7.378583333333333,,,,,,sn,B/sn,Asiago Supernova Catalog,True,,,,16.979999542236328,0,2000bk,dev,,,,,,,,,,,,,,,,,,,,,,,,,,,,,,False,2026-02-27T17:37:54.760120+00:00,c2b163e7f0e7879bbbb22876ca024499ef8ffc1c2f0235e24310a19a0c128d92
2000bt,154.07524999999998,-5.746472222222223,,,,,,sn,B/sn,Asiago Supernova Catalog,True,,,,19.600000381469727,0,2000bt,dev,,,,,,,,,,,,,,,,,,,,,,,,,,,,,,False,2026-02-27T17:37:54.760120+00:00,c2b163e7f0e7879bbbb22876ca024499ef8ffc1c2f0235e24310a19a0c128d92
1998dx,272.7995416666666,49.86130555555556,,,,,,sn,B/sn,Asiago Supernova Catalog,True,,,,17.709999084472656,0,1998dx,dev,,,,,,,,,,,,,,,,,,,,,,,,,,,,,,False,2026-02-27T17:37:54.760120+00:00,c2b163e7f0e7879bbbb22876ca024499ef8ffc1c2f0235e24310a19a0c128d92
1999gd,129.60254166666664,25.759194444444443,,,,,,sn,B/sn,Asiago Supernova Catalog,True,,,,17.020000457763672,0,1999gd,dev,,,,,,,,,,,,,,,,,,,,,,,,,,,,,,False,2026-02-27T17:37:54.760120+00:00,c2b163e7f0e7879bbbb22876ca024499ef8ffc1c2f0235e24310a19a0c128d92
1997K,118.72954166666663,4.317027777777778,,,,,,sn,B/sn,Asiago Supernova Catalog,True,,,,23.729999542236328,0,1997K,dev,,,,,,,,,,,,,,,,,,,,,,,,,,,,,,False,2026-02-27T17:37:54.760120+00:00,c2b163e7f0e7879bbbb22876ca024499ef8ffc1c2f0235e24310a19a0c128d92
1999eo,40.05499999999999,4.914805555555556,,,,,,sn,B/sn,Asiago Supernova Catalog,True,,,,19.600000381469727,0,1999eo,dev,,,,,,,,,,,,,,,,,,,,,,,,,,,,,,False,2026-02-27T17:37:54.760120+00:00,c2b163e7f0e7879bbbb22876ca024499ef8ffc1c2f0235e24310a19a0c128d92
1996bn,93.95408333333332,64.42911111111111,,,,,,sn,B/sn,Asiago Supernova Catalog,True,,,,18.0,0,1996bn,dev,,,,,,,,,,,,,,,,,,,,,,,,,,,,,,False,2026-02-27T17:37:54.760120+00:00,c2b163e7f0e7879bbbb22876ca024499ef8ffc1c2f0235e24310a19a0c128d92
1998az,164.34075,-3.4230555555555555,,,,,,sn,B/sn,Asiago Supernova Catalog,True,,,,22.700000762939453,0,1998az,test,,,,,,,,,,,,,,,,,,,,,,,,,,,,,,False,2026-02-27T17:37:54.760120+00:00,c2b163e7f0e7879bbbb22876ca024499ef8ffc1c2f0235e24310a19a0c128d92
1999do,343.3744583333333,31.64525,,,,,,sn,B/sn,Asiago Supernova Catalog,True,,,,18.0,0,1999do,dev,,,,,,,,,,,,,,,,,,,,,,,,,,,,,,False,2026-02-27T17:37:54.760120+00:00,c2b163e7f0e7879bbbb22876ca024499ef8ffc1c2f0235e24310a19a0c128d92
1984L,38.87716666666667,-7.158463888888889,,,,,,sn,B/sn,Asiago Supernova Catalog,True,,,,14.0,0,1984L,dev,,,,,,,,,,,,,,,,,,,,,,,,,,,,,,False,2026-02-27T17:37:54.760120+00:00,c2b163e7f0e7879bbbb22876ca024499ef8ffc1c2f0235e24310a19a0c128d92
1999dz,24.263499999999997,0.03275,,,,,,sn,B/sn,Asiago Supernova Catalog,True,,,,23.399999618530273,0,1999dz,dev,,,,,,,,,,,,,,,,,,,,,,,,,,,,,,False,2026-02-27T17:37:54.760120+00:00,c2b163e7f0e7879bbbb22876ca024499ef8ffc1c2f0235e24310a19a0c128d92
1999H,151.76274999999998,-5.924055555555556,,,,,,sn,B/sn,Asiago Supernova Catalog,True,,,,20.600000381469727,0,1999H,dev,,,,,,,,,,,,,,,,,,,,,,,,,,,,,,False,2026-02-27T17:37:54.760120+00:00,c2b163e7f0e7879bbbb22876ca024499ef8ffc1c2f0235e24310a19a0c128d92
1961Q,21.6725,2.0255277777777776,,,,,,sn,B/sn,Asiago Supernova Catalog,True,,,,17.200000762939453,0,1961Q,dev,,,,,,,,,,,,,,,,,,,,,,,,,,,,,,False,2026-02-27T17:37:54.760120+00:00,c2b163e7f0e7879bbbb22876ca024499ef8ffc1c2f0235e24310a19a0c128d92
1999dt,11.426208333333332,0.0561666666666666,,,,,,sn,B/sn,Asiago Supernova Catalog,True,,,,23.5,0,1999dt,test,,,,,,,,,,,,,,,,,,,,,,,,,,,,,,False,2026-02-27T17:37:54.760120+00:00,c2b163e7f0e7879bbbb22876ca024499ef8ffc1c2f0235e24310a19a0c128d92
1995I,200.249375,3.5989444444444447,,,,,,sn,B/sn,Asiago Supernova Catalog,True,,,,19.5,0,1995I,test,,,,,,,,,,,,,,,,,,,,,,,,,,,,,,False,2026-02-27T17:37:54.760120+00:00,c2b163e7f0e7879bbbb22876ca024499ef8ffc1c2f0235e24310a19a0c128d92
1997bt,166.56291666666664,-11.60686111111111,,,,,,sn,B/sn,Asiago Supernova Catalog,True,,,,19.5,0,1997bt,dev,,,,,,,,,,,,,,,,,,,,,,,,,,,,,,False,2026-02-27T17:37:54.760120+00:00,c2b163e7f0e7879bbbb22876ca024499ef8ffc1c2f0235e24310a19a0c128d92
1998dm,21.558208333333333,-6.103888888888888,,,,,,sn,B/sn,Asiago Supernova Catalog,True,,,,14.699999809265137,0,1998dm,dev,,,,,,,,,,,,,,,,,,,,,,,,,,,,,,False,2026-02-27T17:37:54.760120+00:00,c2b163e7f0e7879bbbb22876ca024499ef8ffc1c2f0235e24310a19a0c128d92
1987B,226.762375,1.503663888888889,,,,,,sn,B/sn,Asiago Supernova Catalog,True,,,,14.5,0,1987B,dev,,,,,,,,,,,,,,,,,,,,,,,,,,,,,,False,2026-02-27T17:37:54.760120+00:00,c2b163e7f0e7879bbbb22876ca024499ef8ffc1c2f0235e24310a19a0c128d92
1971G,183.05,13.237777777777778,,,,,,sn,B/sn,Asiago Supernova Catalog,True,,,,13.899999618530272,0,1971G,dev,,,,,,,,,,,,,,,,,,,,,,,,,,,,,,False,2026-02-27T17:37:54.760120+00:00,c2b163e7f0e7879bbbb22876ca024499ef8ffc1c2f0235e24310a19a0c128d92
1994I,202.47529999999995,47.191805555555554,,,,,,sn,B/sn,Asiago Supernova Catalog,True,,,,12.899999618530272,0,1994I,dev,,,,,,,,,,,,,,,,,,,,,,,,,,,,,,False,2026-02-27T17:37:54.760120+00:00,c2b163e7f0e7879bbbb22876ca024499ef8ffc1c2f0235e24310a19a0c128d92
1991D,205.30666666666664,-14.646388888888888,,,,,,sn,B/sn,Asiago Supernova Catalog,True,,,,16.399999618530273,0,1991D,dev,,,,,,,,,,,,,,,,,,,,,,,,,,,,,,False,2026-02-27T17:37:54.760120+00:00,c2b163e7f0e7879bbbb22876ca024499ef8ffc1c2f0235e24310a19a0c128d92
2000fu,222.80279166666665,-20.43563888888889,,,,,,sn,B/sn,Asiago Supernova Catalog,True,,,,16.5,0,2000fu,dev,,,,,,,,,,,,,,,,,,,,,,,,,,,,,,False,2026-02-27T17:37:54.760120+00:00,c2b163e7f0e7879bbbb22876ca024499ef8ffc1c2f0235e24310a19a0c128d92
1997bm,173.23804166666665,50.245444444444445,,,,,,sn,B/sn,Asiago Supernova Catalog,True,,,,18.0,0,1997bm,dev,,,,,,,,,,,,,,,,,,,,,,,,,,,,,,False,2026-02-27T17:37:54.760120+00:00,c2b163e7f0e7879bbbb22876ca024499ef8ffc1c2f0235e24310a19a0c128d92
1986E,185.4217083333333,14.63195,,,,,,sn,B/sn,Asiago Supernova Catalog,True,,,,14.199999809265137,0,1986E,dev,,,,,,,,,,,,,,,,,,,,,,,,,,,,,,False,2026-02-27T17:37:54.760120+00:00,c2b163e7f0e7879bbbb22876ca024499ef8ffc1c2f0235e24310a19a0c128d92
1996ck,192.14662499999997,-0.7675000000000001,,,,,,sn,B/sn,Asiago Supernova Catalog,True,,,,23.079999923706055,0,1996ck,dev,,,,,,,,,,,,,,,,,,,,,,,,,,,,,,False,2026-02-27T17:37:54.760120+00:00,c2b163e7f0e7879bbbb22876ca024499ef8ffc1c2f0235e24310a19a0c128d92
1998ex,115.42616666666665,64.73397222222222,,,,,,sn,B/sn,Asiago Supernova Catalog,True,,,,18.5,0,1998ex,dev,,,,,,,,,,,,,,,,,,,,,,,,,,,,,,False,2026-02-27T17:37:54.760120+00:00,c2b163e7f0e7879bbbb22876ca024499ef8ffc1c2f0235e24310a19a0c128d92
1962E,168.77304166666664,25.892138888888887,,,,,,sn,B/sn,Asiago Supernova Catalog,True,,,,17.100000381469727,0,1962E,dev,,,,,,,,,,,,,,,,,,,,,,,,,,,,,,False,2026-02-27T17:37:54.760120+00:00,c2b163e7f0e7879bbbb22876ca024499ef8ffc1c2f0235e24310a19a0c128d92
2000ao,209.45749999999995,-0.018,,,,,,sn,B/sn,Asiago Supernova Catalog,True,,,,20.399999618530273,0,2000ao,dev,,,,,,,,,,,,,,,,,,,,,,,,,,,,,,False,2026-02-27T17:37:54.760120+00:00,c2b163e7f0e7879bbbb22876ca024499ef8ffc1c2f0235e24310a19a0c128d92
1997bx,186.29916666666665,0.0817777777777777,,,,,,sn,B/sn,Asiago Supernova Catalog,True,,,,23.0,0,1997bx,dev,,,,,,,,,,,,,,,,,,,,,,,,,,,,,,False,2026-02-27T17:37:54.760120+00:00,c2b163e7f0e7879bbbb22876ca024499ef8ffc1c2f0235e24310a19a0c128d92
1997ch,189.3705,62.11188888888889,,,,,,sn,B/sn,Asiago Supernova Catalog,True,,,,23.5,0,1997ch,dev,,,,,,,,,,,,,,,,,,,,,,,,,,,,,,False,2026-02-27T17:37:54.760120+00:00,c2b163e7f0e7879bbbb22876ca024499ef8ffc1c2f0235e24310a19a0c128d92
1998av,164.03325,-4.189055555555556,,,,,,sn,B/sn,Asiago Supernova Catalog,True,,,,23.299999237060547,0,1998av,test,,,,,,,,,,,,,,,,,,,,,,,,,,,,,,False,2026-02-27T17:37:54.760120+00:00,c2b163e7f0e7879bbbb22876ca024499ef8ffc1c2f0235e24310a19a0c128d92
1999el,309.3238333333333,66.10319444444444,,,,,,sn,B/sn,Asiago Supernova Catalog,True,,,,14.899999618530272,0,1999el,dev,,,,,,,,,,,,,,,,,,,,,,,,,,,,,,False,2026-02-27T17:37:54.760120+00:00,c2b163e7f0e7879bbbb22876ca024499ef8ffc1c2f0235e24310a19a0c128d92
1990Q,230.38829166666665,-7.374086111111111,,,,,,sn,B/sn,Asiago Supernova Catalog,True,,,,16.0,0,1990Q,dev,,,,,,,,,,,,,,,,,,,,,,,,,,,,,,False,2026-02-27T17:37:54.760120+00:00,c2b163e7f0e7879bbbb22876ca024499ef8ffc1c2f0235e24310a19a0c128d92
1960R,186.35354166666664,18.15544444444444,,,,,,sn,B/sn,Asiago Supernova Catalog,True,,,,11.600000381469728,0,1960R,dev,,,,,,,,,,,,,,,,,,,,,,,,,,,,,,False,2026-02-27T17:37:54.760120+00:00,c2b163e7f0e7879bbbb22876ca024499ef8ffc1c2f0235e24310a19a0c128d92
1989ae,33.67095833333333,43.35763888888889,,,,,,sn,B/sn,Asiago Supernova Catalog,True,,,,19.0,0,1989ae,dev,,,,,,,,,,,,,,,,,,,,,,,,,,,,,,False,2026-02-27T17:37:54.760120+00:00,c2b163e7f0e7879bbbb22876ca024499ef8ffc1c2f0235e24310a19a0c128d92
2001ai,205.41404166666663,55.668277777777774,,,,,,sn,B/sn,Asiago Supernova Catalog,True,,,,17.600000381469727,0,2001ai,dev,,,,,,,,,,,,,,,,,,,,,,,,,,,,,,False,2026-02-27T17:37:54.760120+00:00,c2b163e7f0e7879bbbb22876ca024499ef8ffc1c2f0235e24310a19a0c128d92
1998ez,59.387208333333334,-27.203777777777777,,,,,,sn,B/sn,Asiago Supernova Catalog,True,,,,20.0,0,1998ez,dev,,,,,,,,,,,,,,,,,,,,,,,,,,,,,,False,2026-02-27T17:37:54.760120+00:00,c2b163e7f0e7879bbbb22876ca024499ef8ffc1c2f0235e24310a19a0c128d92
1997cc,214.1399583333333,52.39380555555555,,,,,,sn,B/sn,Asiago Supernova Catalog,True,,,,23.5,0,1997cc,dev,,,,,,,,,,,,,,,,,,,,,,,,,,,,,,False,2026-02-27T17:37:54.760120+00:00,c2b163e7f0e7879bbbb22876ca024499ef8ffc1c2f0235e24310a19a0c128d92
1993G,172.13904166666663,58.55860277777777,,,,,,sn,B/sn,Asiago Supernova Catalog,True,,,,16.600000381469727,0,1993G,dev,,,,,,,,,,,,,,,,,,,,,,,,,,,,,,False,2026-02-27T17:37:54.760120+00:00,c2b163e7f0e7879bbbb22876ca024499ef8ffc1c2f0235e24310a19a0c128d92
1997S,164.46495833333333,-3.763027777777778,,,,,,sn,B/sn,Asiago Supernova Catalog,True,,,,23.030000686645508,0,1997S,dev,,,,,,,,,,,,,,,,,,,,,,,,,,,,,,False,2026-02-27T17:37:54.760120+00:00,c2b163e7f0e7879bbbb22876ca024499ef8ffc1c2f0235e24310a19a0c128d92
1960P,16.541833333333333,31.406555555555553,,,,,,sn,B/sn,Asiago Supernova Catalog,True,,,,17.5,0,1960P,dev,,,,,,,,,,,,,,,,,,,,,,,,,,,,,,False,2026-02-27T17:37:54.760120+00:00,c2b163e7f0e7879bbbb22876ca024499ef8ffc1c2f0235e24310a19a0c128d92
1992bk,55.75791666666666,-53.632444444444445,,,,,,sn,B/sn,Asiago Supernova Catalog,True,,,,18.06999969482422,0,1992bk,test,,,,,,,,,,,,,,,,,,,,,,,,,,,,,,False,2026-02-27T17:37:54.760120+00:00,c2b163e7f0e7879bbbb22876ca024499ef8ffc1c2f0235e24310a19a0c128d92
1998ao,151.81074999999998,-26.393083333333333,,,,,,sn,B/sn,Asiago Supernova Catalog,True,,,,18.0,0,1998ao,dev,,,,,,,,,,,,,,,,,,,,,,,,,,,,,,False,2026-02-27T17:37:54.760120+00:00,c2b163e7f0e7879bbbb22876ca024499ef8ffc1c2f0235e24310a19a0c128d92
2000dw,333.4544166666666,39.23752777777778,,,,,,sn,B/sn,Asiago Supernova Catalog,True,,,,17.5,0,2000dw,test,,,,,,,,,,,,,,,,,,,,,,,,,,,,,,False,2026-02-27T17:37:54.760120+00:00,c2b163e7f0e7879bbbb22876ca024499ef8ffc1c2f0235e24310a19a0c128d92
2000O,182.81491666666665,17.892277777777778,,,,,,sn,B/sn,Asiago Supernova Catalog,True,,,,17.100000381469727,0,2000O,dev,,,,,,,,,,,,,,,,,,,,,,,,,,,,,,False,2026-02-27T17:37:54.760120+00:00,c2b163e7f0e7879bbbb22876ca024499ef8ffc1c2f0235e24310a19a0c128d92
2000dn,346.2744166666666,-3.200277777777778,,,,,,sn,B/sn,Asiago Supernova Catalog,True,,,,17.899999618530273,0,2000dn,test,,,,,,,,,,,,,,,,,,,,,,,,,,,,,,False,2026-02-27T17:37:54.760120+00:00,c2b163e7f0e7879bbbb22876ca024499ef8ffc1c2f0235e24310a19a0c128d92
1995T,336.80170833333324,-9.495666666666668,,,,,,sn,B/sn,Asiago Supernova Catalog,True,,,,18.0,0,1995T,dev,,,,,,,,,,,,,,,,,,,,,,,,,,,,,,False,2026-02-27T17:37:54.760120+00:00,c2b163e7f0e7879bbbb22876ca024499ef8ffc1c2f0235e24310a19a0c128d92
1999ee,334.0416666666666,-36.84436111111111,,,,,,sn,B/sn,Asiago Supernova Catalog,True,,,,14.93000030517578,0,1999ee,test,,,,,,,,,,,,,,,,,,,,,,,,,,,,,,False,2026-02-27T17:37:54.760120+00:00,c2b163e7f0e7879bbbb22876ca024499ef8ffc1c2f0235e24310a19a0c128d92
1979C,185.74429166666664,15.797705555555556,,,,,,sn,B/sn,Asiago Supernova Catalog,True,,,,11.600000381469728,0,1979C,dev,,,,,,,,,,,,,,,,,,,,,,,,,,,,,,False,2026-02-27T17:37:54.760120+00:00,c2b163e7f0e7879bbbb22876ca024499ef8ffc1c2f0235e24310a19a0c128d92
1998ch,202.3054583333333,-29.29077777777778,,,,,,sn,B/sn,Asiago Supernova Catalog,True,,,,20.299999237060547,0,1998ch,dev,,,,,,,,,,,,,,,,,,,,,,,,,,,,,,False,2026-02-27T17:37:54.760120+00:00,c2b163e7f0e7879bbbb22876ca024499ef8ffc1c2f0235e24310a19a0c128d92
1999D,172.11825,58.56083333333333,,,,,,sn,B/sn,Asiago Supernova Catalog,True,,,,15.600000381469728,0,1999D,test,,,,,,,,,,,,,,,,,,,,,,,,,,,,,,False,2026-02-27T17:37:54.760120+00:00,c2b163e7f0e7879bbbb22876ca024499ef8ffc1c2f0235e24310a19a0c128d92
1998L,173.402625,4.584611111111111,,,,,,sn,B/sn,Asiago Supernova Catalog,True,,,,23.600000381469727,0,1998L,test,,,,,,,,,,,,,,,,,,,,,,,,,,,,,,False,2026-02-27T17:37:54.760120+00:00,c2b163e7f0e7879bbbb22876ca024499ef8ffc1c2f0235e24310a19a0c128d92
1994M,187.785875,0.6055277777777778,,,,,,sn,B/sn,Asiago Supernova Catalog,True,,,,16.309999465942383,0,1994M,dev,,,,,,,,,,,,,,,,,,,,,,,,,,,,,,False,2026-02-27T17:37:54.760120+00:00,c2b163e7f0e7879bbbb22876ca024499ef8ffc1c2f0235e24310a19a0c128d92
1959C,197.84925,3.4105,,,,,,sn,B/sn,Asiago Supernova Catalog,True,,,,14.079999923706056,0,1959C,dev,,,,,,,,,,,,,,,,,,,,,,,,,,,,,,False,2026-02-27T17:37:54.760120+00:00,c2b163e7f0e7879bbbb22876ca024499ef8ffc1c2f0235e24310a19a0c128d92
2001cl,335.6563333333333,-4.125222222222222,,,,,,sn,B/sn,Asiago Supernova Catalog,True,,,,17.200000762939453,0,2001cl,dev,,,,,,,,,,,,,,,,,,,,,,,,,,,,,,False,2026-02-27T17:37:54.760120+00:00,c2b163e7f0e7879bbbb22876ca024499ef8ffc1c2f0235e24310a19a0c128d92
1961N,354.6618333333333,27.009416666666667,,,,,,sn,B/sn,Asiago Supernova Catalog,True,,,,16.799999237060547,0,1961N,dev,,,,,,,,,,,,,,,,,,,,,,,,,,,,,,False,2026-02-27T17:37:54.760120+00:00,c2b163e7f0e7879bbbb22876ca024499ef8ffc1c2f0235e24310a19a0c128d92
1999gq,188.4513333333333,15.180055555555557,,,,,,sn,B/sn,Asiago Supernova Catalog,True,,,,14.5,0,1999gq,test,,,,,,,,,,,,,,,,,,,,,,,,,,,,,,False,2026-02-27T17:37:54.760120+00:00,c2b163e7f0e7879bbbb22876ca024499ef8ffc1c2f0235e24310a19a0c128d92
2001au,229.204875,-0.1296111111111111,,,,,,sn,B/sn,Asiago Supernova Catalog,True,,,,18.600000381469727,0,2001au,dev,,,,,,,,,,,,,,,,,,,,,,,,,,,,,,False,2026-02-27T17:37:54.760120+00:00,c2b163e7f0e7879bbbb22876ca024499ef8ffc1c2f0235e24310a19a0c128d92
PKS,196.3876,-10.5554,,,,,,blazar,III/157,Blazar catalog (III/157),True,,,,14.920000076293944,0,PKS,dev,,,,,,,,,,,,,,,,,,,,,,,,,,,,,,False,2026-02-27T17:37:54.760120+00:00,c2b163e7f0e7879bbbb22876ca024499ef8ffc1c2f0235e24310a19a0c128d92
Mrk 501,253.4676,39.7602,,,,,,blazar,III/157,Blazar catalog (III/157),True,,,,13.800000190734863,0,Mrk 501,dev,,,,,,,,,,,,,,,,,,,,,,,,,,,,,,False,2026-02-27T17:37:54.760120+00:00,c2b163e7f0e7879bbbb22876ca024499ef8ffc1c2f0235e24310a19a0c128d92
PG,213.4514,44.0039,,,,,,blazar,III/157,Blazar catalog (III/157),True,,,,14.989999771118164,0,PG,dev,,,,,,,,,,,,,,,,,,,,,,,,,,,,,,False,2026-02-27T17:37:54.760120+00:00,c2b163e7f0e7879bbbb22876ca024499ef8ffc1c2f0235e24310a19a0c128d92
3C 279,194.0465,-5.7893,,,,,,blazar,III/157,Blazar catalog (III/157),True,,,,17.75,0,3C 279,dev,,,,,,,,,,,,,,,,,,,,,,,,,,,,,,False,2026-02-27T17:37:54.760120+00:00,c2b163e7f0e7879bbbb22876ca024499ef8ffc1c2f0235e24310a19a0c128d92
3C 66A,35.665,43.0355,,,,,,blazar,III/157,Blazar catalog (III/157),True,,,,15.5,0,3C 66A,dev,,,,,,,,,,,,,,,,,,,,,,,,,,,,,,False,2026-02-27T17:37:54.760120+00:00,c2b163e7f0e7879bbbb22876ca024499ef8ffc1c2f0235e24310a19a0c128d92
IIZw 136,323.1163,10.1385,,,,,,blazar,III/157,Blazar catalog (III/157),True,,,,14.640000343322754,0,IIZw 136,dev,,,,,,,,,,,,,,,,,,,,,,,,,,,,,,False,2026-02-27T17:37:54.760120+00:00,c2b163e7f0e7879bbbb22876ca024499ef8ffc1c2f0235e24310a19a0c128d92
4C 34.47,260.8367,34.2994,,,,,,blazar,III/157,Blazar catalog (III/157),True,,,,16.5,0,4C 34.47,test,,,,,,,,,,,,,,,,,,,,,,,,,,,,,,False,2026-02-27T17:37:54.760120+00:00,c2b163e7f0e7879bbbb22876ca024499ef8ffc1c2f0235e24310a19a0c128d92
TON 153,199.9843,27.4689,,,,,,blazar,III/157,Blazar catalog (III/157),True,,,,15.979999542236328,0,TON 153,dev,,,,,,,,,,,,,,,,,,,,,,,,,,,,,,False,2026-02-27T17:37:54.760120+00:00,c2b163e7f0e7879bbbb22876ca024499ef8ffc1c2f0235e24310a19a0c128d92
Mrk 421,166.1138,38.2088,,,,,,blazar,III/157,Blazar catalog (III/157),True,,,,13.5,0,Mrk 421,dev,,,,,,,,,,,,,,,,,,,,,,,,,,,,,,False,2026-02-27T17:37:54.760120+00:00,c2b163e7f0e7879bbbb22876ca024499ef8ffc1c2f0235e24310a19a0c128d92
4C 29.45,179.8826,29.2455,,,,,,blazar,III/157,Blazar catalog (III/157),True,,,,14.40999984741211,0,4C 29.45,test,,,,,,,,,,,,,,,,,,,,,,,,,,,,,,False,2026-02-27T17:37:54.760120+00:00,c2b163e7f0e7879bbbb22876ca024499ef8ffc1c2f0235e24310a19a0c128d92
TON 1542,188.015,20.1581,,,,,,blazar,III/157,Blazar catalog (III/157),True,,,,15.300000190734863,0,TON 1542,dev,,,,,,,,,,,,,,,,,,,,,,,,,,,,,,False,2026-02-27T17:37:54.760120+00:00,c2b163e7f0e7879bbbb22876ca024499ef8ffc1c2f0235e24310a19a0c128d92
3C 371,271.7112,69.8245,,,,,,blazar,III/157,Blazar catalog (III/157),True,,,,14.220000267028809,0,3C 371,dev,,,,,,,,,,,,,,,,,,,,,,,,,,,,,,False,2026-02-27T17:37:54.760120+00:00,c2b163e7f0e7879bbbb22876ca024499ef8ffc1c2f0235e24310a19a0c128d92
Mrk 734,170.4463,11.7384,,,,,,blazar,III/157,Blazar catalog (III/157),True,,,,14.93000030517578,0,Mrk 734,dev,,,,,,,,,,,,,,,,,,,,,,,,,,,,,,False,2026-02-27T17:37:54.760120+00:00,c2b163e7f0e7879bbbb22876ca024499ef8ffc1c2f0235e24310a19a0c128d92
3C 232,149.5873,32.4006,,,,,,blazar,III/157,Blazar catalog (III/157),True,,,,15.779999732971191,0,3C 232,dev,,,,,,,,,,,,,,,,,,,,,,,,,,,,,,False,2026-02-27T17:37:54.760120+00:00,c2b163e7f0e7879bbbb22876ca024499ef8ffc1c2f0235e24310a19a0c128d92
HS,255.2517,64.2025,,,,,,blazar,III/157,Blazar catalog (III/157),True,,,,16.1299991607666,0,HS,dev,,,,,,,,,,,,,,,,,,,,,,,,,,,,,,False,2026-02-27T17:37:54.760120+00:00,c2b163e7f0e7879bbbb22876ca024499ef8ffc1c2f0235e24310a19a0c128d92
MR,343.5245,-17.582,,,,,,blazar,III/157,Blazar catalog (III/157),True,,,,14.359999656677246,0,MR,dev,,,,,,,,,,,,,,,,,,,,,,,,,,,,,,False,2026-02-27T17:37:54.760120+00:00,c2b163e7f0e7879bbbb22876ca024499ef8ffc1c2f0235e24310a19a0c128d92
B2,187.104,31.4771,,,,,,blazar,III/157,Blazar catalog (III/157),True,,,,15.869999885559082,0,B2,dev,,,,,,,,,,,,,,,,,,,,,,,,,,,,,,False,2026-02-27T17:37:54.760120+00:00,c2b163e7f0e7879bbbb22876ca024499ef8ffc1c2f0235e24310a19a0c128d92
BL Lac,330.6804,42.2778,,,,,,blazar,III/157,Blazar catalog (III/157),True,,,,14.5,0,BL Lac,dev,,,,,,,,,,,,,,,,,,,,,,,,,,,,,,False,2026-02-27T17:37:54.760120+00:00,c2b163e7f0e7879bbbb22876ca024499ef8ffc1c2f0235e24310a19a0c128d92
IIZw 1,20.4993,-1.04,,,,,,blazar,III/157,Blazar catalog (III/157),True,,,,15.170000076293944,0,IIZw 1,dev,,,,,,,,,,,,,,,,,,,,,,,,,,,,,,False,2026-02-27T17:37:54.760120+00:00,c2b163e7f0e7879bbbb22876ca024499ef8ffc1c2f0235e24310a19a0c128d92
3C 351,256.1724,60.7418,,,,,,blazar,III/157,Blazar catalog (III/157),True,,,,15.279999732971191,0,3C 351,dev,,,,,,,,,,,,,,,,,,,,,,,,,,,,,,False,2026-02-27T17:37:54.760120+00:00,c2b163e7f0e7879bbbb22876ca024499ef8ffc1c2f0235e24310a19a0c128d92
3C 446,336.4469,-4.9504,,,,,,blazar,III/157,Blazar catalog (III/157),True,,,,17.190000534057617,0,3C 446,dev,,,,,,,,,,,,,,,,,,,,,,,,,,,,,,False,2026-02-27T17:37:54.760120+00:00,c2b163e7f0e7879bbbb22876ca024499ef8ffc1c2f0235e24310a19a0c128d92
NGC 1275,49.9507,41.5117,,,,,,blazar,III/157,Blazar catalog (III/157),True,,,,12.479999542236328,0,NGC 1275,dev,,,,,,,,,,,,,,,,,,,,,,,,,,,,,,False,2026-02-27T17:37:54.760120+00:00,c2b163e7f0e7879bbbb22876ca024499ef8ffc1c2f0235e24310a19a0c128d92
OJ 287,133.7036,20.1085,,,,,,blazar,III/157,Blazar catalog (III/157),True,,,,14.0,0,OJ 287,test,,,,,,,,,,,,,,,,,,,,,,,,,,,,,,False,2026-02-27T17:37:54.760120+00:00,c2b163e7f0e7879bbbb22876ca024499ef8ffc1c2f0235e24310a19a0c128d92
3C 273,187.2779,2.0524,,,,,,blazar,III/157,Blazar catalog (III/157),True,,,,12.859999656677246,0,3C 273,test,,,,,,,,,,,,,,,,,,,,,,,,,,,,,,False,2026-02-27T17:37:54.760120+00:00,c2b163e7f0e7879bbbb22876ca024499ef8ffc1c2f0235e24310a19a0c128d92
3C 120,68.2962,5.3543,,,,,,blazar,III/157,Blazar catalog (III/157),True,,,,15.050000190734863,0,3C 120,dev,,,,,,,,,,,,,,,,,,,,,,,,,,,,,,False,2026-02-27T17:37:54.760120+00:00,c2b163e7f0e7879bbbb22876ca024499ef8ffc1c2f0235e24310a19a0c128d92
Mrk 205,185.4338,75.3106,,,,,,blazar,III/157,Blazar catalog (III/157),True,,,,14.5,0,Mrk 205,dev,,,,,,,,,,,,,,,,,,,,,,,,,,,,,,False,2026-02-27T17:37:54.760120+00:00,c2b163e7f0e7879bbbb22876ca024499ef8ffc1c2f0235e24310a19a0c128d92
Fairall 9,20.9417,-58.8066,,,,,,blazar,III/157,Blazar catalog (III/157),True,,,,13.229999542236328,0,Fairall 9,dev,,,,,,,,,,,,,,,,,,,,,,,,,,,,,,False,2026-02-27T17:37:54.760120+00:00,c2b163e7f0e7879bbbb22876ca024499ef8ffc1c2f0235e24310a19a0c128d92
3C 345,250.745,39.8103,,,,,,blazar,III/157,Blazar catalog (III/157),True,,,,15.960000038146973,0,3C 345,test,,,,,,,,,,,,,,,,,,,,,,,,,,,,,,False,2026-02-27T17:37:54.760120+00:00,c2b163e7f0e7879bbbb22876ca024499ef8ffc1c2f0235e24310a19a0c128d92
TON 490,153.4726,24.8212,,,,,,blazar,III/157,Blazar catalog (III/157),True,,,,15.399999618530272,0,TON 490,dev,,,,,,,,,,,,,,,,,,,,,,,,,,,,,,False,2026-02-27T17:37:54.760120+00:00,c2b163e7f0e7879bbbb22876ca024499ef8ffc1c2f0235e24310a19a0c128d92
AKN 120,79.0478,-0.1502,,,,,,blazar,III/157,Blazar catalog (III/157),True,,,,13.920000076293944,0,AKN 120,dev,,,,,,,,,,,,,,,,,,,,,,,,,,,,,,False,2026-02-27T17:37:54.760120+00:00,c2b163e7f0e7879bbbb22876ca024499ef8ffc1c2f0235e24310a19a0c128d92
IIIZw 2,2.6292,10.9749,,,,,,blazar,III/157,Blazar catalog (III/157),True,,,,15.399999618530272,0,IIIZw 2,dev,,,,,,,,,,,,,,,,,,,,,,,,,,,,,,False,2026-02-27T17:37:54.760120+00:00,c2b163e7f0e7879bbbb22876ca024499ef8ffc1c2f0235e24310a19a0c128d92
Mrk 180,174.11,70.1576,,,,,,blazar,III/157,Blazar catalog (III/157),True,,,,14.489999771118164,0,Mrk 180,dev,,,,,,,,,,,,,,,,,,,,,,,,,,,,,,False,2026-02-27T17:37:54.760120+00:00,c2b163e7f0e7879bbbb22876ca024499ef8ffc1c2f0235e24310a19a0c128d92
Mrk 1383,217.2774,1.2851,,,,,,blazar,III/157,Blazar catalog (III/157),True,,,,14.869999885559082,0,Mrk 1383,dev,,,,,,,,,,,,,,,,,,,,,,,,,,,,,,False,2026-02-27T17:37:54.760120+00:00,c2b163e7f0e7879bbbb22876ca024499ef8ffc1c2f0235e24310a19a0c128d92
3C 382.0,278.7641,32.6963,,,,,,blazar,III/157,Blazar catalog (III/157),True,,,,15.390000343322754,0,3C 382.0,dev,,,,,,,,,,,,,,,,,,,,,,,,,,,,,,False,2026-02-27T17:37:54.760120+00:00,c2b163e7f0e7879bbbb22876ca024499ef8ffc1c2f0235e24310a19a0c128d92
7017568540477440,45.86289947461,6.33059307011,,,,,,star,2022A&A...667A.148G,Gaia DR3 variability,True,,,,14.513234,0,7017568540477440,test,,,,,,,,,,,,,,,,,,,,,,,,,,,,,,False,2026-02-27T17:37:54.760120+00:00,c2b163e7f0e7879bbbb22876ca024499ef8ffc1c2f0235e24310a19a0c128d92
7866077983944448,46.36034281474,8.04504144158,,,,,,star,2022A&A...667A.148G,Gaia DR3 variability,True,,,,18.767101,0,7866077983944448,dev,,,,,,,,,,,,,,,,,,,,,,,,,,,,,,False,2026-02-27T17:37:54.760120+00:00,c2b163e7f0e7879bbbb22876ca024499ef8ffc1c2f0235e24310a19a0c128d92
10035624879191040,52.31131411744,7.71765365745,,,,,,star,2022A&A...667A.148G,Gaia DR3 variability,True,,,,20.438099,0,10035624879191040,dev,,,,,,,,,,,,,,,,,,,,,,,,,,,,,,False,2026-02-27T17:37:54.760120+00:00,c2b163e7f0e7879bbbb22876ca024499ef8ffc1c2f0235e24310a19a0c128d92
11271506013429504,53.65193153413,7.4914358003,,,,,,star,2022A&A...667A.148G,Gaia DR3 variability,True,,,,13.210085,0,11271506013429504,test,,,,,,,,,,,,,,,,,,,,,,,,,,,,,,False,2026-02-27T17:37:54.760120+00:00,c2b163e7f0e7879bbbb22876ca024499ef8ffc1c2f0235e24310a19a0c128d92
3555442647201408,47.49745785962,4.58884597783,,,,,,star,2022A&A...667A.148G,Gaia DR3 variability,True,,,,20.033524,0,3555442647201408,test,,,,,,,,,,,,,,,,,,,,,,,,,,,,,,False,2026-02-27T17:37:54.760120+00:00,c2b163e7f0e7879bbbb22876ca024499ef8ffc1c2f0235e24310a19a0c128d92
11918706045404160,54.49820765326,8.99819412043,,,,,,star,2022A&A...667A.148G,Gaia DR3 variability,True,,,,19.198288,0,11918706045404160,dev,,,,,,,,,,,,,,,,,,,,,,,,,,,,,,False,2026-02-27T17:37:54.760120+00:00,c2b163e7f0e7879bbbb22876ca024499ef8ffc1c2f0235e24310a19a0c128d92
8797952743613440,43.95677198172,8.20529048913,,,,,,star,2022A&A...667A.148G,Gaia DR3 variability,True,,,,12.723487,0,8797952743613440,dev,,,,,,,,,,,,,,,,,,,,,,,,,,,,,,False,2026-02-27T17:37:54.760120+00:00,c2b163e7f0e7879bbbb22876ca024499ef8ffc1c2f0235e24310a19a0c128d92
6151771852919552,40.4717917897,5.49839448332,,,,,,star,2022A&A...667A.148G,Gaia DR3 variability,True,,,,14.132654,0,6151771852919552,test,,,,,,,,,,,,,,,,,,,,,,,,,,,,,,False,2026-02-27T17:37:54.760120+00:00,c2b163e7f0e7879bbbb22876ca024499ef8ffc1c2f0235e24310a19a0c128d92
7451665179765376,46.33966441601,6.95026267061,,,,,,star,2022A&A...667A.148G,Gaia DR3 variability,True,,,,17.891428,0,7451665179765376,test,,,,,,,,,,,,,,,,,,,,,,,,,,,,,,False,2026-02-27T17:37:54.760120+00:00,c2b163e7f0e7879bbbb22876ca024499ef8ffc1c2f0235e24310a19a0c128d92
10010439191442176,51.84595873315,7.38957516784,,,,,,star,2022A&A...667A.148G,Gaia DR3 variability,True,,,,14.542308,0,10010439191442176,dev,,,,,,,,,,,,,,,,,,,,,,,,,,,,,,False,2026-02-27T17:37:54.760120+00:00,c2b163e7f0e7879bbbb22876ca024499ef8ffc1c2f0235e24310a19a0c128d92
8902505132032384,45.37921725412,8.75925994531,,,,,,star,2022A&A...667A.148G,Gaia DR3 variability,True,,,,20.030045,0,8902505132032384,dev,,,,,,,,,,,,,,,,,,,,,,,,,,,,,,False,2026-02-27T17:37:54.760120+00:00,c2b163e7f0e7879bbbb22876ca024499ef8ffc1c2f0235e24310a19a0c128d92
10618228603355008,49.55156385764,7.86968053477,,,,,,star,2022A&A...667A.148G,Gaia DR3 variability,True,,,,17.585302,0,10618228603355008,dev,,,,,,,,,,,,,,,,,,,,,,,,,,,,,,False,2026-02-27T17:37:54.760120+00:00,c2b163e7f0e7879bbbb22876ca024499ef8ffc1c2f0235e24310a19a0c128d92
6513300724650880,41.89162619785,5.87189952932,,,,,,star,2022A&A...667A.148G,Gaia DR3 variability,True,,,,20.316847,0,6513300724650880,dev,,,,,,,,,,,,,,,,,,,,,,,,,,,,,,False,2026-02-27T17:37:54.760120+00:00,c2b163e7f0e7879bbbb22876ca024499ef8ffc1c2f0235e24310a19a0c128d92
5856445606238336,41.32452528137,4.83362023601,,,,,,star,2022A&A...667A.148G,Gaia DR3 variability,True,,,,18.472733,0,5856445606238336,dev,,,,,,,,,,,,,,,,,,,,,,,,,,,,,,False,2026-02-27T17:37:54.760120+00:00,c2b163e7f0e7879bbbb22876ca024499ef8ffc1c2f0235e24310a19a0c128d92
9159172377805696,51.6178583435,5.65342717703,,,,,,star,2022A&A...667A.148G,Gaia DR3 variability,True,,,,18.767607,0,9159172377805696,dev,,,,,,,,,,,,,,,,,,,,,,,,,,,,,,False,2026-02-27T17:37:54.760120+00:00,c2b163e7f0e7879bbbb22876ca024499ef8ffc1c2f0235e24310a19a0c128d92
8322340949965312,43.38746412551,7.3976266357,,,,,,star,2022A&A...667A.148G,Gaia DR3 variability,True,,,,19.649118,0,8322340949965312,dev,,,,,,,,,,,,,,,,,,,,,,,,,,,,,,False,2026-02-27T17:37:54.760120+00:00,c2b163e7f0e7879bbbb22876ca024499ef8ffc1c2f0235e24310a19a0c128d92
5054111356737024,41.97514315237,4.48398238521,,,,,,star,2022A&A...667A.148G,Gaia DR3 variability,True,,,,19.931501,0,5054111356737024,dev,,,,,,,,,,,,,,,,,,,,,,,,,,,,,,False,2026-02-27T17:37:54.760120+00:00,c2b163e7f0e7879bbbb22876ca024499ef8ffc1c2f0235e24310a19a0c128d92
3822937505992960,46.1773770334,5.10029826666,,,,,,star,2022A&A...667A.148G,Gaia DR3 variability,True,,,,12.096909,0,3822937505992960,test,,,,,,,,,,,,,,,,,,,,,,,,,,,,,,False,2026-02-27T17:37:54.760120+00:00,c2b163e7f0e7879bbbb22876ca024499ef8ffc1c2f0235e24310a19a0c128d92
11997565941688192,55.565117871,9.5684509227,,,,,,star,2022A&A...667A.148G,Gaia DR3 variability,True,,,,15.6,0,11997565941688192,dev,,,,,,,,,,,,,,,,,,,,,,,,,,,,,,False,2026-02-27T17:37:54.760120+00:00,c2b163e7f0e7879bbbb22876ca024499ef8ffc1c2f0235e24310a19a0c128d92
7077144031287808,44.62994707,5.81575572601,,,,,,star,2022A&A...667A.148G,Gaia DR3 variability,True,,,,18.803331,0,7077144031287808,dev,,,,,,,,,,,,,,,,,,,,,,,,,,,,,,False,2026-02-27T17:37:54.760120+00:00,c2b163e7f0e7879bbbb22876ca024499ef8ffc1c2f0235e24310a19a0c128d92
9921756706043776,51.67046456424,7.44406695258,,,,,,star,2022A&A...667A.148G,Gaia DR3 variability,True,,,,20.393581,0,9921756706043776,dev,,,,,,,,,,,,,,,,,,,,,,,,,,,,,,False,2026-02-27T17:37:54.760120+00:00,c2b163e7f0e7879bbbb22876ca024499ef8ffc1c2f0235e24310a19a0c128d92
11346758135829376,53.22715540121,7.89886058141,,,,,,star,2022A&A...667A.148G,Gaia DR3 variability,True,,,,10.399204,0,11346758135829376,dev,,,,,,,,,,,,,,,,,,,,,,,,,,,,,,False,2026-02-27T17:37:54.760120+00:00,c2b163e7f0e7879bbbb22876ca024499ef8ffc1c2f0235e24310a19a0c128d92
12441214586847872,52.2704035099,9.00360665621,,,,,,star,2022A&A...667A.148G,Gaia DR3 variability,True,,,,19.046831,0,12441214586847872,test,,,,,,,,,,,,,,,,,,,,,,,,,,,,,,False,2026-02-27T17:37:54.760120+00:00,c2b163e7f0e7879bbbb22876ca024499ef8ffc1c2f0235e24310a19a0c128d92
6258695063604736,42.42262337196,5.47865004968,,,,,,star,2022A&A...667A.148G,Gaia DR3 variability,True,,,,17.8719,0,6258695063604736,dev,,,,,,,,,,,,,,,,,,,,,,,,,,,,,,False,2026-02-27T17:37:54.760120+00:00,c2b163e7f0e7879bbbb22876ca024499ef8ffc1c2f0235e24310a19a0c128d92
7106010507061632,44.69205894565,6.21378055878,,,,,,star,2022A&A...667A.148G,Gaia DR3 variability,True,,,,18.599672,0,7106010507061632,dev,,,,,,,,,,,,,,,,,,,,,,,,,,,,,,False,2026-02-27T17:37:54.760120+00:00,c2b163e7f0e7879bbbb22876ca024499ef8ffc1c2f0235e24310a19a0c128d92
8314820462535424,43.84788245137,7.44187514637,,,,,,star,2022A&A...667A.148G,Gaia DR3 variability,True,,,,18.686298,0,8314820462535424,dev,,,,,,,,,,,,,,,,,,,,,,,,,,,,,,False,2026-02-27T17:37:54.760120+00:00,c2b163e7f0e7879bbbb22876ca024499ef8ffc1c2f0235e24310a19a0c128d92
7627655759471360,45.62385232696,6.95921516575,,,,,,star,2022A&A...667A.148G,Gaia DR3 variability,True,,,,18.23207,0,7627655759471360,dev,,,,,,,,,,,,,,,,,,,,,,,,,,,,,,False,2026-02-27T17:37:54.760120+00:00,c2b163e7f0e7879bbbb22876ca024499ef8ffc1c2f0235e24310a19a0c128d92
9792426651349120,52.67828108149,7.15064165523,,,,,,star,2022A&A...667A.148G,Gaia DR3 variability,True,,,,14.481409,0,9792426651349120,dev,,,,,,,,,,,,,,,,,,,,,,,,,,,,,,False,2026-02-27T17:37:54.760120+00:00,c2b163e7f0e7879bbbb22876ca024499ef8ffc1c2f0235e24310a19a0c128d92
6940838949258240,46.31154488238,5.90940139586,,,,,,star,2022A&A...667A.148G,Gaia DR3 variability,True,,,,20.259329,0,6940838949258240,dev,,,,,,,,,,,,,,,,,,,,,,,,,,,,,,False,2026-02-27T17:37:54.760120+00:00,c2b163e7f0e7879bbbb22876ca024499ef8ffc1c2f0235e24310a19a0c128d92
4613348927136384,42.24822031328,3.16958335672,,,,,,star,2022A&A...667A.148G,Gaia DR3 variability,True,,,,16.08005,0,4613348927136384,dev,,,,,,,,,,,,,,,,,,,,,,,,,,,,,,False,2026-02-27T17:37:54.760120+00:00,c2b163e7f0e7879bbbb22876ca024499ef8ffc1c2f0235e24310a19a0c128d92
8328117681250688,43.42433905866,7.53174104141,,,,,,star,2022A&A...667A.148G,Gaia DR3 variability,True,,,,19.773027,0,8328117681250688,test,,,,,,,,,,,,,,,,,,,,,,,,,,,,,,False,2026-02-27T17:37:54.760120+00:00,c2b163e7f0e7879bbbb22876ca024499ef8ffc1c2f0235e24310a19a0c128d92
6062299094282624,40.97935487388,5.03429757226,,,,,,star,2022A&A...667A.148G,Gaia DR3 variability,True,,,,18.904568,0,6062299094282624,test,,,,,,,,,,,,,,,,,,,,,,,,,,,,,,False,2026-02-27T17:37:54.760120+00:00,c2b163e7f0e7879bbbb22876ca024499ef8ffc1c2f0235e24310a19a0c128d92
13107003236999040,53.99038091094,10.41720818654,,,,,,star,2022A&A...667A.148G,Gaia DR3 variability,True,,,,19.183882,0,13107003236999040,dev,,,,,,,,,,,,,,,,,,,,,,,,,,,,,,False,2026-02-27T17:37:54.760120+00:00,c2b163e7f0e7879bbbb22876ca024499ef8ffc1c2f0235e24310a19a0c128d92
11434886569349888,54.13675791373,8.37747809895,,,,,,star,2022A&A...667A.148G,Gaia DR3 variability,True,,,,19.81257,0,11434886569349888,dev,,,,,,,,,,,,,,,,,,,,,,,,,,,,,,False,2026-02-27T17:37:54.760120+00:00,c2b163e7f0e7879bbbb22876ca024499ef8ffc1c2f0235e24310a19a0c128d92
4645750160709248,42.83664951333,3.05678874313,,,,,,star,2022A&A...667A.148G,Gaia DR3 variability,True,,,,7.312264,0,4645750160709248,dev,canonical_id,0.8421789664240723,OK,1.0,190.0,5096.470295940002,13.953375211334707,"W1,W2",0.537504487993528,604.0,589.0,0.0248344370860927,298.0,291.0,24.0,24.0,True,True,True,PASS,False,False,Rejected,benchmark_master,False,cards/01_4645750160709248.md,figures/4645750160709248_wise.png,4645750160709248,4645750160709248,True,2026-02-27T17:37:54.760120+00:00,c2b163e7f0e7879bbbb22876ca024499ef8ffc1c2f0235e24310a19a0c128d92
5920045482070528,40.23082000791,4.36717946432,,,,,,star,2022A&A...667A.148G,Gaia DR3 variability,True,,,,20.06775,0,5920045482070528,dev,,,,,,,,,,,,,,,,,,,,,,,,,,,,,,False,2026-02-27T17:37:54.760120+00:00,c2b163e7f0e7879bbbb22876ca024499ef8ffc1c2f0235e24310a19a0c128d92
6827348733385856,44.59629895067,5.17907800208,,,,,,star,2022A&A...667A.148G,Gaia DR3 variability,True,,,,19.92794,0,6827348733385856,dev,,,,,,,,,,,,,,,,,,,,,,,,,,,,,,False,2026-02-27T17:37:54.760120+00:00,c2b163e7f0e7879bbbb22876ca024499ef8ffc1c2f0235e24310a19a0c128d92
8261936529703936,42.63617016193,7.28979663935,,,,,,star,2022A&A...667A.148G,Gaia DR3 variability,True,,,,20.228306,0,8261936529703936,dev,,,,,,,,,,,,,,,,,,,,,,,,,,,,,,False,2026-02-27T17:37:54.760120+00:00,c2b163e7f0e7879bbbb22876ca024499ef8ffc1c2f0235e24310a19a0c128d92
10762260330928128,50.90618911966,7.91020835421,,,,,,star,2022A&A...667A.148G,Gaia DR3 variability,True,,,,19.98358,0,10762260330928128,dev,,,,,,,,,,,,,,,,,,,,,,,,,,,,,,False,2026-02-27T17:37:54.760120+00:00,c2b163e7f0e7879bbbb22876ca024499ef8ffc1c2f0235e24310a19a0c128d92
7388752498494208,46.06536140696,6.29654419366,,,,,,star,2022A&A...667A.148G,Gaia DR3 variability,True,,,,18.101336,0,7388752498494208,dev,,,,,,,,,,,,,,,,,,,,,,,,,,,,,,False,2026-02-27T17:37:54.760120+00:00,c2b163e7f0e7879bbbb22876ca024499ef8ffc1c2f0235e24310a19a0c128d92
8286538102441600,42.75014798185,7.39363695671,,,,,,star,2022A&A...667A.148G,Gaia DR3 variability,True,,,,19.349138,0,8286538102441600,dev,,,,,,,,,,,,,,,,,,,,,,,,,,,,,,False,2026-02-27T17:37:54.760120+00:00,c2b163e7f0e7879bbbb22876ca024499ef8ffc1c2f0235e24310a19a0c128d92
8781765011889024,44.60717052902,8.41792790119,,,,,,star,2022A&A...667A.148G,Gaia DR3 variability,True,,,,20.541746,0,8781765011889024,dev,,,,,,,,,,,,,,,,,,,,,,,,,,,,,,False,2026-02-27T17:37:54.760120+00:00,c2b163e7f0e7879bbbb22876ca024499ef8ffc1c2f0235e24310a19a0c128d92
4952372170242944,42.21952528874,3.91603245831,,,,,,star,2022A&A...667A.148G,Gaia DR3 variability,True,,,,19.91301,0,4952372170242944,dev,,,,,,,,,,,,,,,,,,,,,,,,,,,,,,False,2026-02-27T17:37:54.760120+00:00,c2b163e7f0e7879bbbb22876ca024499ef8ffc1c2f0235e24310a19a0c128d92
6802059965763456,45.60875813942,5.35864231487,,,,,,star,2022A&A...667A.148G,Gaia DR3 variability,True,,,,20.435432,0,6802059965763456,dev,,,,,,,,,,,,,,,,,,,,,,,,,,,,,,False,2026-02-27T17:37:54.760120+00:00,c2b163e7f0e7879bbbb22876ca024499ef8ffc1c2f0235e24310a19a0c128d92
3646014917806464,46.85407600465,5.02538373905,,,,,,star,2022A&A...667A.148G,Gaia DR3 variability,True,,,,17.394726,0,3646014917806464,dev,,,,,,,,,,,,,,,,,,,,,,,,,,,,,,False,2026-02-27T17:37:54.760120+00:00,c2b163e7f0e7879bbbb22876ca024499ef8ffc1c2f0235e24310a19a0c128d92
5928944654308352,39.87826331514,4.37121316115,,,,,,star,2022A&A...667A.148G,Gaia DR3 variability,True,,,,20.591978,0,5928944654308352,dev,,,,,,,,,,,,,,,,,,,,,,,,,,,,,,False,2026-02-27T17:37:54.760120+00:00,c2b163e7f0e7879bbbb22876ca024499ef8ffc1c2f0235e24310a19a0c128d92
5220790446842240,44.37609281991,4.4483115299,,,,,,star,2022A&A...667A.148G,Gaia DR3 variability,True,,,,19.776625,0,5220790446842240,dev,,,,,,,,,,,,,,,,,,,,,,,,,,,,,,False,2026-02-27T17:37:54.760120+00:00,c2b163e7f0e7879bbbb22876ca024499ef8ffc1c2f0235e24310a19a0c128d92
6766085319816704,45.19029852479,5.04973000752,,,,,,star,2022A&A...667A.148G,Gaia DR3 variability,True,,,,20.525675,0,6766085319816704,dev,,,,,,,,,,,,,,,,,,,,,,,,,,,,,,False,2026-02-27T17:37:54.760120+00:00,c2b163e7f0e7879bbbb22876ca024499ef8ffc1c2f0235e24310a19a0c128d92
13464726768753024,52.90598821861,11.44343373994,,,,,,star,2022A&A...667A.148G,Gaia DR3 variability,True,,,,20.137323,0,13464726768753024,dev,,,,,,,,,,,,,,,,,,,,,,,,,,,,,,False,2026-02-27T17:37:54.760120+00:00,c2b163e7f0e7879bbbb22876ca024499ef8ffc1c2f0235e24310a19a0c128d92
8011419677274240,43.40615777318,6.92653499898,,,,,,star,2022A&A...667A.148G,Gaia DR3 variability,True,,,,20.08931,0,8011419677274240,dev,,,,,,,,,,,,,,,,,,,,,,,,,,,,,,False,2026-02-27T17:37:54.760120+00:00,c2b163e7f0e7879bbbb22876ca024499ef8ffc1c2f0235e24310a19a0c128d92
3310492072379904,48.99851070822,5.23050112845,,,,,,star,2022A&A...667A.148G,Gaia DR3 variability,True,,,,16.228146,0,3310492072379904,test,,,,,,,,,,,,,,,,,,,,,,,,,,,,,,False,2026-02-27T17:37:54.760120+00:00,c2b163e7f0e7879bbbb22876ca024499ef8ffc1c2f0235e24310a19a0c128d92
5190760035117568,43.45623974563,4.43733788502,,,,,,star,2022A&A...667A.148G,Gaia DR3 variability,True,,,,20.395231,0,5190760035117568,dev,,,,,,,,,,,,,,,,,,,,,,,,,,,,,,False,2026-02-27T17:37:54.760120+00:00,c2b163e7f0e7879bbbb22876ca024499ef8ffc1c2f0235e24310a19a0c128d92
8155597434951296,44.24522353616,7.5865648024,,,,,,star,2022A&A...667A.148G,Gaia DR3 variability,True,,,,19.937046,0,8155597434951296,test,,,,,,,,,,,,,,,,,,,,,,,,,,,,,,False,2026-02-27T17:37:54.760120+00:00,c2b163e7f0e7879bbbb22876ca024499ef8ffc1c2f0235e24310a19a0c128d92
12315256082310144,54.57440789563,9.96991229411,,,,,,star,2022A&A...667A.148G,Gaia DR3 variability,True,,,,19.144295,0,12315256082310144,dev,,,,,,,,,,,,,,,,,,,,,,,,,,,,,,False,2026-02-27T17:37:54.760120+00:00,c2b163e7f0e7879bbbb22876ca024499ef8ffc1c2f0235e24310a19a0c128d92
3532799579575168,47.132870211,4.46314281413,,,,,,star,2022A&A...667A.148G,Gaia DR3 variability,True,,,,20.059393,0,3532799579575168,dev,,,,,,,,,,,,,,,,,,,,,,,,,,,,,,False,2026-02-27T17:37:54.760120+00:00,c2b163e7f0e7879bbbb22876ca024499ef8ffc1c2f0235e24310a19a0c128d92
6111399160366080,40.95509275998,5.41714851338,,,,,,star,2022A&A...667A.148G,Gaia DR3 variability,True,,,,18.713345,0,6111399160366080,dev,,,,,,,,,,,,,,,,,,,,,,,,,,,,,,False,2026-02-27T17:37:54.760120+00:00,c2b163e7f0e7879bbbb22876ca024499ef8ffc1c2f0235e24310a19a0c128d92
7939161147436672,43.75418852602,6.56779206121,,,,,,star,2022A&A...667A.148G,Gaia DR3 variability,True,,,,18.928455,0,7939161147436672,dev,,,,,,,,,,,,,,,,,,,,,,,,,,,,,,False,2026-02-27T17:37:54.760120+00:00,c2b163e7f0e7879bbbb22876ca024499ef8ffc1c2f0235e24310a19a0c128d92
6993551083342976,45.39047460864,6.04091176064,,,,,,star,2022A&A...667A.148G,Gaia DR3 variability,True,,,,18.625568,0,6993551083342976,dev,,,,,,,,,,,,,,,,,,,,,,,,,,,,,,False,2026-02-27T17:37:54.760120+00:00,c2b163e7f0e7879bbbb22876ca024499ef8ffc1c2f0235e24310a19a0c128d92
9517651823494656,50.07714102246,6.46106746881,,,,,,star,2022A&A...667A.148G,Gaia DR3 variability,True,,,,15.031378,0,9517651823494656,test,,,,,,,,,,,,,,,,,,,,,,,,,,,,,,False,2026-02-27T17:37:54.760120+00:00,c2b163e7f0e7879bbbb22876ca024499ef8ffc1c2f0235e24310a19a0c128d92
5313600395193728,44.35487254192,4.85689164243,,,,,,star,2022A&A...667A.148G,Gaia DR3 variability,True,,,,12.812732,0,5313600395193728,dev,,,,,,,,,,,,,,,,,,,,,,,,,,,,,,False,2026-02-27T17:37:54.760120+00:00,c2b163e7f0e7879bbbb22876ca024499ef8ffc1c2f0235e24310a19a0c128d92
3885330495346688,46.15189571078,5.41722589827,,,,,,star,2022A&A...667A.148G,Gaia DR3 variability,True,,,,16.76169,0,3885330495346688,dev,,,,,,,,,,,,,,,,,,,,,,,,,,,,,,False,2026-02-27T17:37:54.760120+00:00,c2b163e7f0e7879bbbb22876ca024499ef8ffc1c2f0235e24310a19a0c128d92
6288970288166784,41.65436372536,5.49395018887,,,,,,star,2022A&A...667A.148G,Gaia DR3 variability,True,,,,14.832695,0,6288970288166784,test,,,,,,,,,,,,,,,,,,,,,,,,,,,,,,False,2026-02-27T17:37:54.760120+00:00,c2b163e7f0e7879bbbb22876ca024499ef8ffc1c2f0235e24310a19a0c128d92
5714814765676928,40.51783236656,4.2089536232,,,,,,star,2022A&A...667A.148G,Gaia DR3 variability,True,,,,20.323997,0,5714814765676928,dev,,,,,,,,,,,,,,,,,,,,,,,,,,,,,,False,2026-02-27T17:37:54.760120+00:00,c2b163e7f0e7879bbbb22876ca024499ef8ffc1c2f0235e24310a19a0c128d92
8578802037330816,45.08189746647,8.20851576024,,,,,,star,2022A&A...667A.148G,Gaia DR3 variability,True,,,,14.764163,0,8578802037330816,dev,,,,,,,,,,,,,,,,,,,,,,,,,,,,,,False,2026-02-27T17:37:54.760120+00:00,c2b163e7f0e7879bbbb22876ca024499ef8ffc1c2f0235e24310a19a0c128d92
12428467123880448,52.4062460059,8.93749609487,,,,,,star,2022A&A...667A.148G,Gaia DR3 variability,True,,,,18.868805,0,12428467123880448,dev,,,,,,,,,,,,,,,,,,,,,,,,,,,,,,False,2026-02-27T17:37:54.760120+00:00,c2b163e7f0e7879bbbb22876ca024499ef8ffc1c2f0235e24310a19a0c128d92
000026.47+021359.2,0.110297,2.233126,1.357668,,,,,normal_agn,2020ApJS..250....9L,SDSS DR16Q,True,,,,,0,000026.47+021359.2,dev,,,,,,,,,,,,,,,,,,,,,,,,,,,,,,False,2026-02-27T17:37:54.760120+00:00,c2b163e7f0e7879bbbb22876ca024499ef8ffc1c2f0235e24310a19a0c128d92
000012.59-014216.7,0.052493,-1.704643,2.386,,,,,normal_agn,2020ApJS..250....9L,SDSS DR16Q,True,,,,,0,000012.59-014216.7,dev,,,,,,,,,,,,,,,,,,,,,,,,,,,,,,False,2026-02-27T17:37:54.760120+00:00,c2b163e7f0e7879bbbb22876ca024499ef8ffc1c2f0235e24310a19a0c128d92
000002.46+214939.3,0.010286,21.827593,2.105317,,,,,normal_agn,2020ApJS..250....9L,SDSS DR16Q,True,,,,,0,000002.46+214939.3,dev,,,,,,,,,,,,,,,,,,,,,,,,,,,,,,False,2026-02-27T17:37:54.760120+00:00,c2b163e7f0e7879bbbb22876ca024499ef8ffc1c2f0235e24310a19a0c128d92
000000.66+145828.8,0.002756,14.974675,2.497,,,,,normal_agn,2020ApJS..250....9L,SDSS DR16Q,True,,,,,0,000000.66+145828.8,dev,,,,,,,,,,,,,,,,,,,,,,,,,,,,,,False,2026-02-27T17:37:54.760120+00:00,c2b163e7f0e7879bbbb22876ca024499ef8ffc1c2f0235e24310a19a0c128d92
000026.31+242016.5,0.109649,24.337926,1.628226,,,,,normal_agn,2020ApJS..250....9L,SDSS DR16Q,True,,,,,0,000026.31+242016.5,dev,,,,,,,,,,,,,,,,,,,,,,,,,,,,,,False,2026-02-27T17:37:54.760120+00:00,c2b163e7f0e7879bbbb22876ca024499ef8ffc1c2f0235e24310a19a0c128d92
000001.08+295225.0,0.004528,29.873618,1.495855,,,,,normal_agn,2020ApJS..250....9L,SDSS DR16Q,True,,,,,0,000001.08+295225.0,test,,,,,,,,,,,,,,,,,,,,,,,,,,,,,,False,2026-02-27T17:37:54.760120+00:00,c2b163e7f0e7879bbbb22876ca024499ef8ffc1c2f0235e24310a19a0c128d92
000023.94+083348.0,0.099774,8.563348,0.98076,,,,,normal_agn,2020ApJS..250....9L,SDSS DR16Q,True,,,,,0,000023.94+083348.0,dev,,,,,,,,,,,,,,,,,,,,,,,,,,,,,,False,2026-02-27T17:37:54.760120+00:00,c2b163e7f0e7879bbbb22876ca024499ef8ffc1c2f0235e24310a19a0c128d92
000059.05+282233.0,0.246053,28.375839,0.985,,,,,normal_agn,2020ApJS..250....9L,SDSS DR16Q,True,,,,,0,000059.05+282233.0,dev,,,,,,,,,,,,,,,,,,,,,,,,,,,,,,False,2026-02-27T17:37:54.760120+00:00,c2b163e7f0e7879bbbb22876ca024499ef8ffc1c2f0235e24310a19a0c128d92
000127.46+071911.5,0.364454,7.319876,2.8731,,,,,normal_agn,2020ApJS..250....9L,SDSS DR16Q,True,,,,,0,000127.46+071911.5,dev,,,,,,,,,,,,,,,,,,,,,,,,,,,,,,False,2026-02-27T17:37:54.760120+00:00,c2b163e7f0e7879bbbb22876ca024499ef8ffc1c2f0235e24310a19a0c128d92
000036.73+044503.3,0.15307,4.750938,0.947442,,,,,normal_agn,2020ApJS..250....9L,SDSS DR16Q,True,,,,,0,000036.73+044503.3,dev,,,,,,,,,,,,,,,,,,,,,,,,,,,,,,False,2026-02-27T17:37:54.760120+00:00,c2b163e7f0e7879bbbb22876ca024499ef8ffc1c2f0235e24310a19a0c128d92
000159.76+292622.0,0.499007,29.439468,1.975299,,,,,normal_agn,2020ApJS..250....9L,SDSS DR16Q,True,,,,,0,000159.76+292622.0,test,,,,,,,,,,,,,,,,,,,,,,,,,,,,,,False,2026-02-27T17:37:54.760120+00:00,c2b163e7f0e7879bbbb22876ca024499ef8ffc1c2f0235e24310a19a0c128d92
000014.74+003203.2,0.061434,0.534246,2.598,,,,,normal_agn,2020ApJS..250....9L,SDSS DR16Q,True,,,,,0,000014.74+003203.2,dev,,,,,,,,,,,,,,,,,,,,,,,,,,,,,,False,2026-02-27T17:37:54.760120+00:00,c2b163e7f0e7879bbbb22876ca024499ef8ffc1c2f0235e24310a19a0c128d92
000159.89+222409.4,0.499547,22.402616,1.372067,,,,,normal_agn,2020ApJS..250....9L,SDSS DR16Q,True,,,,,0,000159.89+222409.4,dev,,,,,,,,,,,,,,,,,,,,,,,,,,,,,,False,2026-02-27T17:37:54.760120+00:00,c2b163e7f0e7879bbbb22876ca024499ef8ffc1c2f0235e24310a19a0c128d92
000139.52+322953.1,0.414669,32.4981,1.089676,,,,,normal_agn,2020ApJS..250....9L,SDSS DR16Q,True,,,,,0,000139.52+322953.1,dev,,,,,,,,,,,,,,,,,,,,,,,,,,,,,,False,2026-02-27T17:37:54.760120+00:00,c2b163e7f0e7879bbbb22876ca024499ef8ffc1c2f0235e24310a19a0c128d92
000005.39+212944.8,0.022476,21.495785,1.204955,,,,,normal_agn,2020ApJS..250....9L,SDSS DR16Q,True,,,,,0,000005.39+212944.8,dev,,,,,,,,,,,,,,,,,,,,,,,,,,,,,,False,2026-02-27T17:37:54.760120+00:00,c2b163e7f0e7879bbbb22876ca024499ef8ffc1c2f0235e24310a19a0c128d92
000022.17+255005.3,0.092398,25.834825,1.38294,,,,,normal_agn,2020ApJS..250....9L,SDSS DR16Q,True,,,,,0,000022.17+255005.3,test,,,,,,,,,,,,,,,,,,,,,,,,,,,,,,False,2026-02-27T17:37:54.760120+00:00,c2b163e7f0e7879bbbb22876ca024499ef8ffc1c2f0235e24310a19a0c128d92
000204.72-001755.0,0.519667,-0.298611,1.267798,,,,,normal_agn,2020ApJS..250....9L,SDSS DR16Q,True,,,,,0,000204.72-001755.0,dev,,,,,,,,,,,,,,,,,,,,,,,,,,,,,,False,2026-02-27T17:37:54.760120+00:00,c2b163e7f0e7879bbbb22876ca024499ef8ffc1c2f0235e24310a19a0c128d92
000151.24+084413.3,0.463532,8.737029,1.89,,,,,normal_agn,2020ApJS..250....9L,SDSS DR16Q,True,,,,,0,000151.24+084413.3,dev,,,,,,,,,,,,,,,,,,,,,,,,,,,,,,False,2026-02-27T17:37:54.760120+00:00,c2b163e7f0e7879bbbb22876ca024499ef8ffc1c2f0235e24310a19a0c128d92
000008.03-002727.4,0.033461,-0.45763,2.181238,,,,,normal_agn,2020ApJS..250....9L,SDSS DR16Q,True,,,,,0,000008.03-002727.4,dev,,,,,,,,,,,,,,,,,,,,,,,,,,,,,,False,2026-02-27T17:37:54.760120+00:00,c2b163e7f0e7879bbbb22876ca024499ef8ffc1c2f0235e24310a19a0c128d92
000057.15+150936.5,0.238158,15.160148,1.297,,,,,normal_agn,2020ApJS..250....9L,SDSS DR16Q,True,,,,,0,000057.15+150936.5,dev,,,,,,,,,,,,,,,,,,,,,,,,,,,,,,False,2026-02-27T17:37:54.760120+00:00,c2b163e7f0e7879bbbb22876ca024499ef8ffc1c2f0235e24310a19a0c128d92
000052.48-022635.5,0.218667,-2.443202,0.802884,,,,,normal_agn,2020ApJS..250....9L,SDSS DR16Q,True,,,,,0,000052.48-022635.5,dev,,,,,,,,,,,,,,,,,,,,,,,,,,,,,,False,2026-02-27T17:37:54.760120+00:00,c2b163e7f0e7879bbbb22876ca024499ef8ffc1c2f0235e24310a19a0c128d92
000124.72+334159.1,0.353006,33.699753,1.094168,,,,,normal_agn,2020ApJS..250....9L,SDSS DR16Q,True,,,,,0,000124.72+334159.1,dev,,,,,,,,,,,,,,,,,,,,,,,,,,,,,,False,2026-02-27T17:37:54.760120+00:00,c2b163e7f0e7879bbbb22876ca024499ef8ffc1c2f0235e24310a19a0c128d92
000159.27+034352.9,0.496973,3.731381,0.85,,,,,normal_agn,2020ApJS..250....9L,SDSS DR16Q,True,,,,,0,000159.27+034352.9,dev,,,,,,,,,,,,,,,,,,,,,,,,,,,,,,False,2026-02-27T17:37:54.760120+00:00,c2b163e7f0e7879bbbb22876ca024499ef8ffc1c2f0235e24310a19a0c128d92
000042.92+310715.3,0.17886,31.120944,1.619551,,,,,normal_agn,2020ApJS..250....9L,SDSS DR16Q,True,,,,,0,000042.92+310715.3,test,,,,,,,,,,,,,,,,,,,,,,,,,,,,,,False,2026-02-27T17:37:54.760120+00:00,c2b163e7f0e7879bbbb22876ca024499ef8ffc1c2f0235e24310a19a0c128d92
000123.61-032317.9,0.34839,-3.388329,3.121,,,,,normal_agn,2020ApJS..250....9L,SDSS DR16Q,True,,,,,0,000123.61-032317.9,test,,,,,,,,,,,,,,,,,,,,,,,,,,,,,,False,2026-02-27T17:37:54.760120+00:00,c2b163e7f0e7879bbbb22876ca024499ef8ffc1c2f0235e24310a19a0c128d92
000033.71+102012.0,0.140471,10.336684,1.038839,,,,,normal_agn,2020ApJS..250....9L,SDSS DR16Q,True,,,,,0,000033.71+102012.0,test,,,,,,,,,,,,,,,,,,,,,,,,,,,,,,False,2026-02-27T17:37:54.760120+00:00,c2b163e7f0e7879bbbb22876ca024499ef8ffc1c2f0235e24310a19a0c128d92
000202.62+085628.4,0.510943,8.941235,0.215246,,,,,normal_agn,2020ApJS..250....9L,SDSS DR16Q,True,,,,,0,000202.62+085628.4,dev,,,,,,,,,,,,,,,,,,,,,,,,,,,,,,False,2026-02-27T17:37:54.760120+00:00,c2b163e7f0e7879bbbb22876ca024499ef8ffc1c2f0235e24310a19a0c128d92
000056.16+192036.9,0.234034,19.343593,1.221,,,,,normal_agn,2020ApJS..250....9L,SDSS DR16Q,True,,,,,0,000056.16+192036.9,test,,,,,,,,,,,,,,,,,,,,,,,,,,,,,,False,2026-02-27T17:37:54.760120+00:00,c2b163e7f0e7879bbbb22876ca024499ef8ffc1c2f0235e24310a19a0c128d92
000031.97+002249.9,0.13323,0.380531,1.156922,,,,,normal_agn,2020ApJS..250....9L,SDSS DR16Q,True,,,,,0,000031.97+002249.9,dev,,,,,,,,,,,,,,,,,,,,,,,,,,,,,,False,2026-02-27T17:37:54.760120+00:00,c2b163e7f0e7879bbbb22876ca024499ef8ffc1c2f0235e24310a19a0c128d92
000017.38-085123.7,0.072423,-8.856608,1.25372,,,,,normal_agn,2020ApJS..250....9L,SDSS DR16Q,True,,,,,0,000017.38-085123.7,dev,,,,,,,,,,,,,,,,,,,,,,,,,,,,,,False,2026-02-27T17:37:54.760120+00:00,c2b163e7f0e7879bbbb22876ca024499ef8ffc1c2f0235e24310a19a0c128d92
000034.80+210108.1,0.145024,21.018918,1.0188,,,,,normal_agn,2020ApJS..250....9L,SDSS DR16Q,True,,,,,0,000034.80+210108.1,dev,,,,,,,,,,,,,,,,,,,,,,,,,,,,,,False,2026-02-27T17:37:54.760120+00:00,c2b163e7f0e7879bbbb22876ca024499ef8ffc1c2f0235e24310a19a0c128d92
000132.22+135258.3,0.384262,13.882887,2.885,,,,,normal_agn,2020ApJS..250....9L,SDSS DR16Q,True,,,,,0,000132.22+135258.3,dev,,,,,,,,,,,,,,,,,,,,,,,,,,,,,,False,2026-02-27T17:37:54.760120+00:00,c2b163e7f0e7879bbbb22876ca024499ef8ffc1c2f0235e24310a19a0c128d92
000038.16+020144.5,0.159019,2.029049,0.98163,,,,,normal_agn,2020ApJS..250....9L,SDSS DR16Q,True,,,,,0,000038.16+020144.5,dev,,,,,,,,,,,,,,,,,,,,,,,,,,,,,,False,2026-02-27T17:37:54.760120+00:00,c2b163e7f0e7879bbbb22876ca024499ef8ffc1c2f0235e24310a19a0c128d92
000203.62+183121.9,0.515092,18.522753,1.134564,,,,,normal_agn,2020ApJS..250....9L,SDSS DR16Q,True,,,,,0,000203.62+183121.9,dev,,,,,,,,,,,,,,,,,,,,,,,,,,,,,,False,2026-02-27T17:37:54.760120+00:00,c2b163e7f0e7879bbbb22876ca024499ef8ffc1c2f0235e24310a19a0c128d92
000105.87+005341.7,0.274486,0.894933,1.506951,,,,,normal_agn,2020ApJS..250....9L,SDSS DR16Q,True,,,,,0,000105.87+005341.7,dev,,,,,,,,,,,,,,,,,,,,,,,,,,,,,,False,2026-02-27T17:37:54.760120+00:00,c2b163e7f0e7879bbbb22876ca024499ef8ffc1c2f0235e24310a19a0c128d92
000200.32+204718.9,0.501347,20.7886,0.733455,,,,,normal_agn,2020ApJS..250....9L,SDSS DR16Q,True,,,,,0,000200.32+204718.9,dev,,,,,,,,,,,,,,,,,,,,,,,,,,,,,,False,2026-02-27T17:37:54.760120+00:00,c2b163e7f0e7879bbbb22876ca024499ef8ffc1c2f0235e24310a19a0c128d92
000059.58+295642.5,0.248268,29.945145,3.252,,,,,normal_agn,2020ApJS..250....9L,SDSS DR16Q,True,,,,,0,000059.58+295642.5,test,,,,,,,,,,,,,,,,,,,,,,,,,,,,,,False,2026-02-27T17:37:54.760120+00:00,c2b163e7f0e7879bbbb22876ca024499ef8ffc1c2f0235e24310a19a0c128d92
000055.85+200708.9,0.232714,20.119151,1.274523,,,,,normal_agn,2020ApJS..250....9L,SDSS DR16Q,True,,,,,0,000055.85+200708.9,dev,,,,,,,,,,,,,,,,,,,,,,,,,,,,,,False,2026-02-27T17:37:54.760120+00:00,c2b163e7f0e7879bbbb22876ca024499ef8ffc1c2f0235e24310a19a0c128d92
000203.11+315153.1,0.512959,31.864774,2.265,,,,,normal_agn,2020ApJS..250....9L,SDSS DR16Q,True,,,,,0,000203.11+315153.1,test,,,,,,,,,,,,,,,,,,,,,,,,,,,,,,False,2026-02-27T17:37:54.760120+00:00,c2b163e7f0e7879bbbb22876ca024499ef8ffc1c2f0235e24310a19a0c128d92
000057.67-085617.0,0.240324,-8.938062,1.096212,,,,,normal_agn,2020ApJS..250....9L,SDSS DR16Q,True,,,,,0,000057.67-085617.0,dev,,,,,,,,,,,,,,,,,,,,,,,,,,,,,,False,2026-02-27T17:37:54.760120+00:00,c2b163e7f0e7879bbbb22876ca024499ef8ffc1c2f0235e24310a19a0c128d92
000000.57+055630.8,0.002375,5.941903,2.102771,,,,,normal_agn,2020ApJS..250....9L,SDSS DR16Q,True,,,,,0,000000.57+055630.8,dev,,,,,,,,,,,,,,,,,,,,,,,,,,,,,,False,2026-02-27T17:37:54.760120+00:00,c2b163e7f0e7879bbbb22876ca024499ef8ffc1c2f0235e24310a19a0c128d92
000046.17+170047.0,0.19239,17.01307,0.801,,,,,normal_agn,2020ApJS..250....9L,SDSS DR16Q,True,,,,,0,000046.17+170047.0,dev,,,,,,,,,,,,,,,,,,,,,,,,,,,,,,False,2026-02-27T17:37:54.760120+00:00,c2b163e7f0e7879bbbb22876ca024499ef8ffc1c2f0235e24310a19a0c128d92
000026.27+022140.8,0.109474,2.361353,0.77,,,,,normal_agn,2020ApJS..250....9L,SDSS DR16Q,True,,,,,0,000026.27+022140.8,dev,,,,,,,,,,,,,,,,,,,,,,,,,,,,,,False,2026-02-27T17:37:54.760120+00:00,c2b163e7f0e7879bbbb22876ca024499ef8ffc1c2f0235e24310a19a0c128d92
000130.31+013749.2,0.376303,1.63034,1.164568,,,,,normal_agn,2020ApJS..250....9L,SDSS DR16Q,True,,,,,0,000130.31+013749.2,dev,,,,,,,,,,,,,,,,,,,,,,,,,,,,,,False,2026-02-27T17:37:54.760120+00:00,c2b163e7f0e7879bbbb22876ca024499ef8ffc1c2f0235e24310a19a0c128d92
000202.42+330824.3,0.510118,33.140102,1.57,,,,,normal_agn,2020ApJS..250....9L,SDSS DR16Q,True,,,,,0,000202.42+330824.3,dev,,,,,,,,,,,,,,,,,,,,,,,,,,,,,,False,2026-02-27T17:37:54.760120+00:00,c2b163e7f0e7879bbbb22876ca024499ef8ffc1c2f0235e24310a19a0c128d92
000139.32+331947.9,0.413862,33.329993,1.924306,,,,,normal_agn,2020ApJS..250....9L,SDSS DR16Q,True,,,,,0,000139.32+331947.9,test,,,,,,,,,,,,,,,,,,,,,,,,,,,,,,False,2026-02-27T17:37:54.760120+00:00,c2b163e7f0e7879bbbb22876ca024499ef8ffc1c2f0235e24310a19a0c128d92
000130.25+053321.5,0.376044,5.555976,2.057971,,,,,normal_agn,2020ApJS..250....9L,SDSS DR16Q,True,,,,,0,000130.25+053321.5,test,,,,,,,,,,,,,,,,,,,,,,,,,,,,,,False,2026-02-27T17:37:54.760120+00:00,c2b163e7f0e7879bbbb22876ca024499ef8ffc1c2f0235e24310a19a0c128d92
000015.56+194941.0,0.064849,19.82807,1.245175,,,,,normal_agn,2020ApJS..250....9L,SDSS DR16Q,True,,,,,0,000015.56+194941.0,dev,,,,,,,,,,,,,,,,,,,,,,,,,,,,,,False,2026-02-27T17:37:54.760120+00:00,c2b163e7f0e7879bbbb22876ca024499ef8ffc1c2f0235e24310a19a0c128d92
000108.68+342549.2,0.286202,34.430337,2.235136,,,,,normal_agn,2020ApJS..250....9L,SDSS DR16Q,True,,,,,0,000108.68+342549.2,dev,,,,,,,,,,,,,,,,,,,,,,,,,,,,,,False,2026-02-27T17:37:54.760120+00:00,c2b163e7f0e7879bbbb22876ca024499ef8ffc1c2f0235e24310a19a0c128d92
000116.51-031050.2,0.318829,-3.180623,1.100814,,,,,normal_agn,2020ApJS..250....9L,SDSS DR16Q,True,,,,,0,000116.51-031050.2,dev,,,,,,,,,,,,,,,,,,,,,,,,,,,,,,False,2026-02-27T17:37:54.760120+00:00,c2b163e7f0e7879bbbb22876ca024499ef8ffc1c2f0235e24310a19a0c128d92
000130.57+130847.3,0.377384,13.146475,3.051,,,,,normal_agn,2020ApJS..250....9L,SDSS DR16Q,True,,,,,0,000130.57+130847.3,test,,,,,,,,,,,,,,,,,,,,,,,,,,,,,,False,2026-02-27T17:37:54.760120+00:00,c2b163e7f0e7879bbbb22876ca024499ef8ffc1c2f0235e24310a19a0c128d92
000028.24+184005.3,0.117668,18.66816,1.473829,,,,,normal_agn,2020ApJS..250....9L,SDSS DR16Q,True,,,,,0,000028.24+184005.3,dev,,,,,,,,,,,,,,,,,,,,,,,,,,,,,,False,2026-02-27T17:37:54.760120+00:00,c2b163e7f0e7879bbbb22876ca024499ef8ffc1c2f0235e24310a19a0c128d92
000018.12+013637.1,0.075536,1.610323,2.4,,,,,normal_agn,2020ApJS..250....9L,SDSS DR16Q,True,,,,,0,000018.12+013637.1,dev,,,,,,,,,,,,,,,,,,,,,,,,,,,,,,False,2026-02-27T17:37:54.760120+00:00,c2b163e7f0e7879bbbb22876ca024499ef8ffc1c2f0235e24310a19a0c128d92
000020.66+312202.7,0.086095,31.367437,2.95,,,,,normal_agn,2020ApJS..250....9L,SDSS DR16Q,True,,,,,0,000020.66+312202.7,test,,,,,,,,,,,,,,,,,,,,,,,,,,,,,,False,2026-02-27T17:37:54.760120+00:00,c2b163e7f0e7879bbbb22876ca024499ef8ffc1c2f0235e24310a19a0c128d92
000106.87+023845.9,0.278661,2.64611,1.76,,,,,normal_agn,2020ApJS..250....9L,SDSS DR16Q,True,,,,,0,000106.87+023845.9,dev,,,,,,,,,,,,,,,,,,,,,,,,,,,,,,False,2026-02-27T17:37:54.760120+00:00,c2b163e7f0e7879bbbb22876ca024499ef8ffc1c2f0235e24310a19a0c128d92
000155.79+102106.7,0.482487,10.351878,1.519424,,,,,normal_agn,2020ApJS..250....9L,SDSS DR16Q,True,,,,,0,000155.79+102106.7,dev,,,,,,,,,,,,,,,,,,,,,,,,,,,,,,False,2026-02-27T17:37:54.760120+00:00,c2b163e7f0e7879bbbb22876ca024499ef8ffc1c2f0235e24310a19a0c128d92
000003.87-024228.0,0.016165,-2.70779,1.781,,,,,normal_agn,2020ApJS..250....9L,SDSS DR16Q,True,,,,,0,000003.87-024228.0,dev,,,,,,,,,,,,,,,,,,,,,,,,,,,,,,False,2026-02-27T17:37:54.760120+00:00,c2b163e7f0e7879bbbb22876ca024499ef8ffc1c2f0235e24310a19a0c128d92
000030.64-064100.0,0.127696,-6.683355,2.606,,,,,normal_agn,2020ApJS..250....9L,SDSS DR16Q,True,,,,,0,000030.64-064100.0,test,,,,,,,,,,,,,,,,,,,,,,,,,,,,,,False,2026-02-27T17:37:54.760120+00:00,c2b163e7f0e7879bbbb22876ca024499ef8ffc1c2f0235e24310a19a0c128d92
000045.05+011127.8,0.187711,1.19106,2.065385,,,,,normal_agn,2020ApJS..250....9L,SDSS DR16Q,True,,,,,0,000045.05+011127.8,dev,,,,,,,,,,,,,,,,,,,,,,,,,,,,,,False,2026-02-27T17:37:54.760120+00:00,c2b163e7f0e7879bbbb22876ca024499ef8ffc1c2f0235e24310a19a0c128d92
000038.85+054847.7,0.161906,5.81327,1.308942,,,,,normal_agn,2020ApJS..250....9L,SDSS DR16Q,True,,,,,0,000038.85+054847.7,dev,,,,,,,,,,,,,,,,,,,,,,,,,,,,,,False,2026-02-27T17:37:54.760120+00:00,c2b163e7f0e7879bbbb22876ca024499ef8ffc1c2f0235e24310a19a0c128d92
000206.48+284933.5,0.527003,28.825991,2.053,,,,,normal_agn,2020ApJS..250....9L,SDSS DR16Q,True,,,,,0,000206.48+284933.5,dev,,,,,,,,,,,,,,,,,,,,,,,,,,,,,,False,2026-02-27T17:37:54.760120+00:00,c2b163e7f0e7879bbbb22876ca024499ef8ffc1c2f0235e24310a19a0c128d92
000200.07+291810.7,0.500312,29.302984,2.809,,,,,normal_agn,2020ApJS..250....9L,SDSS DR16Q,True,,,,,0,000200.07+291810.7,test,,,,,,,,,,,,,,,,,,,,,,,,,,,,,,False,2026-02-27T17:37:54.760120+00:00,c2b163e7f0e7879bbbb22876ca024499ef8ffc1c2f0235e24310a19a0c128d92
000107.94+064643.7,0.283084,6.778813,1.484934,,,,,normal_agn,2020ApJS..250....9L,SDSS DR16Q,True,,,,,0,000107.94+064643.7,dev,,,,,,,,,,,,,,,,,,,,,,,,,,,,,,False,2026-02-27T17:37:54.760120+00:00,c2b163e7f0e7879bbbb22876ca024499ef8ffc1c2f0235e24310a19a0c128d92
000116.62+195153.3,0.319255,19.864815,1.075559,,,,,normal_agn,2020ApJS..250....9L,SDSS DR16Q,True,,,,,0,000116.62+195153.3,dev,,,,,,,,,,,,,,,,,,,,,,,,,,,,,,False,2026-02-27T17:37:54.760120+00:00,c2b163e7f0e7879bbbb22876ca024499ef8ffc1c2f0235e24310a19a0c128d92
000048.01+333926.9,0.200054,33.657498,1.737,,,,,normal_agn,2020ApJS..250....9L,SDSS DR16Q,True,,,,,0,000048.01+333926.9,test,,,,,,,,,,,,,,,,,,,,,,,,,,,,,,False,2026-02-27T17:37:54.760120+00:00,c2b163e7f0e7879bbbb22876ca024499ef8ffc1c2f0235e24310a19a0c128d92
