source_id,error,timestamp
4FGL J0124.8-0625,"HTTPSConnectionPool(host='irsa.ipac.caltech.edu', port=443): Read timed out. (read timeout=60)",2026-03-02T09:30:28.105776+00:00
4FGL J0123.1+3421,"HTTPSConnectionPool(host='irsa.ipac.caltech.edu', port=443): Read timed out. (read timeout=60)",2026-03-02T09:31:04.660952+00:00
4FGL J0123.7-2311,"HTTPSConnectionPool(host='irsa.ipac.caltech.edu', port=443): Read timed out. (read timeout=60)",2026-03-02T09:31:04.675433+00:00
4FGL J0123.7+4209,"HTTPSConnectionPool(host='irsa.ipac.caltech.edu', port=443): Read timed out. (read timeout=60)",2026-03-02T09:31:04.719779+00:00
4FGL J0136.5+3906,"HTTPSConnectionPool(host='irsa.ipac.caltech.edu', port=443): Read timed out. (read timeout=60)",2026-03-02T09:34:40.654329+00:00
4FGL J0128.2-1722,"HTTPSConnectionPool(host='irsa.ipac.caltech.edu', port=443): Read timed out. (read timeout=60)",2026-03-02T09:34:40.658521+00:00
4FGL J0135.1+0255,"HTTPSConnectionPool(host='irsa.ipac.caltech.edu', port=443): Read timed out. (read timeout=60)",2026-03-02T09:35:01.509520+00:00
4FGL J0134.5+2637,"HTTPSConnectionPool(host='irsa.ipac.caltech.edu', port=443): Read timed out. (read timeout=60)",2026-03-02T09:35:01.512192+00:00
4FGL J0135.0+5338,"HTTPSConnectionPool(host='irsa.ipac.caltech.edu', port=443): Read timed out. (read timeout=60)",2026-03-02T09:35:01.513739+00:00
4FGL J0134.3-3842,"HTTPSConnectionPool(host='irsa.ipac.caltech.edu', port=443): Read timed out. (read timeout=60)",2026-03-02T09:35:01.547902+00:00
4FGL J0133.2-4533,"HTTPSConnectionPool(host='irsa.ipac.caltech.edu', port=443): Read timed out. (read timeout=60)",2026-03-02T09:37:39.256336+00:00
4FGL J0132.8+4324,"HTTPSConnectionPool(host='irsa.ipac.caltech.edu', port=443): Read timed out. (read timeout=60)",2026-03-02T09:38:16.099263+00:00
4FGL J0133.1-5201,"HTTPSConnectionPool(host='irsa.ipac.caltech.edu', port=443): Read timed out. (read timeout=60)",2026-03-02T09:38:16.102854+00:00
4FGL J0127.9+4857,"HTTPSConnectionPool(host='irsa.ipac.caltech.edu', port=443): Read timed out. (read timeout=60)",2026-03-02T09:38:36.842409+00:00
4FGL J0131.2+5547,"HTTPSConnectionPool(host='irsa.ipac.caltech.edu', port=443): Read timed out. (read timeout=60)",2026-03-02T09:38:36.846091+00:00
4FGL J0132.8-4413,"HTTPSConnectionPool(host='irsa.ipac.caltech.edu', port=443): Read timed out. (read timeout=60)",2026-03-02T09:38:36.848445+00:00
4FGL J0132.7-1654,"HTTPSConnectionPool(host='irsa.ipac.caltech.edu', port=443): Read timed out. (read timeout=60)",2026-03-02T09:38:36.848487+00:00
4FGL J0131.1+6120,"HTTPSConnectionPool(host='irsa.ipac.caltech.edu', port=443): Read timed out. (read timeout=60)",2026-03-02T09:39:12.525891+00:00
4FGL J0130.6+1844,"HTTPSConnectionPool(host='irsa.ipac.caltech.edu', port=443): Read timed out. (read timeout=60)",2026-03-02T09:41:14.966636+00:00
4FGL J0129.7+3436,"HTTPSConnectionPool(host='irsa.ipac.caltech.edu', port=443): Read timed out. (read timeout=60)",2026-03-02T09:41:51.433411+00:00
4FGL J0049.7+0237,"HTTPSConnectionPool(host='irsa.ipac.caltech.edu', port=443): Read timed out. (read timeout=60)",2026-03-02T09:43:46.960628+00:00
4FGL J0009.8-6358,"HTTPSConnectionPool(host='irsa.ipac.caltech.edu', port=443): Read timed out. (read timeout=60)",2026-03-02T09:47:18.910575+00:00
4FGL J0008.0-3937,"HTTPSConnectionPool(host='irsa.ipac.caltech.edu', port=443): Read timed out. (read timeout=60)",2026-03-02T09:47:18.916026+00:00
4FGL J0004.4-4737,"HTTPSConnectionPool(host='irsa.ipac.caltech.edu', port=443): Read timed out. (read timeout=60)",2026-03-02T09:49:40.859633+00:00
4FGL J0004.3+4614,"HTTPSConnectionPool(host='irsa.ipac.caltech.edu', port=443): Read timed out. (read timeout=60)",2026-03-02T09:49:40.866861+00:00
4FGL J0007.7+4008,"HTTPSConnectionPool(host='irsa.ipac.caltech.edu', port=443): Read timed out. (read timeout=60)",2026-03-02T09:50:35.059735+00:00
4FGL J0004.0+0840,"HTTPSConnectionPool(host='irsa.ipac.caltech.edu', port=443): Read timed out. (read timeout=60)",2026-03-02T09:50:35.059847+00:00
4FGL J0003.9-1149,"HTTPSConnectionPool(host='irsa.ipac.caltech.edu', port=443): Read timed out. (read timeout=60)",2026-03-02T09:50:35.081441+00:00
4FGL J0010.6+2043,"HTTPSConnectionPool(host='irsa.ipac.caltech.edu', port=443): Read timed out. (read timeout=60)",2026-03-02T09:50:35.085954+00:00
4FGL J0015.9+2440,"HTTPSConnectionPool(host='irsa.ipac.caltech.edu', port=443): Read timed out. (read timeout=60)",2026-03-02T09:50:54.201651+00:00
4FGL J0010.8-2154,"HTTPSConnectionPool(host='irsa.ipac.caltech.edu', port=443): Read timed out. (read timeout=60)",2026-03-02T09:50:54.227567+00:00
4FGL J0015.2+3537,"HTTPSConnectionPool(host='irsa.ipac.caltech.edu', port=443): Read timed out. (read timeout=60)",2026-03-02T09:53:16.340679+00:00
4FGL J0015.6+5551,"HTTPSConnectionPool(host='irsa.ipac.caltech.edu', port=443): Read timed out. (read timeout=60)",2026-03-02T09:53:16.340887+00:00
4FGL J0013.1-3955,"HTTPSConnectionPool(host='irsa.ipac.caltech.edu', port=443): Read timed out. (read timeout=60)",2026-03-02T09:56:51.635682+00:00
4FGL J0012.0+7043,"HTTPSConnectionPool(host='irsa.ipac.caltech.edu', port=443): Read timed out. (read timeout=60)",2026-03-02T09:57:31.114816+00:00
4FGL J0011.4+0057,"HTTPSConnectionPool(host='irsa.ipac.caltech.edu', port=443): Read timed out. (read timeout=60)",2026-03-02T09:57:31.124034+00:00
4FGL J0011.4-4110,"HTTPSConnectionPool(host='irsa.ipac.caltech.edu', port=443): Read timed out. (read timeout=60)",2026-03-02T09:57:51.453043+00:00
4FGL J0014.1+1910,"HTTPSConnectionPool(host='irsa.ipac.caltech.edu', port=443): Read timed out. (read timeout=60)",2026-03-02T09:57:51.460697+00:00
4FGL J0016.2-0016,"HTTPSConnectionPool(host='irsa.ipac.caltech.edu', port=443): Read timed out. (read timeout=60)",2026-03-02T09:57:51.700818+00:00
4FGL J0003.5+0717,"HTTPSConnectionPool(host='irsa.ipac.caltech.edu', port=443): Read timed out. (read timeout=60)",2026-03-02T09:57:51.774581+00:00
5BZQ J2356+8152,"HTTPSConnectionPool(host='irsa.ipac.caltech.edu', port=443): Read timed out. (read timeout=60)",2026-03-02T10:01:06.455098+00:00
5BZQ J2357+0448,"HTTPSConnectionPool(host='irsa.ipac.caltech.edu', port=443): Read timed out. (read timeout=60)",2026-03-02T10:01:06.455181+00:00
5BZG J2356+4036,"HTTPSConnectionPool(host='irsa.ipac.caltech.edu', port=443): Read timed out. (read timeout=60)",2026-03-02T10:01:26.793734+00:00
5BZB J2356-0023,"HTTPSConnectionPool(host='irsa.ipac.caltech.edu', port=443): Read timed out. (read timeout=60)",2026-03-02T10:01:26.794882+00:00
5BZQ J2356-6820,"HTTPSConnectionPool(host='irsa.ipac.caltech.edu', port=443): Read timed out. (read timeout=60)",2026-03-02T10:01:26.977214+00:00
5BZQ J2355-3357,"HTTPSConnectionPool(host='irsa.ipac.caltech.edu', port=443): Read timed out. (read timeout=60)",2026-03-02T10:01:27.080001+00:00
5BZU J2354-0405,"HTTPSConnectionPool(host='irsa.ipac.caltech.edu', port=443): Read timed out. (read timeout=60)",2026-03-02T10:02:19.852209+00:00
5BZB J2357-0152,"HTTPSConnectionPool(host='irsa.ipac.caltech.edu', port=443): Read timed out. (read timeout=60)",2026-03-02T10:02:19.875249+00:00
5BZU J2354-4106,"HTTPSConnectionPool(host='irsa.ipac.caltech.edu', port=443): Read timed out. (read timeout=60)",2026-03-02T10:04:42.833120+00:00
5BZQ J2354-1513,"HTTPSConnectionPool(host='irsa.ipac.caltech.edu', port=443): Read timed out. (read timeout=60)",2026-03-02T10:04:42.859924+00:00
5BZQ J2354-0957,"HTTPSConnectionPool(host='irsa.ipac.caltech.edu', port=443): Read timed out. (read timeout=60)",2026-03-02T10:05:02.184513+00:00
5BZQ J2352-2825,"HTTPSConnectionPool(host='irsa.ipac.caltech.edu', port=443): Read timed out. (read timeout=60)",2026-03-02T10:06:50.734648+00:00
4FGL J0003.3-5905,"HTTPSConnectionPool(host='irsa.ipac.caltech.edu', port=443): Read timed out. (read timeout=60)",2026-03-02T10:08:00.045619+00:00
5BZB J2357-1718,"HTTPSConnectionPool(host='irsa.ipac.caltech.edu', port=443): Read timed out. (read timeout=60)",2026-03-02T10:08:00.069433+00:00
5BZQ J2354+4553,"HTTPSConnectionPool(host='irsa.ipac.caltech.edu', port=443): Read timed out. (read timeout=60)",2026-03-02T10:08:00.069470+00:00
5BZQ J2357-5311,"HTTPSConnectionPool(host='irsa.ipac.caltech.edu', port=443): Read timed out. (read timeout=60)",2026-03-02T10:08:00.072416+00:00
4FGL J0003.1-5248,"HTTPSConnectionPool(host='irsa.ipac.caltech.edu', port=443): Read timed out. (read timeout=60)",2026-03-02T10:08:18.212946+00:00
4FGL J0002.4-5156,"HTTPSConnectionPool(host='irsa.ipac.caltech.edu', port=443): Read timed out. (read timeout=60)",2026-03-02T10:08:18.272878+00:00
4FGL J0002.3-0815,"HTTPSConnectionPool(host='irsa.ipac.caltech.edu', port=443): Read timed out. (read timeout=60)",2026-03-02T10:08:37.522487+00:00
4FGL J0002.1-6728,"HTTPSConnectionPool(host='irsa.ipac.caltech.edu', port=443): Read timed out. (read timeout=60)",2026-03-02T10:10:26.133599+00:00
4FGL J0001.8-2153,"HTTPSConnectionPool(host='irsa.ipac.caltech.edu', port=443): Read timed out. (read timeout=60)",2026-03-02T10:11:35.369635+00:00
4FGL J0001.5+2113,"HTTPSConnectionPool(host='irsa.ipac.caltech.edu', port=443): Read timed out. (read timeout=60)",2026-03-02T10:11:35.374543+00:00
4FGL J0001.6-4156,"HTTPSConnectionPool(host='irsa.ipac.caltech.edu', port=443): Read timed out. (read timeout=60)",2026-03-02T10:11:35.376103+00:00
4FGL J0001.4-0010,"HTTPSConnectionPool(host='irsa.ipac.caltech.edu', port=443): Read timed out. (read timeout=60)",2026-03-02T10:11:35.451786+00:00
5BZQ J2357-1125,"HTTPSConnectionPool(host='irsa.ipac.caltech.edu', port=443): Read timed out. (read timeout=60)",2026-03-02T10:11:53.744215+00:00
4FGL J0001.2-0747,"HTTPSConnectionPool(host='irsa.ipac.caltech.edu', port=443): Read timed out. (read timeout=60)",2026-03-02T10:11:53.759317+00:00
5BZQ J2359-3133,"HTTPSConnectionPool(host='irsa.ipac.caltech.edu', port=443): Read timed out. (read timeout=60)",2026-03-02T10:12:12.823132+00:00
5BZQ J2358+3922,"HTTPSConnectionPool(host='irsa.ipac.caltech.edu', port=443): Read timed out. (read timeout=60)",2026-03-02T10:15:10.924236+00:00
5BZQ J2358+1955,"HTTPSConnectionPool(host='irsa.ipac.caltech.edu', port=443): Read timed out. (read timeout=60)",2026-03-02T10:15:11.068560+00:00
5BZB J2359-3037,"HTTPSConnectionPool(host='irsa.ipac.caltech.edu', port=443): Read timed out. (read timeout=60)",2026-03-02T10:15:11.098179+00:00
5BZQ J2358+0430,"HTTPSConnectionPool(host='irsa.ipac.caltech.edu', port=443): Read timed out. (read timeout=60)",2026-03-02T10:15:11.286629+00:00
5BZQ J2358-1020,"HTTPSConnectionPool(host='irsa.ipac.caltech.edu', port=443): Read timed out. (read timeout=60)",2026-03-02T10:15:29.071533+00:00
5BZQ J2358-4555,"HTTPSConnectionPool(host='irsa.ipac.caltech.edu', port=443): Read timed out. (read timeout=60)",2026-03-02T10:15:29.074438+00:00
4FGL J0001.2+4741,"HTTPSConnectionPool(host='irsa.ipac.caltech.edu', port=443): Read timed out. (read timeout=60)",2026-03-02T10:15:48.179712+00:00
4FGL J0016.5+1702,"HTTPSConnectionPool(host='irsa.ipac.caltech.edu', port=443): Read timed out. (read timeout=60)",2026-03-02T10:16:56.087186+00:00
4FGL J0017.0-0649,"HTTPSConnectionPool(host='irsa.ipac.caltech.edu', port=443): Read timed out. (read timeout=60)",2026-03-02T10:18:46.478124+00:00
4FGL J0017.5-0514,"HTTPSConnectionPool(host='irsa.ipac.caltech.edu', port=443): Read timed out. (read timeout=60)",2026-03-02T10:18:46.561796+00:00
4FGL J0042.0+3640,"HTTPSConnectionPool(host='irsa.ipac.caltech.edu', port=443): Read timed out. (read timeout=60)",2026-03-02T10:18:46.671546+00:00
4FGL J0040.9+3203,"HTTPSConnectionPool(host='irsa.ipac.caltech.edu', port=443): Read timed out. (read timeout=60)",2026-03-02T10:19:04.398484+00:00
4FGL J0041.4+3800,"HTTPSConnectionPool(host='irsa.ipac.caltech.edu', port=443): Read timed out. (read timeout=60)",2026-03-02T10:19:04.403455+00:00
4FGL J0040.3+4050,"HTTPSConnectionPool(host='irsa.ipac.caltech.edu', port=443): Read timed out. (read timeout=60)",2026-03-02T10:20:31.404073+00:00
4FGL J0039.1+4330,"HTTPSConnectionPool(host='irsa.ipac.caltech.edu', port=443): Read timed out. (read timeout=60)",2026-03-02T10:21:43.675360+00:00
4FGL J0042.2+2319,"HTTPSConnectionPool(host='irsa.ipac.caltech.edu', port=443): Read timed out. (read timeout=60)",2026-03-02T10:22:22.069974+00:00
4FGL J0039.0-0946,"HTTPSConnectionPool(host='irsa.ipac.caltech.edu', port=443): Read timed out. (read timeout=60)",2026-03-02T10:22:22.070147+00:00
4FGL J0039.1-2219,"HTTPSConnectionPool(host='irsa.ipac.caltech.edu', port=443): Read timed out. (read timeout=60)",2026-03-02T10:22:22.096183+00:00
4FGL J0038.1+0012,"HTTPSConnectionPool(host='irsa.ipac.caltech.edu', port=443): Read timed out. (read timeout=60)",2026-03-02T10:22:35.949172+00:00
4FGL J0037.9+2612,"HTTPSConnectionPool(host='irsa.ipac.caltech.edu', port=443): Read timed out. (read timeout=60)",2026-03-02T10:22:39.796997+00:00
4FGL J0037.8+1239,"HTTPSConnectionPool(host='irsa.ipac.caltech.edu', port=443): Read timed out. (read timeout=60)",2026-03-02T10:22:39.798214+00:00
4FGL J0036.9+1832,"HTTPSConnectionPool(host='irsa.ipac.caltech.edu', port=443): Read timed out. (read timeout=60)",2026-03-02T10:24:06.777886+00:00
4FGL J0036.8+1431,"HTTPSConnectionPool(host='irsa.ipac.caltech.edu', port=443): Read timed out. (read timeout=60)",2026-03-02T10:25:19.028926+00:00
4FGL J0035.8-0837,"HTTPSConnectionPool(host='irsa.ipac.caltech.edu', port=443): Read timed out. (read timeout=60)",2026-03-02T10:25:57.393647+00:00
4FGL J0035.9+5950,"HTTPSConnectionPool(host='irsa.ipac.caltech.edu', port=443): Read timed out. (read timeout=60)",2026-03-02T10:25:57.394961+00:00
4FGL J0035.8+6131,"HTTPSConnectionPool(host='irsa.ipac.caltech.edu', port=443): Read timed out. (read timeout=60)",2026-03-02T10:25:57.396493+00:00
4FGL J0038.2-2459,"HTTPSConnectionPool(host='irsa.ipac.caltech.edu', port=443): Read timed out. (read timeout=60)",2026-03-02T10:26:11.279910+00:00
4FGL J0043.5-0442,"HTTPSConnectionPool(host='irsa.ipac.caltech.edu', port=443): Read timed out. (read timeout=60)",2026-03-02T10:26:15.790045+00:00
4FGL J0035.2+1514,"HTTPSConnectionPool(host='irsa.ipac.caltech.edu', port=443): Read timed out. (read timeout=60)",2026-03-02T10:26:15.794806+00:00
4FGL J0043.7-1116,"HTTPSConnectionPool(host='irsa.ipac.caltech.edu', port=443): Read timed out. (read timeout=60)",2026-03-02T10:27:42.075790+00:00
4FGL J0049.6-4500,"HTTPSConnectionPool(host='irsa.ipac.caltech.edu', port=443): Read timed out. (read timeout=60)",2026-03-02T10:28:54.329222+00:00
4FGL J0049.4-5402,"HTTPSConnectionPool(host='irsa.ipac.caltech.edu', port=443): Read timed out. (read timeout=60)",2026-03-02T10:29:32.754746+00:00
4FGL J0049.2+6227,"HTTPSConnectionPool(host='irsa.ipac.caltech.edu', port=443): Read timed out. (read timeout=60)",2026-03-02T10:29:32.756555+00:00
4FGL J0049.5-4150,"HTTPSConnectionPool(host='irsa.ipac.caltech.edu', port=443): Read timed out. (read timeout=60)",2026-03-02T10:29:32.756621+00:00
4FGL J0049.1+4223,"HTTPSConnectionPool(host='irsa.ipac.caltech.edu', port=443): Read timed out. (read timeout=60)",2026-03-02T10:29:46.616714+00:00
4FGL J0049.0+2252,"HTTPSConnectionPool(host='irsa.ipac.caltech.edu', port=443): Read timed out. (read timeout=60)",2026-03-02T10:29:51.094541+00:00
4FGL J0048.6-2427,"HTTPSConnectionPool(host='irsa.ipac.caltech.edu', port=443): Read timed out. (read timeout=60)",2026-03-02T10:29:51.097983+00:00
4FGL J0047.9+2233,"HTTPSConnectionPool(host='irsa.ipac.caltech.edu', port=443): Read timed out. (read timeout=60)",2026-03-02T10:31:17.462319+00:00
4FGL J0043.6+2223,"HTTPSConnectionPool(host='irsa.ipac.caltech.edu', port=443): Read timed out. (read timeout=60)",2026-03-02T10:32:29.695412+00:00
4FGL J0047.9+5448,"HTTPSConnectionPool(host='irsa.ipac.caltech.edu', port=443): Read timed out. (read timeout=60)",2026-03-02T10:33:08.093516+00:00
4FGL J0047.0+5657,"HTTPSConnectionPool(host='irsa.ipac.caltech.edu', port=443): Read timed out. (read timeout=60)",2026-03-02T10:33:08.093687+00:00
4FGL J0045.7+1217,"HTTPSConnectionPool(host='irsa.ipac.caltech.edu', port=443): Read timed out. (read timeout=60)",2026-03-02T10:33:08.098650+00:00
4FGL J0045.3+2128,"HTTPSConnectionPool(host='irsa.ipac.caltech.edu', port=443): Read timed out. (read timeout=60)",2026-03-02T10:33:21.959253+00:00
4FGL J0045.1-3706,"HTTPSConnectionPool(host='irsa.ipac.caltech.edu', port=443): Read timed out. (read timeout=60)",2026-03-02T10:33:26.403440+00:00
4FGL J0044.9+4553,"HTTPSConnectionPool(host='irsa.ipac.caltech.edu', port=443): Read timed out. (read timeout=60)",2026-03-02T10:33:26.405302+00:00
4FGL J0044.8+6802,"HTTPSConnectionPool(host='irsa.ipac.caltech.edu', port=443): Read timed out. (read timeout=60)",2026-03-02T10:34:52.766092+00:00
4FGL J0044.2-8424,"HTTPSConnectionPool(host='irsa.ipac.caltech.edu', port=443): Read timed out. (read timeout=60)",2026-03-02T10:36:05.009583+00:00
4FGL J0035.0-5728,"HTTPSConnectionPool(host='irsa.ipac.caltech.edu', port=443): Read timed out. (read timeout=60)",2026-03-02T10:36:43.463140+00:00
4FGL J0043.8+3425,"HTTPSConnectionPool(host='irsa.ipac.caltech.edu', port=443): Read timed out. (read timeout=60)",2026-03-02T10:36:43.463294+00:00
4FGL J0047.9+3947,"HTTPSConnectionPool(host='irsa.ipac.caltech.edu', port=443): Read timed out. (read timeout=60)",2026-03-02T10:36:43.463333+00:00
4FGL J0034.0-4116,"HTTPSConnectionPool(host='irsa.ipac.caltech.edu', port=443): Read timed out. (read timeout=60)",2026-03-02T10:36:57.296593+00:00
4FGL J0023.7+4457,"HTTPSConnectionPool(host='irsa.ipac.caltech.edu', port=443): Read timed out. (read timeout=60)",2026-03-02T10:37:01.736641+00:00
4FGL J0033.9+3858,"HTTPSConnectionPool(host='irsa.ipac.caltech.edu', port=443): Read timed out. (read timeout=60)",2026-03-02T10:37:01.739154+00:00
4FGL J0022.1-1854,"HTTPSConnectionPool(host='irsa.ipac.caltech.edu', port=443): Read timed out. (read timeout=60)",2026-03-02T10:40:18.790176+00:00
4FGL J0022.0+0006,"HTTPSConnectionPool(host='irsa.ipac.caltech.edu', port=443): Read timed out. (read timeout=60)",2026-03-02T10:40:18.791432+00:00
4FGL J0021.9-5140,"HTTPSConnectionPool(host='irsa.ipac.caltech.edu', port=443): Read timed out. (read timeout=60)",2026-03-02T10:40:18.796434+00:00
4FGL J0021.5-2221,"HTTPSConnectionPool(host='irsa.ipac.caltech.edu', port=443): Read timed out. (read timeout=60)",2026-03-02T10:41:16.076621+00:00
4FGL J0019.3-8152,"HTTPSConnectionPool(host='irsa.ipac.caltech.edu', port=443): Read timed out. (read timeout=60)",2026-03-02T10:42:44.750226+00:00
4FGL J0018.4+2946,"HTTPSConnectionPool(host='irsa.ipac.caltech.edu', port=443): Read timed out. (read timeout=60)",2026-03-02T10:43:54.138076+00:00
4FGL J0019.2-5640,"HTTPSConnectionPool(host='irsa.ipac.caltech.edu', port=443): Read timed out. (read timeout=60)",2026-03-02T10:43:54.144914+00:00
4FGL J0018.8+2611,"HTTPSConnectionPool(host='irsa.ipac.caltech.edu', port=443): Read timed out. (read timeout=60)",2026-03-02T10:43:54.144983+00:00
4FGL J0017.8+1455,"HTTPSConnectionPool(host='irsa.ipac.caltech.edu', port=443): Read timed out. (read timeout=60)",2026-03-02T10:44:52.241438+00:00
4FGL J0024.5-0810,"HTTPSConnectionPool(host='irsa.ipac.caltech.edu', port=443): Read timed out. (read timeout=60)",2026-03-02T10:45:33.339750+00:00
4FGL J0021.0+0322,"HTTPSConnectionPool(host='irsa.ipac.caltech.edu', port=443): Read timed out. (read timeout=60)",2026-03-02T10:45:33.341079+00:00
4FGL J0024.7+0349,"HTTPSConnectionPool(host='irsa.ipac.caltech.edu', port=443): Read timed out. (read timeout=60)",2026-03-02T10:46:20.296372+00:00
4FGL J0033.3-2040,"HTTPSConnectionPool(host='irsa.ipac.caltech.edu', port=443): Read timed out. (read timeout=60)",2026-03-02T10:47:29.428291+00:00
4FGL J0032.4-2849,"HTTPSConnectionPool(host='irsa.ipac.caltech.edu', port=443): Read timed out. (read timeout=60)",2026-03-02T10:48:27.571711+00:00
4FGL J0032.3-5522,"HTTPSConnectionPool(host='irsa.ipac.caltech.edu', port=443): Read timed out. (read timeout=60)",2026-03-02T10:48:30.983633+00:00
4FGL J0031.3+0726,"HTTPSConnectionPool(host='irsa.ipac.caltech.edu', port=443): Read timed out. (read timeout=60)",2026-03-02T10:49:08.661691+00:00
4FGL J0030.6-0212,"HTTPSConnectionPool(host='irsa.ipac.caltech.edu', port=443): Read timed out. (read timeout=60)",2026-03-02T10:49:08.691218+00:00
4FGL J0030.3-4224,"HTTPSConnectionPool(host='irsa.ipac.caltech.edu', port=443): Read timed out. (read timeout=60)",2026-03-02T10:49:55.644171+00:00
4FGL J0030.2-1647,"HTTPSConnectionPool(host='irsa.ipac.caltech.edu', port=443): Read timed out. (read timeout=60)",2026-03-02T10:50:20.327921+00:00
4FGL J0030.2+0001,"HTTPSConnectionPool(host='irsa.ipac.caltech.edu', port=443): Read timed out. (read timeout=60)",2026-03-02T10:50:20.389749+00:00
4FGL J0029.4+2051,"HTTPSConnectionPool(host='irsa.ipac.caltech.edu', port=443): Read timed out. (read timeout=60)",2026-03-02T10:51:04.735925+00:00
4FGL J0028.5+2001,"HTTPSConnectionPool(host='irsa.ipac.caltech.edu', port=443): Read timed out. (read timeout=60)",2026-03-02T10:52:43.978517+00:00
4FGL J0028.8-0112,"HTTPSConnectionPool(host='irsa.ipac.caltech.edu', port=443): Read timed out. (read timeout=60)",2026-03-02T10:52:43.979730+00:00
4FGL J0301.5-7156,"HTTPSConnectionPool(host='irsa.ipac.caltech.edu', port=443): Read timed out. (read timeout=60)",2026-03-02T11:08:33.442783+00:00
4FGL J0301.0-1652,"HTTPSConnectionPool(host='irsa.ipac.caltech.edu', port=443): Read timed out. (read timeout=60)",2026-03-02T11:08:33.508282+00:00
4FGL J0259.5+1924,"HTTPSConnectionPool(host='irsa.ipac.caltech.edu', port=443): Read timed out. (read timeout=60)",2026-03-02T11:09:45.271635+00:00
4FGL J0259.4+0746,"HTTPSConnectionPool(host='irsa.ipac.caltech.edu', port=443): Read timed out. (read timeout=60)",2026-03-02T11:10:28.956567+00:00
4FGL J0258.1+2030,"HTTPSConnectionPool(host='irsa.ipac.caltech.edu', port=443): Read timed out. (read timeout=60)",2026-03-02T11:10:29.094246+00:00
4FGL J0259.3+5453,"HTTPSConnectionPool(host='irsa.ipac.caltech.edu', port=443): Read timed out. (read timeout=60)",2026-03-02T11:10:29.096967+00:00
4FGL J0402.9+6433,"HTTPSConnectionPool(host='irsa.ipac.caltech.edu', port=443): Read timed out. (read timeout=60)",2026-03-02T11:26:17.566965+00:00
4FGL J0402.1-3147,"HTTPSConnectionPool(host='irsa.ipac.caltech.edu', port=443): Read timed out. (read timeout=60)",2026-03-02T11:26:17.595901+00:00
5BZQ J1735+3616,"HTTPSConnectionPool(host='irsa.ipac.caltech.edu', port=443): Read timed out. (read timeout=60)",2026-03-02T13:06:51.105884+00:00
5BZB J1735+5650,"HTTPSConnectionPool(host='irsa.ipac.caltech.edu', port=443): Read timed out. (read timeout=60)",2026-03-02T13:07:16.294163+00:00
5BZQ J1739+4955,"HTTPSConnectionPool(host='irsa.ipac.caltech.edu', port=443): Read timed out. (read timeout=60)",2026-03-02T13:07:19.048122+00:00
5BZB J1756+5522,"HTTPSConnectionPool(host='irsa.ipac.caltech.edu', port=443): Read timed out. (read timeout=60)",2026-03-02T13:07:19.048221+00:00
5BZQ J1745+1720,"HTTPSConnectionPool(host='irsa.ipac.caltech.edu', port=443): Read timed out. (read timeout=60)",2026-03-02T13:13:19.886188+00:00
5BZB J1749+4321,"HTTPSConnectionPool(host='irsa.ipac.caltech.edu', port=443): Read timed out. (read timeout=60)",2026-03-02T13:14:49.551239+00:00
5BZU J1819-5521,"HTTPSConnectionPool(host='irsa.ipac.caltech.edu', port=443): Read timed out. (read timeout=60)",2026-03-02T13:14:49.628322+00:00
5BZU J1911+1611,"HTTPSConnectionPool(host='irsa.ipac.caltech.edu', port=443): Read timed out. (read timeout=60)",2026-03-02T13:16:41.159507+00:00
5BZQ J1855+3742,"HTTPSConnectionPool(host='irsa.ipac.caltech.edu', port=443): Read timed out. (read timeout=60)",2026-03-02T13:19:25.852037+00:00
5BZQ J1857-5325,"HTTPSConnectionPool(host='irsa.ipac.caltech.edu', port=443): Read timed out. (read timeout=60)",2026-03-02T13:19:25.852806+00:00
5BZQ J1854+7351,"HTTPSConnectionPool(host='irsa.ipac.caltech.edu', port=443): Read timed out. (read timeout=60)",2026-03-02T13:19:25.900443+00:00
5BZB J1853+6713,"HTTPSConnectionPool(host='irsa.ipac.caltech.edu', port=443): Read timed out. (read timeout=60)",2026-03-02T13:20:16.636866+00:00
5BZU J1829+4844,"HTTPSConnectionPool(host='irsa.ipac.caltech.edu', port=443): Read timed out. (read timeout=60)",2026-03-02T13:29:30.353757+00:00
5BZB J1829+5402,"HTTPSConnectionPool(host='irsa.ipac.caltech.edu', port=443): Read timed out. (read timeout=60)",2026-03-02T13:30:02.103169+00:00
5BZQ J1829-5813,"HTTPSConnectionPool(host='irsa.ipac.caltech.edu', port=443): Read timed out. (read timeout=60)",2026-03-02T13:30:02.148262+00:00
5BZQ J1826-3650,"HTTPSConnectionPool(host='irsa.ipac.caltech.edu', port=443): Read timed out. (read timeout=60)",2026-03-02T13:32:26.349869+00:00
5BZQ J1840+3900,"HTTPSConnectionPool(host='irsa.ipac.caltech.edu', port=443): Read timed out. (read timeout=60)",2026-03-02T13:38:54.252287+00:00
5BZG J1840-7709,"HTTPSConnectionPool(host='irsa.ipac.caltech.edu', port=443): Read timed out. (read timeout=60)",2026-03-02T13:38:54.285551+00:00
5BZQ J1838-3427,"HTTPSConnectionPool(host='irsa.ipac.caltech.edu', port=443): Read timed out. (read timeout=60)",2026-03-02T13:39:37.203646+00:00
5BZQ J1837-5848,"HTTPSConnectionPool(host='irsa.ipac.caltech.edu', port=443): Read timed out. (read timeout=60)",2026-03-02T13:39:37.351347+00:00
5BZQ J2308+2008,"HTTPSConnectionPool(host='irsa.ipac.caltech.edu', port=443): Read timed out. (read timeout=60)",2026-03-02T13:42:54.460247+00:00
5BZQ J2311+3425,"HTTPSConnectionPool(host='irsa.ipac.caltech.edu', port=443): Read timed out. (read timeout=60)",2026-03-02T13:53:28.646241+00:00
5BZB J2311+0205,"HTTPSConnectionPool(host='irsa.ipac.caltech.edu', port=443): Read timed out. (read timeout=60)",2026-03-02T13:53:42.303481+00:00
5BZG J2318+3048,"HTTPSConnectionPool(host='irsa.ipac.caltech.edu', port=443): Read timed out. (read timeout=60)",2026-03-02T13:54:17.631976+00:00
5BZQ J2259-0811,"HTTPSConnectionPool(host='irsa.ipac.caltech.edu', port=443): Read timed out. (read timeout=60)",2026-03-02T13:54:17.632490+00:00
5BZQ J2300-2644,"HTTPSConnectionPool(host='irsa.ipac.caltech.edu', port=443): Read timed out. (read timeout=60)",2026-03-02T13:54:17.632539+00:00
5BZQ J2251+2217,"HTTPSConnectionPool(host='irsa.ipac.caltech.edu', port=443): Read timed out. (read timeout=60)",2026-03-02T13:57:04.136727+00:00
5BZB J2249+1308,"HTTPSConnectionPool(host='irsa.ipac.caltech.edu', port=443): Read timed out. (read timeout=60)",2026-03-02T13:59:17.266987+00:00
5BZB J2338+2124,"HTTPSConnectionPool(host='irsa.ipac.caltech.edu', port=443): Read timed out. (read timeout=60)",2026-03-02T14:10:37.420289+00:00
5BZQ J2343-2858,"HTTPSConnectionPool(host='irsa.ipac.caltech.edu', port=443): Read timed out. (read timeout=60)",2026-03-02T14:10:37.420387+00:00
5BZQ J2337-5216,"HTTPSConnectionPool(host='irsa.ipac.caltech.edu', port=443): Read timed out. (read timeout=60)",2026-03-02T14:10:37.490205+00:00
5BZG J2346+4024,"HTTPSConnectionPool(host='irsa.ipac.caltech.edu', port=443): Read timed out. (read timeout=60)",2026-03-02T14:18:11.957903+00:00
5BZG J2345-1449,"HTTPSConnectionPool(host='irsa.ipac.caltech.edu', port=443): Read timed out. (read timeout=60)",2026-03-02T14:18:11.963442+00:00
5BZB J2346+8007,"HTTPSConnectionPool(host='irsa.ipac.caltech.edu', port=443): Read timed out. (read timeout=60)",2026-03-02T14:18:12.010006+00:00
5BZU J2345-1515,"HTTPSConnectionPool(host='irsa.ipac.caltech.edu', port=443): Read timed out. (read timeout=60)",2026-03-02T14:19:14.567489+00:00
5BZQ J2345-1555,"HTTPSConnectionPool(host='irsa.ipac.caltech.edu', port=443): Read timed out. (read timeout=60)",2026-03-02T14:19:30.488476+00:00
5BZQ J2347-4946,"HTTPSConnectionPool(host='irsa.ipac.caltech.edu', port=443): Read timed out. (read timeout=60)",2026-03-02T14:19:46.188506+00:00
5BZB J2319+1611,"HTTPSConnectionPool(host='irsa.ipac.caltech.edu', port=443): Read timed out. (read timeout=60)",2026-03-02T14:19:46.188615+00:00
5BZU J2333-2343,"HTTPSConnectionPool(host='irsa.ipac.caltech.edu', port=443): Read timed out. (read timeout=60)",2026-03-02T14:19:46.198187+00:00
5BZB J2323+4210,"HTTPSConnectionPool(host='irsa.ipac.caltech.edu', port=443): Read timed out. (read timeout=60)",2026-03-02T14:21:47.290040+00:00
5BZQ J2324-3714,"HTTPSConnectionPool(host='irsa.ipac.caltech.edu', port=443): Read timed out. (read timeout=60)",2026-03-02T14:21:47.311107+00:00
5BZQ J2332-4118,"HTTPSConnectionPool(host='irsa.ipac.caltech.edu', port=443): Read timed out. (read timeout=60)",2026-03-02T14:21:47.311200+00:00
5BZQ J2323-0617,"HTTPSConnectionPool(host='irsa.ipac.caltech.edu', port=443): Read timed out. (read timeout=60)",2026-03-02T14:22:49.854940+00:00
5BZQ J2151+0552,"HTTPSConnectionPool(host='irsa.ipac.caltech.edu', port=443): Read timed out. (read timeout=60)",2026-03-02T14:36:11.402909+00:00
5BZQ J2136+0041,"HTTPSConnectionPool(host='irsa.ipac.caltech.edu', port=443): Read timed out. (read timeout=60)",2026-03-02T14:48:34.261502+00:00
5BZB J2149+0322,"HTTPSConnectionPool(host='irsa.ipac.caltech.edu', port=443): Read timed out. (read timeout=60)",2026-03-02T14:48:34.461484+00:00
5BZB J2148-0733,"HTTPSConnectionPool(host='irsa.ipac.caltech.edu', port=443): Read timed out. (read timeout=60)",2026-03-02T14:48:34.475110+00:00
5BZQ J2148+0657,"HTTPSConnectionPool(host='irsa.ipac.caltech.edu', port=443): Read timed out. (read timeout=60)",2026-03-02T14:48:34.724060+00:00
5BZQ J2145-3357,"HTTPSConnectionPool(host='irsa.ipac.caltech.edu', port=443): Read timed out. (read timeout=60)",2026-03-02T14:48:34.728473+00:00
5BZQ J2147-7621,"HTTPSConnectionPool(host='irsa.ipac.caltech.edu', port=443): Read timed out. (read timeout=60)",2026-03-02T14:48:34.733025+00:00
5BZQ J2238+0724,"HTTPSConnectionPool(host='irsa.ipac.caltech.edu', port=443): Read timed out. (read timeout=60)",2026-03-02T14:56:58.469234+00:00
5BZQ J2237-3921,"HTTPSConnectionPool(host='irsa.ipac.caltech.edu', port=443): Read timed out. (read timeout=60)",2026-03-02T14:56:58.472732+00:00
5BZG J2238-3940,"HTTPSConnectionPool(host='irsa.ipac.caltech.edu', port=443): Read timed out. (read timeout=60)",2026-03-02T14:56:58.508581+00:00
5BZB J2236-1433,"HTTPSConnectionPool(host='irsa.ipac.caltech.edu', port=443): Read timed out. (read timeout=60)",2026-03-02T14:56:58.692353+00:00
5BZQ J2236+2828,"HTTPSConnectionPool(host='irsa.ipac.caltech.edu', port=443): Read timed out. (read timeout=60)",2026-03-02T14:56:58.990844+00:00
5BZQ J2230-1325,"HTTPSConnectionPool(host='irsa.ipac.caltech.edu', port=443): Read timed out. (read timeout=60)",2026-03-02T15:02:18.873885+00:00
5BZB J2235-3629,"HTTPSConnectionPool(host='irsa.ipac.caltech.edu', port=443): Read timed out. (read timeout=60)",2026-03-02T15:02:18.877273+00:00
5BZQ J2239-5525,"HTTPSConnectionPool(host='irsa.ipac.caltech.edu', port=443): Read timed out. (read timeout=60)",2026-03-02T15:02:18.953125+00:00
5BZB J2243+2021,"HTTPSConnectionPool(host='irsa.ipac.caltech.edu', port=443): Read timed out. (read timeout=60)",2026-03-02T15:07:27.517212+00:00
5BZB J2243-2544,"HTTPSConnectionPool(host='irsa.ipac.caltech.edu', port=443): Read timed out. (read timeout=60)",2026-03-02T15:07:27.544260+00:00
5BZB J2243-0609,"HTTPSConnectionPool(host='irsa.ipac.caltech.edu', port=443): Read timed out. (read timeout=60)",2026-03-02T15:07:43.535542+00:00
5BZQ J2241+0953,"HTTPSConnectionPool(host='irsa.ipac.caltech.edu', port=443): Read timed out. (read timeout=60)",2026-03-02T15:07:43.538877+00:00
5BZB J2241+4120,"HTTPSConnectionPool(host='irsa.ipac.caltech.edu', port=443): Read timed out. (read timeout=60)",2026-03-02T15:07:43.604194+00:00
5BZB J2219+2120,"HTTPSConnectionPool(host='irsa.ipac.caltech.edu', port=443): Read timed out. (read timeout=60)",2026-03-02T15:20:32.860826+00:00
5BZQ J2219+0736,"HTTPSConnectionPool(host='irsa.ipac.caltech.edu', port=443): Read timed out. (read timeout=60)",2026-03-02T15:20:32.862633+00:00
5BZB J2222-1753,"HTTPSConnectionPool(host='irsa.ipac.caltech.edu', port=443): Read timed out. (read timeout=60)",2026-03-02T15:20:32.862679+00:00
5BZQ J2219-2719,"HTTPSConnectionPool(host='irsa.ipac.caltech.edu', port=443): Read timed out. (read timeout=60)",2026-03-02T15:20:32.862978+00:00
5BZG J2219+2613,"HTTPSConnectionPool(host='irsa.ipac.caltech.edu', port=443): Read timed out. (read timeout=60)",2026-03-02T15:20:32.865798+00:00
5BZB J2221-5225,"HTTPSConnectionPool(host='irsa.ipac.caltech.edu', port=443): Read timed out. (read timeout=60)",2026-03-02T15:20:32.960378+00:00
4FGL J1043.2+2408,"HTTPSConnectionPool(host='irsa.ipac.caltech.edu', port=443): Read timed out. (read timeout=60)",2026-03-02T15:31:54.502839+00:00
4FGL J1042.1-4128,"HTTPSConnectionPool(host='irsa.ipac.caltech.edu', port=443): Read timed out. (read timeout=60)",2026-03-02T15:31:54.508376+00:00
4FGL J1042.9+0054,"HTTPSConnectionPool(host='irsa.ipac.caltech.edu', port=443): Read timed out. (read timeout=60)",2026-03-02T15:31:54.508434+00:00
4FGL J1041.9-0557,"HTTPSConnectionPool(host='irsa.ipac.caltech.edu', port=443): Read timed out. (read timeout=60)",2026-03-02T15:32:23.397778+00:00
4FGL J1054.5+2211,"HTTPSConnectionPool(host='irsa.ipac.caltech.edu', port=443): Max retries exceeded with url: /TAP/sync?QUERY=%0A++++SELECT+mjd%2C+w1mpro%2C+w1sigmpro%2C+w2mpro%2C+w2sigmpro%2C+qi_fact%2C+saa_sep%2C+moon_masked%0A++++FROM+neowiser_p1bs_psd%0A++++WHERE+CONTAINS%28%0A++++++++POINT%28%27ICRS%27%2C+ra%2C+dec%29%2C%0A++++++++CIRCLE%28%27ICRS%27%2C+163.627899%2C+22.191299%2C+0.00083333%29%0A++++%29+%3D+1%0A++++AND+qi_fact+%3E%3D+1+AND+saa_sep+%3E%3D+5%0A++++AND+w1sigmpro+IS+NOT+NULL+AND+w1sigmpro+%3C+0.2%0A++++ORDER+BY+mjd%0A++++&FORMAT=json&LANG=ADQL (Caused by NameResolutionError(""<urllib3.connection.HTTPSConnection object at 0x10994b4d0>: Failed to resolve 'irsa.ipac.caltech.edu' ([Errno 8] nodename nor servname provided, or not known)""))",2026-03-02T16:29:21.001478+00:00
4FGL J1054.2+3926,"HTTPSConnectionPool(host='irsa.ipac.caltech.edu', port=443): Max retries exceeded with url: /TAP/sync?QUERY=%0A++++SELECT+mjd%2C+w1mpro%2C+w1sigmpro%2C+w2mpro%2C+w2sigmpro%2C+qi_fact%2C+saa_sep%2C+moon_masked%0A++++FROM+neowiser_p1bs_psd%0A++++WHERE+CONTAINS%28%0A++++++++POINT%28%27ICRS%27%2C+ra%2C+dec%29%2C%0A++++++++CIRCLE%28%27ICRS%27%2C+163.558197%2C+39.435200%2C+0.00083333%29%0A++++%29+%3D+1%0A++++AND+qi_fact+%3E%3D+1+AND+saa_sep+%3E%3D+5%0A++++AND+w1sigmpro+IS+NOT+NULL+AND+w1sigmpro+%3C+0.2%0A++++ORDER+BY+mjd%0A++++&FORMAT=json&LANG=ADQL (Caused by NameResolutionError(""<urllib3.connection.HTTPSConnection object at 0x116066490>: Failed to resolve 'irsa.ipac.caltech.edu' ([Errno 8] nodename nor servname provided, or not known)""))",2026-03-02T16:29:21.036985+00:00
4FGL J1057.3-2341,"HTTPSConnectionPool(host='irsa.ipac.caltech.edu', port=443): Max retries exceeded with url: /TAP/sync?QUERY=%0A++++SELECT+mjd%2C+w1mpro%2C+w1sigmpro%2C+w2mpro%2C+w2sigmpro%2C+qi_fact%2C+saa_sep%2C+moon_masked%0A++++FROM+neowiser_p1bs_psd%0A++++WHERE+CONTAINS%28%0A++++++++POINT%28%27ICRS%27%2C+ra%2C+dec%29%2C%0A++++++++CIRCLE%28%27ICRS%27%2C+164.342300%2C+-23.688900%2C+0.00083333%29%0A++++%29+%3D+1%0A++++AND+qi_fact+%3E%3D+1+AND+saa_sep+%3E%3D+5%0A++++AND+w1sigmpro+IS+NOT+NULL+AND+w1sigmpro+%3C+0.2%0A++++ORDER+BY+mjd%0A++++&FORMAT=json&LANG=ADQL (Caused by NameResolutionError(""<urllib3.connection.HTTPSConnection object at 0x116066990>: Failed to resolve 'irsa.ipac.caltech.edu' ([Errno 8] nodename nor servname provided, or not known)""))",2026-03-02T16:29:56.571003+00:00
4FGL J1057.8-2754,"HTTPSConnectionPool(host='irsa.ipac.caltech.edu', port=443): Max retries exceeded with url: /TAP/sync?QUERY=%0A++++SELECT+mjd%2C+w1mpro%2C+w1sigmpro%2C+w2mpro%2C+w2sigmpro%2C+qi_fact%2C+saa_sep%2C+moon_masked%0A++++FROM+neowiser_p1bs_psd%0A++++WHERE+CONTAINS%28%0A++++++++POINT%28%27ICRS%27%2C+ra%2C+dec%29%2C%0A++++++++CIRCLE%28%27ICRS%27%2C+164.453995%2C+-27.901600%2C+0.00083333%29%0A++++%29+%3D+1%0A++++AND+qi_fact+%3E%3D+1+AND+saa_sep+%3E%3D+5%0A++++AND+w1sigmpro+IS+NOT+NULL+AND+w1sigmpro+%3C+0.2%0A++++ORDER+BY+mjd%0A++++&FORMAT=json&LANG=ADQL (Caused by NameResolutionError(""<urllib3.connection.HTTPSConnection object at 0x116064910>: Failed to resolve 'irsa.ipac.caltech.edu' ([Errno 8] nodename nor servname provided, or not known)""))",2026-03-02T16:29:56.610666+00:00
4FGL J1053.9+8628,"HTTPSConnectionPool(host='irsa.ipac.caltech.edu', port=443): Read timed out. (read timeout=60)",2026-03-02T17:16:54.644325+00:00
4FGL J1053.7+4930,"HTTPSConnectionPool(host='irsa.ipac.caltech.edu', port=443): Read timed out. (read timeout=60)",2026-03-02T17:16:54.690800+00:00
4FGL J0923.5+4210,"HTTPSConnectionPool(host='irsa.ipac.caltech.edu', port=443): Read timed out. (read timeout=60)",2026-03-02T17:23:52.736527+00:00
4FGL J1014.3+4112,"HTTPSConnectionPool(host='irsa.ipac.caltech.edu', port=443): Read timed out. (read timeout=60)",2026-03-02T17:24:05.876875+00:00
4FGL J0926.4+5412,"HTTPSConnectionPool(host='irsa.ipac.caltech.edu', port=443): Read timed out. (read timeout=60)",2026-03-02T17:24:05.957746+00:00
4FGL J0925.7+3126,"HTTPSConnectionPool(host='irsa.ipac.caltech.edu', port=443): Read timed out. (read timeout=60)",2026-03-02T17:24:05.999526+00:00
4FGL J0925.7+5959,"HTTPSConnectionPool(host='irsa.ipac.caltech.edu', port=443): Read timed out. (read timeout=60)",2026-03-02T17:24:10.190795+00:00
4FGL J0924.0+0534,"HTTPSConnectionPool(host='irsa.ipac.caltech.edu', port=443): Read timed out. (read timeout=60)",2026-03-02T17:24:10.215861+00:00
4FGL J0924.0+2816,"HTTPSConnectionPool(host='irsa.ipac.caltech.edu', port=443): Read timed out. (read timeout=60)",2026-03-02T17:24:10.816127+00:00
4FGL J0917.3-0342,"HTTPSConnectionPool(host='irsa.ipac.caltech.edu', port=443): Max retries exceeded with url: /TAP/sync?QUERY=%0A++++SELECT+mjd%2C+w1mpro%2C+w1sigmpro%2C+w2mpro%2C+w2sigmpro%2C+qi_fact%2C+saa_sep%2C+moon_masked%0A++++FROM+neowiser_p1bs_psd%0A++++WHERE+CONTAINS%28%0A++++++++POINT%28%27ICRS%27%2C+ra%2C+dec%29%2C%0A++++++++CIRCLE%28%27ICRS%27%2C+139.333893%2C+-3.703500%2C+0.00083333%29%0A++++%29+%3D+1%0A++++AND+qi_fact+%3E%3D+1+AND+saa_sep+%3E%3D+5%0A++++AND+w1sigmpro+IS+NOT+NULL+AND+w1sigmpro+%3C+0.2%0A++++ORDER+BY+mjd%0A++++&FORMAT=json&LANG=ADQL (Caused by NameResolutionError(""<urllib3.connection.HTTPSConnection object at 0x10994b610>: Failed to resolve 'irsa.ipac.caltech.edu' ([Errno 8] nodename nor servname provided, or not known)""))",2026-03-02T18:20:17.339238+00:00
4FGL J0917.1-2131,"HTTPSConnectionPool(host='irsa.ipac.caltech.edu', port=443): Max retries exceeded with url: /TAP/sync?QUERY=%0A++++SELECT+mjd%2C+w1mpro%2C+w1sigmpro%2C+w2mpro%2C+w2sigmpro%2C+qi_fact%2C+saa_sep%2C+moon_masked%0A++++FROM+neowiser_p1bs_psd%0A++++WHERE+CONTAINS%28%0A++++++++POINT%28%27ICRS%27%2C+ra%2C+dec%29%2C%0A++++++++CIRCLE%28%27ICRS%27%2C+139.282593%2C+-21.525200%2C+0.00083333%29%0A++++%29+%3D+1%0A++++AND+qi_fact+%3E%3D+1+AND+saa_sep+%3E%3D+5%0A++++AND+w1sigmpro+IS+NOT+NULL+AND+w1sigmpro+%3C+0.2%0A++++ORDER+BY+mjd%0A++++&FORMAT=json&LANG=ADQL (Caused by NameResolutionError(""<urllib3.connection.HTTPSConnection object at 0x10994bc50>: Failed to resolve 'irsa.ipac.caltech.edu' ([Errno 8] nodename nor servname provided, or not known)""))",2026-03-02T18:20:17.422964+00:00
4FGL J0916.7+5238,"HTTPSConnectionPool(host='irsa.ipac.caltech.edu', port=443): Read timed out. (read timeout=60)",2026-03-02T18:27:10.842035+00:00
4FGL J0916.7+3856,"HTTPSConnectionPool(host='irsa.ipac.caltech.edu', port=443): Read timed out. (read timeout=60)",2026-03-02T18:27:10.842320+00:00
4FGL J0915.4-3027,"HTTPSConnectionPool(host='irsa.ipac.caltech.edu', port=443): Read timed out. (read timeout=60)",2026-03-02T18:27:17.680784+00:00
4FGL J0915.9+2933,"HTTPSConnectionPool(host='irsa.ipac.caltech.edu', port=443): Read timed out. (read timeout=60)",2026-03-02T18:27:17.680885+00:00
4FGL J1124.9+2143,"HTTPSConnectionPool(host='irsa.ipac.caltech.edu', port=443): Max retries exceeded with url: /TAP/sync?QUERY=%0A++++SELECT+mjd%2C+w1mpro%2C+w1sigmpro%2C+w2mpro%2C+w2sigmpro%2C+qi_fact%2C+saa_sep%2C+moon_masked%0A++++FROM+neowiser_p1bs_psd%0A++++WHERE+CONTAINS%28%0A++++++++POINT%28%27ICRS%27%2C+ra%2C+dec%29%2C%0A++++++++CIRCLE%28%27ICRS%27%2C+171.242493%2C+21.730900%2C+0.00083333%29%0A++++%29+%3D+1%0A++++AND+qi_fact+%3E%3D+1+AND+saa_sep+%3E%3D+5%0A++++AND+w1sigmpro+IS+NOT+NULL+AND+w1sigmpro+%3C+0.2%0A++++ORDER+BY+mjd%0A++++&FORMAT=json&LANG=ADQL (Caused by NameResolutionError(""<urllib3.connection.HTTPSConnection object at 0x10994bc50>: Failed to resolve 'irsa.ipac.caltech.edu' ([Errno 8] nodename nor servname provided, or not known)""))",2026-03-02T20:45:08.462996+00:00
4FGL J1124.9+4934,"HTTPSConnectionPool(host='irsa.ipac.caltech.edu', port=443): Read timed out. (read timeout=60)",2026-03-02T21:25:13.163961+00:00
4FGL J1150.6+4154,"HTTPSConnectionPool(host='irsa.ipac.caltech.edu', port=443): Read timed out. (read timeout=60)",2026-03-02T22:02:37.686400+00:00
4FGL J1150.6-4823,"HTTPSConnectionPool(host='irsa.ipac.caltech.edu', port=443): Read timed out. (read timeout=60)",2026-03-02T22:02:37.686527+00:00
4FGL J1150.0+1033,"HTTPSConnectionPool(host='irsa.ipac.caltech.edu', port=443): Read timed out. (read timeout=60)",2026-03-02T22:16:48.858251+00:00
4FGL J1149.4+2441,"HTTPSConnectionPool(host='irsa.ipac.caltech.edu', port=443): Read timed out. (read timeout=60)",2026-03-02T22:16:58.678309+00:00
4FGL J1151.5-1347,"HTTPSConnectionPool(host='irsa.ipac.caltech.edu', port=443): Read timed out. (read timeout=60)",2026-03-02T22:17:40.492071+00:00
4FGL J0546.9-2206,"HTTPSConnectionPool(host='irsa.ipac.caltech.edu', port=443): Max retries exceeded with url: /TAP/sync?QUERY=%0A++++SELECT+mjd%2C+w1mpro%2C+w1sigmpro%2C+w2mpro%2C+w2sigmpro%2C+qi_fact%2C+saa_sep%2C+moon_masked%0A++++FROM+neowiser_p1bs_psd%0A++++WHERE+CONTAINS%28%0A++++++++POINT%28%27ICRS%27%2C+ra%2C+dec%29%2C%0A++++++++CIRCLE%28%27ICRS%27%2C+86.726601%2C+-22.112400%2C+0.00083333%29%0A++++%29+%3D+1%0A++++AND+qi_fact+%3E%3D+1+AND+saa_sep+%3E%3D+5%0A++++AND+w1sigmpro+IS+NOT+NULL+AND+w1sigmpro+%3C+0.2%0A++++ORDER+BY+mjd%0A++++&FORMAT=json&LANG=ADQL (Caused by NameResolutionError(""<urllib3.connection.HTTPSConnection object at 0x10994b9d0>: Failed to resolve 'irsa.ipac.caltech.edu' ([Errno 8] nodename nor servname provided, or not known)""))",2026-03-02T22:34:15.218822+00:00
4FGL J0556.2-4352,"HTTPSConnectionPool(host='irsa.ipac.caltech.edu', port=443): Max retries exceeded with url: /TAP/sync?QUERY=%0A++++SELECT+mjd%2C+w1mpro%2C+w1sigmpro%2C+w2mpro%2C+w2sigmpro%2C+qi_fact%2C+saa_sep%2C+moon_masked%0A++++FROM+neowiser_p1bs_psd%0A++++WHERE+CONTAINS%28%0A++++++++POINT%28%27ICRS%27%2C+ra%2C+dec%29%2C%0A++++++++CIRCLE%28%27ICRS%27%2C+89.074898%2C+-43.869598%2C+0.00083333%29%0A++++%29+%3D+1%0A++++AND+qi_fact+%3E%3D+1+AND+saa_sep+%3E%3D+5%0A++++AND+w1sigmpro+IS+NOT+NULL+AND+w1sigmpro+%3C+0.2%0A++++ORDER+BY+mjd%0A++++&FORMAT=json&LANG=ADQL (Caused by NameResolutionError(""<urllib3.connection.HTTPSConnection object at 0x10994b4d0>: Failed to resolve 'irsa.ipac.caltech.edu' ([Errno 8] nodename nor servname provided, or not known)""))",2026-03-02T22:34:31.738416+00:00
4FGL J0550.5-3216,"HTTPSConnectionPool(host='irsa.ipac.caltech.edu', port=443): Max retries exceeded with url: /TAP/sync?QUERY=%0A++++SELECT+mjd%2C+w1mpro%2C+w1sigmpro%2C+w2mpro%2C+w2sigmpro%2C+qi_fact%2C+saa_sep%2C+moon_masked%0A++++FROM+neowiser_p1bs_psd%0A++++WHERE+CONTAINS%28%0A++++++++POINT%28%27ICRS%27%2C+ra%2C+dec%29%2C%0A++++++++CIRCLE%28%27ICRS%27%2C+87.625198%2C+-32.277100%2C+0.00083333%29%0A++++%29+%3D+1%0A++++AND+qi_fact+%3E%3D+1+AND+saa_sep+%3E%3D+5%0A++++AND+w1sigmpro+IS+NOT+NULL+AND+w1sigmpro+%3C+0.2%0A++++ORDER+BY+mjd%0A++++&FORMAT=json&LANG=ADQL (Caused by NameResolutionError(""<urllib3.connection.HTTPSConnection object at 0x116066490>: Failed to resolve 'irsa.ipac.caltech.edu' ([Errno 8] nodename nor servname provided, or not known)""))",2026-03-02T22:35:46.229164+00:00
4FGL J0552.4+3755,"HTTPSConnectionPool(host='irsa.ipac.caltech.edu', port=443): Read timed out. (read timeout=60)",2026-03-02T22:36:19.697722+00:00
4FGL J0548.5-5218,"HTTPSConnectionPool(host='irsa.ipac.caltech.edu', port=443): Max retries exceeded with url: /TAP/sync?QUERY=%0A++++SELECT+mjd%2C+w1mpro%2C+w1sigmpro%2C+w2mpro%2C+w2sigmpro%2C+qi_fact%2C+saa_sep%2C+moon_masked%0A++++FROM+neowiser_p1bs_psd%0A++++WHERE+CONTAINS%28%0A++++++++POINT%28%27ICRS%27%2C+ra%2C+dec%29%2C%0A++++++++CIRCLE%28%27ICRS%27%2C+87.144203%2C+-52.315300%2C+0.00083333%29%0A++++%29+%3D+1%0A++++AND+qi_fact+%3E%3D+1+AND+saa_sep+%3E%3D+5%0A++++AND+w1sigmpro+IS+NOT+NULL+AND+w1sigmpro+%3C+0.2%0A++++ORDER+BY+mjd%0A++++&FORMAT=json&LANG=ADQL (Caused by NameResolutionError(""<urllib3.connection.HTTPSConnection object at 0x116067c50>: Failed to resolve 'irsa.ipac.caltech.edu' ([Errno 8] nodename nor servname provided, or not known)""))",2026-03-02T22:36:29.175157+00:00
4FGL J0549.0+3258c,"HTTPSConnectionPool(host='irsa.ipac.caltech.edu', port=443): Max retries exceeded with url: /TAP/sync?QUERY=%0A++++SELECT+mjd%2C+w1mpro%2C+w1sigmpro%2C+w2mpro%2C+w2sigmpro%2C+qi_fact%2C+saa_sep%2C+moon_masked%0A++++FROM+neowiser_p1bs_psd%0A++++WHERE+CONTAINS%28%0A++++++++POINT%28%27ICRS%27%2C+ra%2C+dec%29%2C%0A++++++++CIRCLE%28%27ICRS%27%2C+87.269798%2C+32.968601%2C+0.00083333%29%0A++++%29+%3D+1%0A++++AND+qi_fact+%3E%3D+1+AND+saa_sep+%3E%3D+5%0A++++AND+w1sigmpro+IS+NOT+NULL+AND+w1sigmpro+%3C+0.2%0A++++ORDER+BY+mjd%0A++++&FORMAT=json&LANG=ADQL (Caused by NameResolutionError(""<urllib3.connection.HTTPSConnection object at 0x116064690>: Failed to resolve 'irsa.ipac.caltech.edu' ([Errno 8] nodename nor servname provided, or not known)""))",2026-03-02T22:36:29.238504+00:00
4FGL J0542.8-3458,"HTTPSConnectionPool(host='irsa.ipac.caltech.edu', port=443): Max retries exceeded with url: /TAP/sync?QUERY=%0A++++SELECT+mjd%2C+w1mpro%2C+w1sigmpro%2C+w2mpro%2C+w2sigmpro%2C+qi_fact%2C+saa_sep%2C+moon_masked%0A++++FROM+neowiser_p1bs_psd%0A++++WHERE+CONTAINS%28%0A++++++++POINT%28%27ICRS%27%2C+ra%2C+dec%29%2C%0A++++++++CIRCLE%28%27ICRS%27%2C+85.704002%2C+-34.982601%2C+0.00083333%29%0A++++%29+%3D+1%0A++++AND+qi_fact+%3E%3D+1+AND+saa_sep+%3E%3D+5%0A++++AND+w1sigmpro+IS+NOT+NULL+AND+w1sigmpro+%3C+0.2%0A++++ORDER+BY+mjd%0A++++&FORMAT=json&LANG=ADQL (Caused by NameResolutionError(""<urllib3.connection.HTTPSConnection object at 0x116064190>: Failed to resolve 'irsa.ipac.caltech.edu' ([Errno 8] nodename nor servname provided, or not known)""))",2026-03-02T22:36:30.885084+00:00
4FGL J0423.1+2106,"HTTPSConnectionPool(host='irsa.ipac.caltech.edu', port=443): Max retries exceeded with url: /TAP/sync?QUERY=%0A++++SELECT+mjd%2C+w1mpro%2C+w1sigmpro%2C+w2mpro%2C+w2sigmpro%2C+qi_fact%2C+saa_sep%2C+moon_masked%0A++++FROM+neowiser_p1bs_psd%0A++++WHERE+CONTAINS%28%0A++++++++POINT%28%27ICRS%27%2C+ra%2C+dec%29%2C%0A++++++++CIRCLE%28%27ICRS%27%2C+65.780502%2C+21.108700%2C+0.00083333%29%0A++++%29+%3D+1%0A++++AND+qi_fact+%3E%3D+1+AND+saa_sep+%3E%3D+5%0A++++AND+w1sigmpro+IS+NOT+NULL+AND+w1sigmpro+%3C+0.2%0A++++ORDER+BY+mjd%0A++++&FORMAT=json&LANG=ADQL (Caused by NameResolutionError(""<urllib3.connection.HTTPSConnection object at 0x10994b250>: Failed to resolve 'irsa.ipac.caltech.edu' ([Errno 8] nodename nor servname provided, or not known)""))",2026-03-02T23:25:17.962062+00:00
4FGL J0509.1-7317,"HTTPSConnectionPool(host='irsa.ipac.caltech.edu', port=443): Max retries exceeded with url: /TAP/sync?QUERY=%0A++++SELECT+mjd%2C+w1mpro%2C+w1sigmpro%2C+w2mpro%2C+w2sigmpro%2C+qi_fact%2C+saa_sep%2C+moon_masked%0A++++FROM+neowiser_p1bs_psd%0A++++WHERE+CONTAINS%28%0A++++++++POINT%28%27ICRS%27%2C+ra%2C+dec%29%2C%0A++++++++CIRCLE%28%27ICRS%27%2C+77.297302%2C+-73.299500%2C+0.00083333%29%0A++++%29+%3D+1%0A++++AND+qi_fact+%3E%3D+1+AND+saa_sep+%3E%3D+5%0A++++AND+w1sigmpro+IS+NOT+NULL+AND+w1sigmpro+%3C+0.2%0A++++ORDER+BY+mjd%0A++++&FORMAT=json&LANG=ADQL (Caused by NameResolutionError(""<urllib3.connection.HTTPSConnection object at 0x10994bc50>: Failed to resolve 'irsa.ipac.caltech.edu' ([Errno 8] nodename nor servname provided, or not known)""))",2026-03-02T23:30:19.733406+00:00
4FGL J0507.4-3346,"HTTPSConnectionPool(host='irsa.ipac.caltech.edu', port=443): Max retries exceeded with url: /TAP/sync?QUERY=%0A++++SELECT+mjd%2C+w1mpro%2C+w1sigmpro%2C+w2mpro%2C+w2sigmpro%2C+qi_fact%2C+saa_sep%2C+moon_masked%0A++++FROM+neowiser_p1bs_psd%0A++++WHERE+CONTAINS%28%0A++++++++POINT%28%27ICRS%27%2C+ra%2C+dec%29%2C%0A++++++++CIRCLE%28%27ICRS%27%2C+76.859100%2C+-33.781300%2C+0.00083333%29%0A++++%29+%3D+1%0A++++AND+qi_fact+%3E%3D+1+AND+saa_sep+%3E%3D+5%0A++++AND+w1sigmpro+IS+NOT+NULL+AND+w1sigmpro+%3C+0.2%0A++++ORDER+BY+mjd%0A++++&FORMAT=json&LANG=ADQL (Caused by NameResolutionError(""<urllib3.connection.HTTPSConnection object at 0x116065950>: Failed to resolve 'irsa.ipac.caltech.edu' ([Errno 8] nodename nor servname provided, or not known)""))",2026-03-02T23:33:39.149712+00:00
4FGL J0507.9+4647,"HTTPSConnectionPool(host='irsa.ipac.caltech.edu', port=443): Max retries exceeded with url: /TAP/sync?QUERY=%0A++++SELECT+mjd%2C+w1mpro%2C+w1sigmpro%2C+w2mpro%2C+w2sigmpro%2C+qi_fact%2C+saa_sep%2C+moon_masked%0A++++FROM+neowiser_p1bs_psd%0A++++WHERE+CONTAINS%28%0A++++++++POINT%28%27ICRS%27%2C+ra%2C+dec%29%2C%0A++++++++CIRCLE%28%27ICRS%27%2C+76.978600%2C+46.795101%2C+0.00083333%29%0A++++%29+%3D+1%0A++++AND+qi_fact+%3E%3D+1+AND+saa_sep+%3E%3D+5%0A++++AND+w1sigmpro+IS+NOT+NULL+AND+w1sigmpro+%3C+0.2%0A++++ORDER+BY+mjd%0A++++&FORMAT=json&LANG=ADQL (Caused by NameResolutionError(""<urllib3.connection.HTTPSConnection object at 0x116067d90>: Failed to resolve 'irsa.ipac.caltech.edu' ([Errno 8] nodename nor servname provided, or not known)""))",2026-03-02T23:34:02.333719+00:00
4FGL J0507.7-6104,"HTTPSConnectionPool(host='irsa.ipac.caltech.edu', port=443): Max retries exceeded with url: /TAP/sync?QUERY=%0A++++SELECT+mjd%2C+w1mpro%2C+w1sigmpro%2C+w2mpro%2C+w2sigmpro%2C+qi_fact%2C+saa_sep%2C+moon_masked%0A++++FROM+neowiser_p1bs_psd%0A++++WHERE+CONTAINS%28%0A++++++++POINT%28%27ICRS%27%2C+ra%2C+dec%29%2C%0A++++++++CIRCLE%28%27ICRS%27%2C+76.932701%2C+-61.081402%2C+0.00083333%29%0A++++%29+%3D+1%0A++++AND+qi_fact+%3E%3D+1+AND+saa_sep+%3E%3D+5%0A++++AND+w1sigmpro+IS+NOT+NULL+AND+w1sigmpro+%3C+0.2%0A++++ORDER+BY+mjd%0A++++&FORMAT=json&LANG=ADQL (Caused by NameResolutionError(""<urllib3.connection.HTTPSConnection object at 0x116067ed0>: Failed to resolve 'irsa.ipac.caltech.edu' ([Errno 8] nodename nor servname provided, or not known)""))",2026-03-02T23:34:02.875314+00:00
4FGL J0524.1-5659,"HTTPSConnectionPool(host='irsa.ipac.caltech.edu', port=443): Max retries exceeded with url: /TAP/sync?QUERY=%0A++++SELECT+mjd%2C+w1mpro%2C+w1sigmpro%2C+w2mpro%2C+w2sigmpro%2C+qi_fact%2C+saa_sep%2C+moon_masked%0A++++FROM+neowiser_p1bs_psd%0A++++WHERE+CONTAINS%28%0A++++++++POINT%28%27ICRS%27%2C+ra%2C+dec%29%2C%0A++++++++CIRCLE%28%27ICRS%27%2C+81.032799%2C+-56.986301%2C+0.00083333%29%0A++++%29+%3D+1%0A++++AND+qi_fact+%3E%3D+1+AND+saa_sep+%3E%3D+5%0A++++AND+w1sigmpro+IS+NOT+NULL+AND+w1sigmpro+%3C+0.2%0A++++ORDER+BY+mjd%0A++++&FORMAT=json&LANG=ADQL (Caused by NameResolutionError(""<urllib3.connection.HTTPSConnection object at 0x116065450>: Failed to resolve 'irsa.ipac.caltech.edu' ([Errno 8] nodename nor servname provided, or not known)""))",2026-03-02T23:41:10.403000+00:00
4FGL J0520.6+6531,"HTTPSConnectionPool(host='irsa.ipac.caltech.edu', port=443): Max retries exceeded with url: /TAP/sync?QUERY=%0A++++SELECT+mjd%2C+w1mpro%2C+w1sigmpro%2C+w2mpro%2C+w2sigmpro%2C+qi_fact%2C+saa_sep%2C+moon_masked%0A++++FROM+neowiser_p1bs_psd%0A++++WHERE+CONTAINS%28%0A++++++++POINT%28%27ICRS%27%2C+ra%2C+dec%29%2C%0A++++++++CIRCLE%28%27ICRS%27%2C+80.166000%2C+65.525497%2C+0.00083333%29%0A++++%29+%3D+1%0A++++AND+qi_fact+%3E%3D+1+AND+saa_sep+%3E%3D+5%0A++++AND+w1sigmpro+IS+NOT+NULL+AND+w1sigmpro+%3C+0.2%0A++++ORDER+BY+mjd%0A++++&FORMAT=json&LANG=ADQL (Caused by NameResolutionError(""<urllib3.connection.HTTPSConnection object at 0x1160679d0>: Failed to resolve 'irsa.ipac.caltech.edu' ([Errno 8] nodename nor servname provided, or not known)""))",2026-03-02T23:42:13.054282+00:00
4FGL J0519.6+2744,"HTTPSConnectionPool(host='irsa.ipac.caltech.edu', port=443): Max retries exceeded with url: /TAP/sync?QUERY=%0A++++SELECT+mjd%2C+w1mpro%2C+w1sigmpro%2C+w2mpro%2C+w2sigmpro%2C+qi_fact%2C+saa_sep%2C+moon_masked%0A++++FROM+neowiser_p1bs_psd%0A++++WHERE+CONTAINS%28%0A++++++++POINT%28%27ICRS%27%2C+ra%2C+dec%29%2C%0A++++++++CIRCLE%28%27ICRS%27%2C+79.902603%2C+27.740499%2C+0.00083333%29%0A++++%29+%3D+1%0A++++AND+qi_fact+%3E%3D+1+AND+saa_sep+%3E%3D+5%0A++++AND+w1sigmpro+IS+NOT+NULL+AND+w1sigmpro+%3C+0.2%0A++++ORDER+BY+mjd%0A++++&FORMAT=json&LANG=ADQL (Caused by NameResolutionError(""<urllib3.connection.HTTPSConnection object at 0x1160642d0>: Failed to resolve 'irsa.ipac.caltech.edu' ([Errno 8] nodename nor servname provided, or not known)""))",2026-03-02T23:42:13.607002+00:00
4FGL J0519.0+0851,"HTTPSConnectionPool(host='irsa.ipac.caltech.edu', port=443): Max retries exceeded with url: /TAP/sync?QUERY=%0A++++SELECT+mjd%2C+w1mpro%2C+w1sigmpro%2C+w2mpro%2C+w2sigmpro%2C+qi_fact%2C+saa_sep%2C+moon_masked%0A++++FROM+neowiser_p1bs_psd%0A++++WHERE+CONTAINS%28%0A++++++++POINT%28%27ICRS%27%2C+ra%2C+dec%29%2C%0A++++++++CIRCLE%28%27ICRS%27%2C+79.773598%2C+8.862500%2C+0.00083333%29%0A++++%29+%3D+1%0A++++AND+qi_fact+%3E%3D+1+AND+saa_sep+%3E%3D+5%0A++++AND+w1sigmpro+IS+NOT+NULL+AND+w1sigmpro+%3C+0.2%0A++++ORDER+BY+mjd%0A++++&FORMAT=json&LANG=ADQL (Caused by NameResolutionError(""<urllib3.connection.HTTPSConnection object at 0x116065090>: Failed to resolve 'irsa.ipac.caltech.edu' ([Errno 8] nodename nor servname provided, or not known)""))",2026-03-02T23:44:09.411881+00:00
4FGL J0521.6+0103,"HTTPSConnectionPool(host='irsa.ipac.caltech.edu', port=443): Max retries exceeded with url: /TAP/sync?QUERY=%0A++++SELECT+mjd%2C+w1mpro%2C+w1sigmpro%2C+w2mpro%2C+w2sigmpro%2C+qi_fact%2C+saa_sep%2C+moon_masked%0A++++FROM+neowiser_p1bs_psd%0A++++WHERE+CONTAINS%28%0A++++++++POINT%28%27ICRS%27%2C+ra%2C+dec%29%2C%0A++++++++CIRCLE%28%27ICRS%27%2C+80.410599%2C+1.053300%2C+0.00083333%29%0A++++%29+%3D+1%0A++++AND+qi_fact+%3E%3D+1+AND+saa_sep+%3E%3D+5%0A++++AND+w1sigmpro+IS+NOT+NULL+AND+w1sigmpro+%3C+0.2%0A++++ORDER+BY+mjd%0A++++&FORMAT=json&LANG=ADQL (Caused by NameResolutionError(""<urllib3.connection.HTTPSConnection object at 0x116064b90>: Failed to resolve 'irsa.ipac.caltech.edu' ([Errno 8] nodename nor servname provided, or not known)""))",2026-03-02T23:44:11.582367+00:00
4FGL J0521.4-2957,"HTTPSConnectionPool(host='irsa.ipac.caltech.edu', port=443): Max retries exceeded with url: /TAP/sync?QUERY=%0A++++SELECT+mjd%2C+w1mpro%2C+w1sigmpro%2C+w2mpro%2C+w2sigmpro%2C+qi_fact%2C+saa_sep%2C+moon_masked%0A++++FROM+neowiser_p1bs_psd%0A++++WHERE+CONTAINS%28%0A++++++++POINT%28%27ICRS%27%2C+ra%2C+dec%29%2C%0A++++++++CIRCLE%28%27ICRS%27%2C+80.369400%2C+-29.965300%2C+0.00083333%29%0A++++%29+%3D+1%0A++++AND+qi_fact+%3E%3D+1+AND+saa_sep+%3E%3D+5%0A++++AND+w1sigmpro+IS+NOT+NULL+AND+w1sigmpro+%3C+0.2%0A++++ORDER+BY+mjd%0A++++&FORMAT=json&LANG=ADQL (Caused by NameResolutionError(""<urllib3.connection.HTTPSConnection object at 0x1160642d0>: Failed to resolve 'irsa.ipac.caltech.edu' ([Errno 8] nodename nor servname provided, or not known)""))",2026-03-02T23:44:12.215788+00:00
4FGL J0516.1-7240,"HTTPSConnectionPool(host='irsa.ipac.caltech.edu', port=443): Max retries exceeded with url: /TAP/sync?QUERY=%0A++++SELECT+mjd%2C+w1mpro%2C+w1sigmpro%2C+w2mpro%2C+w2sigmpro%2C+qi_fact%2C+saa_sep%2C+moon_masked%0A++++FROM+neowiser_p1bs_psd%0A++++WHERE+CONTAINS%28%0A++++++++POINT%28%27ICRS%27%2C+ra%2C+dec%29%2C%0A++++++++CIRCLE%28%27ICRS%27%2C+79.042801%2C+-72.669296%2C+0.00083333%29%0A++++%29+%3D+1%0A++++AND+qi_fact+%3E%3D+1+AND+saa_sep+%3E%3D+5%0A++++AND+w1sigmpro+IS+NOT+NULL+AND+w1sigmpro+%3C+0.2%0A++++ORDER+BY+mjd%0A++++&FORMAT=json&LANG=ADQL (Caused by NameResolutionError(""<urllib3.connection.HTTPSConnection object at 0x116067610>: Failed to resolve 'irsa.ipac.caltech.edu' ([Errno 8] nodename nor servname provided, or not known)""))",2026-03-02T23:44:16.438948+00:00
4FGL J0517.9-6930c,"HTTPSConnectionPool(host='irsa.ipac.caltech.edu', port=443): Max retries exceeded with url: /TAP/sync?QUERY=%0A++++SELECT+mjd%2C+w1mpro%2C+w1sigmpro%2C+w2mpro%2C+w2sigmpro%2C+qi_fact%2C+saa_sep%2C+moon_masked%0A++++FROM+neowiser_p1bs_psd%0A++++WHERE+CONTAINS%28%0A++++++++POINT%28%27ICRS%27%2C+ra%2C+dec%29%2C%0A++++++++CIRCLE%28%27ICRS%27%2C+79.484802%2C+-69.509300%2C+0.00083333%29%0A++++%29+%3D+1%0A++++AND+qi_fact+%3E%3D+1+AND+saa_sep+%3E%3D+5%0A++++AND+w1sigmpro+IS+NOT+NULL+AND+w1sigmpro+%3C+0.2%0A++++ORDER+BY+mjd%0A++++&FORMAT=json&LANG=ADQL (Caused by NameResolutionError(""<urllib3.connection.HTTPSConnection object at 0x116067c50>: Failed to resolve 'irsa.ipac.caltech.edu' ([Errno 8] nodename nor servname provided, or not known)""))",2026-03-02T23:44:21.675885+00:00
4FGL J0517.7-1758,"HTTPSConnectionPool(host='irsa.ipac.caltech.edu', port=443): Max retries exceeded with url: /TAP/sync?QUERY=%0A++++SELECT+mjd%2C+w1mpro%2C+w1sigmpro%2C+w2mpro%2C+w2sigmpro%2C+qi_fact%2C+saa_sep%2C+moon_masked%0A++++FROM+neowiser_p1bs_psd%0A++++WHERE+CONTAINS%28%0A++++++++POINT%28%27ICRS%27%2C+ra%2C+dec%29%2C%0A++++++++CIRCLE%28%27ICRS%27%2C+79.427299%2C+-17.976900%2C+0.00083333%29%0A++++%29+%3D+1%0A++++AND+qi_fact+%3E%3D+1+AND+saa_sep+%3E%3D+5%0A++++AND+w1sigmpro+IS+NOT+NULL+AND+w1sigmpro+%3C+0.2%0A++++ORDER+BY+mjd%0A++++&FORMAT=json&LANG=ADQL (Caused by NameResolutionError(""<urllib3.connection.HTTPSConnection object at 0x116065810>: Failed to resolve 'irsa.ipac.caltech.edu' ([Errno 8] nodename nor servname provided, or not known)""))",2026-03-02T23:44:22.217621+00:00
4FGL J0521.3-1734,"HTTPSConnectionPool(host='irsa.ipac.caltech.edu', port=443): Max retries exceeded with url: /TAP/sync?QUERY=%0A++++SELECT+mjd%2C+w1mpro%2C+w1sigmpro%2C+w2mpro%2C+w2sigmpro%2C+qi_fact%2C+saa_sep%2C+moon_masked%0A++++FROM+neowiser_p1bs_psd%0A++++WHERE+CONTAINS%28%0A++++++++POINT%28%27ICRS%27%2C+ra%2C+dec%29%2C%0A++++++++CIRCLE%28%27ICRS%27%2C+80.340797%2C+-17.574499%2C+0.00083333%29%0A++++%29+%3D+1%0A++++AND+qi_fact+%3E%3D+1+AND+saa_sep+%3E%3D+5%0A++++AND+w1sigmpro+IS+NOT+NULL+AND+w1sigmpro+%3C+0.2%0A++++ORDER+BY+mjd%0A++++&FORMAT=json&LANG=ADQL (Caused by NameResolutionError(""<urllib3.connection.HTTPSConnection object at 0x10994b4d0>: Failed to resolve 'irsa.ipac.caltech.edu' ([Errno 8] nodename nor servname provided, or not known)""))",2026-03-02T23:44:22.353583+00:00
