source_id,ra,dec,redshift,spectral_state_1,spectral_state_2,epoch_1,epoch_2,class,label_source,label_method,independent_of_pipeline,confidence,g_mag,notes,mag,y_true,canonical_id,split,source_id_score,score,status,n_points,baseline_days,band_coverage,baseline_years,delta_mag,delta_mag_method,rejection_reason,used_for_metrics,predicted
SDSSJJ105325.40+302419.34,163.35585,30.40536,0.248999997973442,B,D,53463,58141,clagn,2022ApJ...933..180G,spectroscopic,True,gold,,,,1,SDSSJ105325.40+302419.34,test,SDSSJJ105325.40+302419.34,0.5579657491315172,OK,255,5098.362785030004,"W1,W2",13.958556564079409,-0.5883952016717737,seasonal_median_flux,,True,1.0
SDSSJJ080138.67+423354.1,120.41114,42.565039,0.77132714,spec_epoch1,spec_epoch2,55178,57073,clagn,2024ApJS..272...13S,spectroscopic,True,gold,2.0,,,1,SDSSJ080138.67+423354.1,test,SDSSJJ080138.67+423354.1,0.1000676146394705,OK,187,5098.721880649995,"W1,W2",13.959539714305256,0.047341643402344,seasonal_median_flux,,True,0.0
SDSSJJ082942.66+415436.8,127.42778,41.910244,0.12638536,spec_epoch1,spec_epoch2,52266,54524,clagn,2024ApJS..272...13S,spectroscopic,True,gold,2.0,,,1,SDSSJ082942.66+415436.8,test,SDSSJJ082942.66+415436.8,0.6771920586265717,OK,255,5098.573278289994,"W1,W2",13.959132863216958,0.416279429170353,seasonal_median_flux,,True,1.0
SDSSJJ005813.68+001409.09,14.55703,0.23586,0.6790000200271606,B,D,57360,58097,clagn,2022ApJ...933..180G,spectroscopic,True,gold,,,,1,SDSSJ005813.68+001409.09,test,SDSSJJ005813.68+001409.09,0.2727415563029431,OK,83,5114.021383730003,"W1,W2",14.001427470855589,0.0762673829130732,seasonal_median_flux,,True,0.0
NGC 7582,349.598,-42.369998931884766,0.0052000000141561,,2.0,1977-01-01,2016-07-27,clagn,1981ApJ...246L..11M,spectroscopic,True,gold,,,,1,NGC 7582,test,NGC 7582,0.4140273311911018,OK,31,5113.524164809998,"W1,W2",14.000066159644074,0.0,seasonal_median_flux,,True,1.0
SDSSJ074511.98+380911.3,116.29994,38.15314,0.2370000034570694,spec_epoch1,spec_epoch2,51873,58081,clagn,2019ApJ...874....8M,spectroscopic,True,gold,18.714000701904297,,,1,SDSSJ074511.98+380911.3,test,SDSSJ074511.98+380911.3,0.4335295921022778,OK,210,5098.462999769996,"W1,W2",13.958830937084178,-0.0399384020983716,seasonal_median_flux,,True,1.0
SDSSJJ025410.08+034911.9,43.542023,3.8200029,0.774285,spec_epoch1,spec_epoch2,55477,58029,clagn,2024ApJS..272...13S,spectroscopic,True,gold,3.0,,,1,SDSSJ025410.08+034911.9,test,SDSSJJ025410.08+034911.9,0.680954769053413,OK,207,5096.450430950004,"W1,W2",13.953320823956206,0.5362738676664467,seasonal_median_flux,,True,1.0
SDSSJ102152.34+464515.6,155.46813,46.75436,0.2039999961853027,spec_epoch1,spec_epoch2,52614,56769,clagn,2019ApJ...874....8M,spectroscopic,True,gold,18.163999557495117,,,1,SDSSJ102152.34+464515.6,test,SDSSJ102152.34+464515.6,0.5985735586890277,OK,221,5098.634630679997,"W1,W2",13.95930083690622,-0.4433461911228715,seasonal_median_flux,,True,1.0
SDSSJ160111.26+474509.6,240.2969,47.75267,0.296999990940094,spec_epoch1,spec_epoch2,52354,57895,clagn,2019ApJ...874....8M,spectroscopic,True,gold,19.285999298095703,,,1,SDSSJ160111.26+474509.6,test,SDSSJ160111.26+474509.6,0.4393745242995799,OK,411,5275.901768980002,"W1,W2",14.444631811033544,0.1963685924092912,seasonal_median_flux,,True,1.0
SDSSJJ022930.91-000845.37,37.37882,-0.14596,0.609000027179718,B,D,52200,58072,clagn,2022ApJ...933..180G,spectroscopic,True,gold,,,,1,SDSSJ022930.91-000845.37,test,SDSSJJ022930.91-000845.37,0.6443719923024547,OK,208,5304.715851070003,"W1,W2",14.523520468364142,-0.3006145009622831,seasonal_median_flux,,True,1.0
2000em,8.87425,-2.657611111111111,,,,,,sn,B/sn,Asiago Supernova Catalog,True,,,,18.299999237060547,0,2000em,test,2000em,0.5206285484255788,OK,87,5116.745244049998,"W1,W2",14.008884993976723,-0.1115625716162345,seasonal_median_flux,,True,1.0
1998az,164.34075,-3.4230555555555555,,,,,,sn,B/sn,Asiago Supernova Catalog,True,,,,22.700000762939453,0,1998az,test,1998az,,TOO_FEW_POINTS,0,0.0,none,0.0,,,Only 3 valid W1 flux measurements,False,
1999dt,11.426208333333332,0.0561666666666666,,,,,,sn,B/sn,Asiago Supernova Catalog,True,,,,23.5,0,1999dt,test,1999dt,0.1562157704561071,OK,123,5116.056861650002,"W1,W2",14.007000305681046,0.227586740935934,seasonal_median_flux,,True,0.0
1995I,200.249375,3.5989444444444447,,,,,,sn,B/sn,Asiago Supernova Catalog,True,,,,19.5,0,1995I,test,1995I,0.2435250480752346,OK,175,5272.0233048200025,"W1,W2",14.434013154880226,0.0481409948183004,seasonal_median_flux,,True,0.0
1998av,164.03325,-4.189055555555556,,,,,,sn,B/sn,Asiago Supernova Catalog,True,,,,23.299999237060547,0,1998av,test,1998av,,TOO_FEW_POINTS,8,4938.559280889996,W1_only,13.52103841448322,,,Only 8 epochs (need 20),False,
1992bk,55.75791666666666,-53.632444444444445,,,,,,sn,B/sn,Asiago Supernova Catalog,True,,,,18.06999969482422,0,1992bk,test,1992bk,,TOO_FEW_POINTS,0,0.0,none,0.0,,,Only 1 valid W1 flux measurements,False,
2000dw,333.4544166666666,39.23752777777778,,,,,,sn,B/sn,Asiago Supernova Catalog,True,,,,17.5,0,2000dw,test,2000dw,0.6809886838880634,OK,202,5114.3432504500015,"W1,W2",14.002308693908288,0.5670324108342036,seasonal_median_flux,,True,1.0
2000dn,346.2744166666666,-3.200277777777778,,,,,,sn,B/sn,Asiago Supernova Catalog,True,,,,17.899999618530273,0,2000dn,test,2000dn,,TOO_FEW_POINTS,16,3289.3326411599996,W1_only,9.005701960739218,,,Only 16 epochs (need 20),False,
1999ee,334.0416666666666,-36.84436111111111,,,,,,sn,B/sn,Asiago Supernova Catalog,True,,,,14.93000030517578,0,1999ee,test,1999ee,,TOO_FEW_POINTS,0,0.0,none,0.0,,,Only 0 valid W1 flux measurements,False,
1999D,172.11825,58.56083333333333,,,,,,sn,B/sn,Asiago Supernova Catalog,True,,,,15.600000381469728,0,1999D,test,1999D,,TOO_FEW_POINTS,0,0.0,none,0.0,,,Only 0 valid W1 flux measurements,False,
1998L,173.402625,4.584611111111111,,,,,,sn,B/sn,Asiago Supernova Catalog,True,,,,23.600000381469727,0,1998L,test,1998L,,TOO_FEW_POINTS,0,0.0,none,0.0,,,Only 1 valid W1 flux measurements,False,
1999gq,188.4513333333333,15.180055555555557,,,,,,sn,B/sn,Asiago Supernova Catalog,True,,,,14.5,0,1999gq,test,1999gq,0.2057275733739521,OK,51,5097.936271530001,"W1,W2",13.957388833757705,0.4306823507717773,seasonal_median_flux,,True,0.0
4C 34.47,260.8367,34.2994,,,,,,blazar,III/157,Blazar catalog (III/157),True,,,,16.5,0,4C 34.47,test,4C 34.47,0.5290099567200833,OK,415,5117.290773340006,"W1,W2",14.010378571772776,0.0958112539913523,seasonal_median_flux,,True,1.0
4C 29.45,179.8826,29.2455,,,,,,blazar,III/157,Blazar catalog (III/157),True,,,,14.40999984741211,0,4C 29.45,test,4C 29.45,0.6373001299825053,OK,135,5098.245538859999,"W1,W2",13.958235561560572,-0.2574792302885516,seasonal_median_flux,,True,1.0
OJ 287,133.7036,20.1085,,,,,,blazar,III/157,Blazar catalog (III/157),True,,,,14.0,0,OJ 287,test,OJ 287,0.6017881095639926,OK,222,5096.024725839998,"W1,W2",13.952155306885688,0.3516834368354969,seasonal_median_flux,,True,1.0
3C 273,187.2779,2.0524,,,,,,blazar,III/157,Blazar catalog (III/157),True,,,,12.859999656677246,0,3C 273,test,3C 273,0.5105034243860185,OK,233,5095.679095730004,"W1,W2",13.951209023216984,-0.1843016722456055,seasonal_median_flux,,True,1.0
3C 345,250.745,39.8103,,,,,,blazar,III/157,Blazar catalog (III/157),True,,,,15.960000038146973,0,3C 345,test,3C 345,0.7126662497916778,OK,505,5277.51728385,"W1,W2",14.449054849691992,-0.02926557572264,seasonal_median_flux,,True,1.0
7017568540477440,45.86289947461,6.33059307011,,,,,,star,2022A&A...667A.148G,Gaia DR3 variability,True,,,,14.513234,0,7017568540477440,test,7017568540477440,0.0877328961007315,OK,176,5096.384342800004,"W1,W2",13.953139884462706,-0.0399266177241004,seasonal_median_flux,,True,0.0
11271506013429504,53.65193153413,7.4914358003,,,,,,star,2022A&A...667A.148G,Gaia DR3 variability,True,,,,13.210085,0,11271506013429504,test,11271506013429504,0.1129107904766826,OK,145,5099.170004300002,"W1,W2",13.96076660999316,0.0006150186513881,seasonal_median_flux,,True,0.0
3555442647201408,47.49745785962,4.58884597783,,,,,,star,2022A&A...667A.148G,Gaia DR3 variability,True,,,,20.033524,0,3555442647201408,test,3555442647201408,0.0837358364850503,OK,185,5096.4901606700005,"W1,W2",13.953429598001373,-0.2226721100126343,seasonal_median_flux,,True,0.0
6151771852919552,40.4717917897,5.49839448332,,,,,,star,2022A&A...667A.148G,Gaia DR3 variability,True,,,,14.132654,0,6151771852919552,test,6151771852919552,0.2636656347570054,OK,199,5096.109419570006,"W1,W2",13.952387185681058,-0.0201652813341135,seasonal_median_flux,,True,0.0
7451665179765376,46.33966441601,6.95026267061,,,,,,star,2022A&A...667A.148G,Gaia DR3 variability,True,,,,17.891428,0,7451665179765376,test,7451665179765376,0.4709474929686454,OK,224,5096.241978760001,"W1,W2",13.952750112963727,0.1823258012073202,seasonal_median_flux,,True,1.0
3822937505992960,46.1773770334,5.10029826666,,,,,,star,2022A&A...667A.148G,Gaia DR3 variability,True,,,,12.096909,0,3822937505992960,test,3822937505992960,0.3104222838010734,OK,193,5096.384342810001,"W1,W2",13.953139884490078,0.0085406519258875,seasonal_median_flux,,True,0.0
12441214586847872,52.2704035099,9.00360665621,,,,,,star,2022A&A...667A.148G,Gaia DR3 variability,True,,,,19.046831,0,12441214586847872,test,12441214586847872,0.544854321182142,OK,121,5099.06469436,"W1,W2",13.960478287091036,0.2845541829412624,seasonal_median_flux,,True,1.0
8328117681250688,43.42433905866,7.53174104141,,,,,,star,2022A&A...667A.148G,Gaia DR3 variability,True,,,,19.773027,0,8328117681250688,test,8328117681250688,0.1493563938976871,OK,168,5096.559177969997,"W1,W2",13.953618557070492,-0.2569466888617853,seasonal_median_flux,,True,0.0
6062299094282624,40.97935487388,5.03429757226,,,,,,star,2022A&A...667A.148G,Gaia DR3 variability,True,,,,18.904568,0,6062299094282624,test,6062299094282624,0.4156854918116873,OK,213,5096.364222979995,"W1,W2",13.95308479939766,-0.2258429516053552,seasonal_median_flux,,True,1.0
3310492072379904,48.99851070822,5.23050112845,,,,,,star,2022A&A...667A.148G,Gaia DR3 variability,True,,,,16.228146,0,3310492072379904,test,3310492072379904,0.195455151178447,OK,174,5096.321183530003,"W1,W2",13.95296696380562,0.0188169768416178,seasonal_median_flux,,True,0.0
8155597434951296,44.24522353616,7.5865648024,,,,,,star,2022A&A...667A.148G,Gaia DR3 variability,True,,,,19.937046,0,8155597434951296,test,8155597434951296,0.1874682136073431,OK,77,5096.017099500001,"W1,W2",13.952134427104724,0.0390507275722053,seasonal_median_flux,,True,0.0
9517651823494656,50.07714102246,6.46106746881,,,,,,star,2022A&A...667A.148G,Gaia DR3 variability,True,,,,15.031378,0,9517651823494656,test,9517651823494656,0.1455120356983682,OK,167,5096.420379739997,"W1,W2",13.953238548227231,-0.0115415051178698,seasonal_median_flux,,True,0.0
6288970288166784,41.65436372536,5.49395018887,,,,,,star,2022A&A...667A.148G,Gaia DR3 variability,True,,,,14.832695,0,6288970288166784,test,6288970288166784,0.0777189520794485,OK,120,5096.016972329999,"W1,W2",13.952134078932234,-0.0112036813082678,seasonal_median_flux,,True,0.0
000001.08+295225.0,0.004528,29.873618,1.495855,,,,,normal_agn,2020ApJS..250....9L,SDSS DR16Q,True,,,,,0,000001.08+295225.0,test,000001.08+295225.0,0.2522704720157607,OK,50,4910.913288780001,"W1,W2",13.44534781322382,0.2424060820972476,seasonal_median_flux,,True,0.0
000159.76+292622.0,0.499007,29.439468,1.975299,,,,,normal_agn,2020ApJS..250....9L,SDSS DR16Q,True,,,,,0,000159.76+292622.0,test,000159.76+292622.0,,TOO_FEW_POINTS,18,4907.747548920001,"W1,W2",13.436680489856265,,,Only 18 epochs (need 20),False,
000022.17+255005.3,0.092398,25.834825,1.38294,,,,,normal_agn,2020ApJS..250....9L,SDSS DR16Q,True,,,,,0,000022.17+255005.3,test,000022.17+255005.3,0.2508907956746108,OK,221,5116.74588776,"W1,W2",14.00888675635866,0.0463541912367102,seasonal_median_flux,,True,0.0
000042.92+310715.3,0.17886,31.120944,1.619551,,,,,normal_agn,2020ApJS..250....9L,SDSS DR16Q,True,,,,,0,000042.92+310715.3,test,000042.92+310715.3,0.2872740488579815,OK,27,4179.074861230001,"W1,W2",11.441683398302535,0.0,seasonal_median_flux,,True,0.0
000123.61-032317.9,0.34839,-3.388329,3.121,,,,,normal_agn,2020ApJS..250....9L,SDSS DR16Q,True,,,,,0,000123.61-032317.9,test,000123.61-032317.9,0.0682894586547564,OK,73,4911.998151090003,"W1,W2",13.448318004353192,-0.1407069559398096,seasonal_median_flux,,True,0.0
000033.71+102012.0,0.140471,10.336684,1.038839,,,,,normal_agn,2020ApJS..250....9L,SDSS DR16Q,True,,,,,0,000033.71+102012.0,test,000033.71+102012.0,0.4347423754555139,OK,26,3285.9404943499976,"W1,W2",8.996414768925387,0.1671268992667368,seasonal_median_flux,,True,1.0
000056.16+192036.9,0.234034,19.343593,1.221,,,,,normal_agn,2020ApJS..250....9L,SDSS DR16Q,True,,,,,0,000056.16+192036.9,test,000056.16+192036.9,0.3504742480518211,OK,153,5115.928883699999,"W1,W2",14.006649921149894,0.404608008383393,seasonal_median_flux,,True,1.0
000059.58+295642.5,0.248268,29.945145,3.252,,,,,normal_agn,2020ApJS..250....9L,SDSS DR16Q,True,,,,,0,000059.58+295642.5,test,000059.58+295642.5,,TOO_FEW_POINTS,0,0.0,none,0.0,,,Only 3 valid W1 flux measurements,False,
000203.11+315153.1,0.512959,31.864774,2.265,,,,,normal_agn,2020ApJS..250....9L,SDSS DR16Q,True,,,,,0,000203.11+315153.1,test,000203.11+315153.1,0.3821741772027117,OK,171,4908.633698229998,"W1,W2",13.439106634442158,0.3969385204294172,seasonal_median_flux,,True,1.0
000139.32+331947.9,0.413862,33.329993,1.924306,,,,,normal_agn,2020ApJS..250....9L,SDSS DR16Q,True,,,,,0,000139.32+331947.9,test,000139.32+331947.9,,TOO_FEW_POINTS,11,3812.089766240002,"W1,W2",10.436932967118418,,,Only 11 epochs (need 20),False,
000130.25+053321.5,0.376044,5.555976,2.057971,,,,,normal_agn,2020ApJS..250....9L,SDSS DR16Q,True,,,,,0,000130.25+053321.5,test,000130.25+053321.5,,TOO_FEW_POINTS,6,3268.939740490001,"W1,W2",8.949869241587956,,,Only 6 epochs (need 20),False,
000130.57+130847.3,0.377384,13.146475,3.051,,,,,normal_agn,2020ApJS..250....9L,SDSS DR16Q,True,,,,,0,000130.57+130847.3,test,000130.57+130847.3,,TOO_FEW_POINTS,0,0.0,none,0.0,,,Only 1 valid W1 flux measurements,False,
000020.66+312202.7,0.086095,31.367437,2.95,,,,,normal_agn,2020ApJS..250....9L,SDSS DR16Q,True,,,,,0,000020.66+312202.7,test,000020.66+312202.7,,TOO_FEW_POINTS,6,3105.354965040002,"W1,W2",8.501998535359348,,,Only 6 epochs (need 20),False,
000030.64-064100.0,0.127696,-6.683355,2.606,,,,,normal_agn,2020ApJS..250....9L,SDSS DR16Q,True,,,,,0,000030.64-064100.0,test,000030.64-064100.0,0.1320530291414456,OK,193,5114.118378359999,"W1,W2",14.00169302767967,0.121273102267431,seasonal_median_flux,,True,0.0
000200.07+291810.7,0.500312,29.302984,2.809,,,,,normal_agn,2020ApJS..250....9L,SDSS DR16Q,True,,,,,0,000200.07+291810.7,test,000200.07+291810.7,,TOO_FEW_POINTS,10,4908.330247589998,"W1,W2",13.438275831868578,,,Only 10 epochs (need 20),False,
000048.01+333926.9,0.200054,33.657498,1.737,,,,,normal_agn,2020ApJS..250....9L,SDSS DR16Q,True,,,,,0,000048.01+333926.9,test,000048.01+333926.9,,TOO_FEW_POINTS,15,5113.51229133,"W1,W2",14.000033651827517,,,Only 15 epochs (need 20),False,
