num_leaves,max_depth,learning_rate,min_child_samples,subsample,colsample_bytree,reg_alpha,reg_lambda,scale_pos_weight,min_split_gain,value
105,12,0.1001303991139125,62,0.4936111842654619,0.49359671220172163,2.231010801867923e-05,1.5741890047456624,6448.975844532831,0.7080725777960455,0.5
19,12,0.15107024270948044,25,0.5090949803242604,0.5100427059120604,0.0006690421166498799,0.014077923139972392,5087.157400069032,0.2912291401980419,0.5
162,4,0.016536643976750174,40,0.6736419905302216,0.8711055768358081,0.00015777663630582464,0.012173252504194038,6378.937279339442,0.046450412719997725,0.5
161,4,0.006525917448358937,96,0.9793792198447356,0.8850384088698767,0.0006724850206557243,3.855073690026178e-05,7118.075863422863,0.4401524937396013,0.5
44,7,0.005755963034165359,92,0.5552679889600102,0.7975133706123891,0.0007417652034871827,0.013194961490425657,6011.0177487134015,0.18485445552552704,0.5
248,10,0.23417537373087385,90,0.758739987286651,0.9531245410138701,3.395900933162749e-05,0.0001499329805509155,1974.0796757298315,0.32533033076326434,0.5
108,5,0.14879578963571918,39,0.5685607058124285,0.725617649894949,7.007213496896404e-05,0.6504020246676563,2210.132681622155,0.9868869366005173,0.5
201,4,0.0051143349052552075,83,0.8241144063085702,0.8374043008245924,0.4242502238267318,2.781428564375753e-05,4495.649114781395,0.11586905952512971,0.5
223,9,0.0193801324564921,11,0.5865893930293974,0.5951099932160483,0.2385816677142883,0.06688747907702054,8752.062577739429,0.4722149251619493,0.5
43,10,0.11265770241195593,58,0.8625803079727365,0.6962773578186344,0.013689795993592194,0.0036749049453053224,1814.6239702899663,0.10789142699330445,0.5
105,12,0.056530581483624075,67,0.4092206423968626,0.4232351199767098,5.736202516305265,7.191829770242628,9233.0431049407,0.7384055447250207,0.5
17,12,0.06561079253098964,10,0.4201795628944256,0.45671999621538906,1.0996932061997681e-05,9.20963125456538,4142.892548805411,0.7242393339184411,0.5
87,12,0.29374262008183577,31,0.48872193850635176,0.5311643886229552,0.005783054181881659,0.28450192444519773,4482.993239407671,0.6746120803844995,0.5
62,8,0.10585146424476868,70,0.6463057934780994,0.5813224852363682,0.0009671126207558613,0.000977932439068831,7714.826568898474,0.8931600082849813,0.5
136,11,0.032874249738248984,21,0.47180184658591723,0.49431185660312604,1.198967008672113e-05,0.5859656861120999,5087.60231290059,0.29062352377077266,0.5
79,7,0.17380395249074226,52,0.4976599772869031,0.6360055911972797,0.008096450032201118,0.10955463205368038,3663.2094071718648,0.5769491738896777,0.5
15,10,0.0765898439740277,45,0.6181610613135209,0.4142172469034995,0.0001624640225847438,0.0021776453149006804,7376.8235786365985,0.3203397352579168,0.5
138,11,0.03173477978340797,29,0.7303416674801918,0.5348161528883044,0.0018006034104090694,2.363902403550065,3038.6612597093767,0.5911447821692144,0.5
184,8,0.04767280982814606,75,0.530959622978442,0.6641528269553711,0.030444980396245012,0.00028151436260586836,5572.335865990051,0.8599256576325595,0.5
118,6,0.09937181420298306,59,0.45736084643994673,0.4799293128491095,0.0002864128427758966,0.03302056140221291,6410.28671800195,0.38153410849888747,0.5
54,11,0.17920240651674335,20,0.6152489635086531,0.5712428695316785,4.305526299270576e-05,1.8696574289135162,8552.971238403594,0.22076375866681544,0.5
152,5,0.014393373472057837,37,0.6792546996553736,0.998481897088584,8.07830592168816e-05,0.026268353603480392,6595.61037115769,0.013948479168463299,0.5
181,3,0.01751110341774365,49,0.6767060534617073,0.7804077955442329,0.00028412734344649673,0.004087117966538974,5622.258493754831,0.037616894131530666,0.5
168,9,0.010109769693570785,25,0.7895809494658435,0.9136035480972721,0.0016896748524097324,0.1377671510392744,8028.569453812866,0.2141104858393272,0.5
207,3,0.023354183554184834,40,0.9160245126181088,0.7660256462328222,0.00017269866703221957,0.008107993729156363,6877.63209484025,0.5575176515728075,0.5
85,6,0.010459574294503898,58,0.5192876045856685,0.6300065685972539,3.521647103454694e-05,0.000295944248039785,5069.534297012081,0.12229268076077958,0.5
123,9,0.07639764120457226,5,0.4430159728614939,0.540975793114201,0.0031622432697851603,0.013701917998352868,6384.754588127453,0.40024778622927526,0.5
30,11,0.04331647198472407,34,0.7155283312979468,0.8607362131130087,0.045111948105457586,0.0006121284065146559,5165.553113735929,0.8010590870281833,0.5
65,12,0.12379917870375318,44,0.613446391334275,0.7268251626871358,1.975339591876542e-05,0.036834071125020504,5976.088306732689,0.6349171439696849,0.5
160,6,0.01168492236918056,65,0.9989701516996021,0.8985669920547207,0.0005979304675985353,0.00012481935444371477,6941.251417100257,0.5097276730872508,0.5
148,4,0.026421587448496004,100,0.5493406122764555,0.4567585531097016,0.00010501614691258245,0.3346979165748011,3517.9215534029663,0.26574300509182536,0.5
182,4,0.007438183213840082,85,0.9944810722668047,0.8383849500549285,0.0004889991287120001,1.3531598054188264e-05,7216.718667446983,0.4388054100125617,0.5
233,5,0.006640429271715327,78,0.9095201429125105,0.95181787607173,0.0010885574918966202,4.827482975008131e-05,6065.64779708802,0.4018212198540197,0.5
172,3,0.008042501050502296,98,0.7601331193689712,0.8104837212409896,0.0003538873063146397,0.011210020724360297,7847.057115703756,0.34670527027130515,0.5
196,5,0.18598469897164918,92,0.5717509021909088,0.9004592562943403,5.762822930821231e-05,0.0014575358838651664,5891.108517033105,0.504493608996215,0.5
102,4,0.252457325231289,14,0.858357480969705,0.9955902931473267,0.003442102606966645,1.7060028950091104,5410.953131079764,0.17079974060325293,0.5
251,10,0.005265097673445249,84,0.9560020723099819,0.7320072133331084,2.426876244005564e-05,6.317387618130577e-05,8445.457223471756,0.07839018787117286,0.5
213,7,0.013693413268308006,23,0.8072075313631683,0.8121662110174551,0.00013793574483675683,0.005351911214976839,4592.736380188058,0.9566560681903311,0.5
122,4,0.13942270917706098,16,0.6539459806717558,0.6854440444974593,7.169437046872089,0.07629985847475586,7222.184774690644,0.4564788685929924,0.5
36,12,0.019119023864825384,29,0.5845125535881605,0.865476652184124,0.024537988838583515,1.1552777364216232e-05,9166.0587829955,0.15659018499644745,0.5
146,6,0.08543544641914798,42,0.5154514298898063,0.9576331590033226,2.885627216900458,0.2164609435668524,2457.1708096743196,0.25057297633573894,0.5
32,9,0.005309369710755774,92,0.4274450019617708,0.7773049808023123,0.0007752863705706639,0.017565604221996062,6742.792895561297,0.08171936326120993,0.5
52,7,0.008873048208995024,95,0.5510009771666239,0.8675354172502096,0.002791619748030048,0.0026039908727817475,6130.644060152363,0.17252047518625493,0.5
23,5,0.005752664309086411,89,0.46009602818963735,0.49969106273852615,0.00023087527891634338,0.05228667857572537,4574.128598233538,0.327230469252389,0.5
99,8,0.00628862413202458,76,0.7520172700788724,0.9383078015358541,0.13717020371325725,3.9856155786948326,7441.7381113731335,0.684439884317366,0.5
75,11,0.05698397034606327,81,0.40701672501197417,0.6126590407697543,8.604868082431969e-05,0.8881538880002721,6290.345632100906,0.20999300856603065,0.5
45,12,0.21149803991256938,88,0.5083251692033147,0.8198690322853933,1.4874425631764748e-05,0.0007725123512145998,3967.5160496056214,0.042985092280168724,0.5
134,10,0.013746214530932726,70,0.4936878712015632,0.5589855795852582,0.011420894785687974,0.007153748161774516,4887.106651402537,0.2966654967310638,0.5
112,11,0.15093532996950415,62,0.5440701110043591,0.44548277281126203,0.0010864147901600148,0.022248231996956094,5723.1623639727795,0.7846660667460466,0.5
69,3,0.035856885181107634,52,0.5996438078638887,0.4060186945770128,0.00046857305961326773,0.001418541279857301,5434.088861598802,0.12696488207087225,0.5
