ra,dec,mjd,w1mpro,w1sigmpro,w2mpro,w2sigmpro,w1snr,w2snr,w1flux,w1sigflux,w2flux,w2sigflux,cc_flags,ph_qual,qi_fact,saa_sep,moon_masked,nb,source_table
187.7847503,0.6053242,56657.51618572,15.853,0.206,14.778,0.391,5.3,2.8,92.423,17.497,89.74,32.278,0000,BC,0.5,27.374,00,1,neowise
187.7861802,0.6047498,56657.91157072,15.529,0.162,14.612,,6.7,0.7,124.58,18.534,27.423,38.572,0000,BU,1.0,94.23,00,1,neowise
187.786587,0.6040556,60102.27291922,15.856,0.258,14.752,,4.2,1.9,91.629,21.734,44.257,23.098,0000,BU,1.0,83.721,00,1,neowise
187.7853221,0.6045107,59210.99627782,15.828,0.216,14.488,,5.0,0.6,94.004,18.691,24.902,45.265,0000,BU,1.0,86.901,00,1,neowise
187.7846648,0.6051087,57914.42393193,16.387,0.317,15.329,,3.4,0.2,56.189,16.431,5.5503,23.811,0000,BU,1.0,107.146,00,1,neowise
187.7865721,0.605102,57914.55483515,15.639,0.165,13.901,0.286,6.6,3.8,111.86,17.033,198.2,52.245,0000,BB,1.0,65.284,00,1,neowise
187.7869888,0.6047135,59006.81110502,15.292,0.123,15.291,,8.8,0.6,154.06,17.433,12.13,21.485,0000,BU,1.0,16.239,00,1,neowise
187.786925,0.6060557,58847.0687969,15.62,0.201,14.58,,5.4,1.6,113.82,21.1,47.882,29.06,0000,BU,1.0,61.638,00,1,neowise
187.7848405,0.6064362,58482.6914414,15.347,0.154,14.681,,7.1,1.3,146.42,20.705,37.489,29.556,0000,BU,1.0,53.652,11,1,neowise
187.7854966,0.6053423,60306.69761977,15.899,0.236,14.981,0.435,4.6,2.5,88.054,19.118,73.275,29.333,0000,BC,1.0,56.722,00,1,neowise
187.7869292,0.6046578,58639.41222572,15.433,0.168,15.566,,6.5,0.1,135.23,20.894,2.9792,19.886,0000,BU,0.5,118.095,00,2,neowise
187.7870586,0.6056996,59942.1019547,14.647,0.108,15.045,0.502,10.1,2.2,279.0,27.683,69.064,31.96,0000,AC,1.0,49.436,00,1,neowise
187.7842994,0.60506,60465.77976216,15.43,0.208,14.789,,5.2,0.5,135.63,25.926,18.109,34.678,0000,BU,1.0,22.801,00,1,neowise
187.7855922,0.6040574,56833.93050411,15.633,0.163,15.511,,6.7,-0.3,113.66,17.065,-5.8483,22.897,0000,BU,1.0,9.856,00,1,neowise
187.7864737,0.6052817,57389.32747887,15.945,0.317,14.048,,3.4,1.1,84.476,24.666,59.92,56.391,0000,BU,1.0,3.94,11,1,neowise
187.7874154,0.6053702,59370.60144021,15.594,0.196,14.541,,5.5,1.9,116.64,21.098,53.082,28.399,0000,BU,1.0,59.038,00,1,neowise
187.7850041,0.6054113,59942.23222157,15.653,0.263,14.717,0.33,4.1,3.3,110.41,26.787,93.467,28.435,0000,BB,1.0,15.545,00,1,neowise
187.7848434,0.604515,57553.92819701,15.818,0.245,13.939,,4.4,0.8,94.943,21.414,55.395,67.979,0000,BU,1.0,6.588,11,1,neowise
187.7850444,0.6058424,58275.55370402,15.647,0.161,14.456,0.342,6.8,3.2,111.05,16.418,118.88,37.474,0000,BB,1.0,69.672,00,1,neowise
187.7843958,0.6052626,59941.97168782,16.221,0.305,15.335,,3.6,-0.2,65.449,18.377,-5.9413,26.454,0000,BU,1.0,91.006,00,1,neowise
187.787229,0.6049733,60466.22786468,15.291,0.144,13.941,,7.5,1.8,154.21,20.484,91.101,49.903,0000,BU,0.5,66.614,00,1,neowise
187.7853591,0.606461,59211.45393063,15.036,0.133,14.811,0.354,8.2,3.1,194.97,23.839,85.704,27.924,0000,BB,1.0,-3.164,00,1,neowise
187.7868197,0.6061941,59210.86550163,15.266,0.145,14.2,,7.5,1.3,157.7,21.011,57.897,46.269,0000,BU,1.0,106.137,00,1,neowise
187.7862285,0.6064523,59211.06160226,14.801,0.135,15.023,0.427,8.0,2.5,242.03,30.141,70.482,27.74,0000,BC,1.0,66.21,00,1,neowise
187.7865032,0.6054782,60101.81857758,16.247,0.284,14.202,0.321,3.8,3.4,63.936,16.728,150.12,44.322,0000,BB,1.0,15.014,00,1,neowise
187.7869765,0.6050825,57192.1305491,15.57,0.174,13.969,,6.2,1.9,119.14,19.128,91.85,47.293,0000,BU,1.0,54.777,00,1,neowise
187.7857263,0.6066679,57554.77983242,14.735,0.103,14.368,0.316,10.5,3.4,257.53,24.46,128.88,37.563,0000,AB,0.5,16.893,00,1,neowise
187.7854273,0.6050834,58115.56741257,16.308,0.424,14.729,0.414,2.6,2.6,60.4,23.564,92.392,35.214,0000,CC,1.0,20.089,00,1,neowise
187.7851871,0.6051353,59578.51238079,16.252,0.294,15.353,,3.7,0.0,63.624,17.215,-0.28935,26.004,0000,BU,1.0,1.645,00,1,neowise
187.7862727,0.6044666,60466.16330439,15.634,0.165,15.292,,6.6,0.3,112.36,17.067,6.6892,24.181,0000,BU,1.0,44.162,00,1,neowise
187.7850253,0.6062919,57383.6232275,14.594,0.224,15.198,,4.8,0.6,293.15,60.612,13.385,23.258,0000,BU,1.0,47.819,00,1,neowise
187.7864443,0.6058258,58114.97821318,15.39,0.144,14.86,0.375,7.5,2.9,140.66,18.688,81.922,28.286,0000,BC,1.0,88.312,00,1,neowise
187.7859794,0.6041678,58481.97172692,15.074,0.191,14.12,0.431,5.7,2.5,188.24,33.091,162.0,64.236,0000,BC,1.0,91.149,11,1,neowise
187.7868462,0.606244,58479.48481429,14.924,0.123,14.574,0.309,8.8,3.5,216.17,24.457,106.64,30.396,0000,BB,1.0,0.838,00,1,neowise
187.7867116,0.604229,59941.58101454,16.388,0.39,14.819,0.413,2.8,2.6,56.145,20.176,85.049,32.356,0000,CC,1.0,19.118,00,1,neowise
187.7850083,0.6068055,57551.17642616,15.149,0.119,14.522,0.389,9.1,2.8,175.96,19.332,111.91,40.141,0000,BC,0.5,63.816,11,1,neowise
187.7868155,0.6047952,57554.19025829,15.655,0.198,14.919,,5.5,-0.1,110.32,20.091,-3.0553,38.814,0000,BU,1.0,67.795,11,1,neowise
187.7868466,0.6055071,59370.73208885,15.491,0.145,14.955,0.421,7.5,2.6,128.18,17.072,75.025,29.075,0000,BC,1.0,27.52,00,1,neowise
