source_id,canonical_id,score,status,n_points,baseline_days,band_coverage,baseline_years,delta_mag,delta_mag_method,rejection_reason,_cid_norm,_sid_norm,canonical_id_normalized,source_id_normalized,ra,dec,coordinate_source,class,y_true,split,has_coords,stage_a_positive,gate_blazar_veto,gate_wise_qc_pass,gate_data_sufficient,final_label,decision_trace
4645750160709248,4645750160709248,0.8421789664240723,OK,190,5096.470295940002,"W1,W2",13.953375211334707,0.537504487993528,seasonal_median_flux,,4645750160709248,4645750160709248,4645750160709248,4645750160709248,42.83664951333,3.05678874313,benchmark_master,star,0.0,dev,True,True,True,True,True,Rejected,stage_a_positive=pass;gate_blazar_veto=pass;gate_wise_qc_pass=pass;gate_data_sufficient=pass
3C 279,3C 279,0.8249998092651367,OK,191,5269.14904402,"W1,W2",14.426143857686515,0.2611901976717136,seasonal_median_flux,,3C 279,3C 279,3C 279,3C 279,194.0465,-5.7893,benchmark_master,blazar,0.0,dev,True,True,False,True,True,Known blazar,stage_a_positive=pass;gate_blazar_veto=fail;gate_wise_qc_pass=pass;gate_data_sufficient=pass
BL Lac,BL Lac,0.7953332265218098,OK,247,5114.356492899999,"W1,W2",14.002344949760436,0.8252714320173409,seasonal_median_flux,,BL LAC,BL LAC,BL LAC,BL LAC,330.6804,42.2778,benchmark_master,blazar,0.0,dev,True,True,False,True,False,Known blazar,stage_a_positive=pass;gate_blazar_veto=fail;gate_wise_qc_pass=pass;gate_data_sufficient=fail
SDSSJJ141324.27+530527.0,SDSSJ141324.27+530527.0,0.7612271583998753,OK,404,5098.9474546799975,"W1,W2",13.960157302340855,0.0916098398586898,seasonal_median_flux,,SDSSJ141324.27+530527.0,SDSSJ141324.27+530527.0,SDSSJ141324.27+530527.0,SDSSJ141324.27+530527.0,213.35116,53.09084,benchmark_master,clagn,1.0,dev,True,True,True,True,False,Needs more data,stage_a_positive=pass;gate_blazar_veto=pass;gate_wise_qc_pass=pass;gate_data_sufficient=fail
SDSSJJ082323.88+422048.2,SDSSJ082323.88+422048.2,0.757733894073395,OK,253,5098.611096459994,"W1,W2",13.95923640372346,0.4367163062120698,seasonal_median_flux,,SDSSJ082323.88+422048.2,SDSSJ082323.88+422048.2,SDSSJ082323.88+422048.2,SDSSJ082323.88+422048.2,125.84955,42.346741,benchmark_master,clagn,1.0,dev,True,True,True,True,True,Known AGN,stage_a_positive=pass;gate_blazar_veto=pass;gate_wise_qc_pass=pass;gate_data_sufficient=pass
TON 1542,TON 1542,0.7540873918880219,OK,289,5098.272693759995,"W1,W2",13.9583099076249,0.6207915030098314,seasonal_median_flux,,TON 1542,TON 1542,TON 1542,TON 1542,188.015,20.1581,benchmark_master,blazar,0.0,dev,True,True,False,True,False,Known blazar,stage_a_positive=pass;gate_blazar_veto=fail;gate_wise_qc_pass=pass;gate_data_sufficient=fail
SDSSJ153612.80+034245.7,SDSSJ153612.80+034245.7,0.7313722515825071,OK,269,5276.732379820001,"W1,W2",14.446905899575636,-0.9251054882140788,seasonal_median_flux,,SDSSJ153612.80+034245.7,SDSSJ153612.80+034245.7,SDSSJ153612.80+034245.7,SDSSJ153612.80+034245.7,234.05335,3.71272,benchmark_master,clagn,1.0,dev,True,True,True,True,True,Known AGN,stage_a_positive=pass;gate_blazar_veto=pass;gate_wise_qc_pass=pass;gate_data_sufficient=pass
SDSSJJ101322.43+214021.74,SDSSJ101322.43+214021.74,0.7297546742318493,OK,180,5098.376905229998,"W1,W2",13.958595223080076,-0.5098430089786988,seasonal_median_flux,,SDSSJ101322.43+214021.74,SDSSJ101322.43+214021.74,SDSSJ101322.43+214021.74,SDSSJ101322.43+214021.74,153.3435,21.67271,benchmark_master,clagn,1.0,dev,True,True,True,,,Rejected,stage_a_only
SDSSJJ100256.22+475027.7,SDSSJ100256.22+475027.7,0.7191303316273132,OK,291,5101.828652420001,"W1,W2",13.968045591841207,0.6457893707135234,seasonal_median_flux,,SDSSJ100256.22+475027.7,SDSSJ100256.22+475027.7,SDSSJ100256.22+475027.7,SDSSJ100256.22+475027.7,150.73428,47.841031,benchmark_master,clagn,1.0,dev,True,True,True,,,Rejected,stage_a_only
3C 345,3C 345,0.7126662497916778,OK,505,5277.51728385,"W1,W2",14.449054849691992,-0.02926557572264,seasonal_median_flux,,3C 345,3C 345,3C 345,3C 345,250.745,39.8103,benchmark_master,blazar,0.0,test,True,True,True,,,Rejected,stage_a_only
SDSSJJ091407.16+243633.08,SDSSJ091407.16+243633.08,0.7104982763006243,OK,160,5095.680523489995,"W1,W2",13.9512129322108,0.4727573762395194,seasonal_median_flux,,SDSSJ091407.16+243633.08,SDSSJ091407.16+243633.08,SDSSJ091407.16+243633.08,SDSSJ091407.16+243633.08,138.52984,24.60919,benchmark_master,clagn,1.0,dev,True,True,True,,,Rejected,stage_a_only
5054111356737024,5054111356737024,0.7060904416796688,OK,217,5096.21880327,"W1,W2",13.952686661930183,0.5876074942795707,seasonal_median_flux,,5054111356737024,5054111356737024,5054111356737024,5054111356737024,41.97514315237,4.48398238521,benchmark_master,star,0.0,dev,True,True,True,,,Rejected,stage_a_only
SDSSJJ081425.89+294115.6,SDSSJ081425.89+294115.6,0.7042498613756637,OK,224,5098.70558193,"W1,W2",13.95949509084189,0.5591701911236531,seasonal_median_flux,,SDSSJ081425.89+294115.6,SDSSJ081425.89+294115.6,SDSSJ081425.89+294115.6,SDSSJ081425.89+294115.6,123.60791,29.687681,benchmark_master,clagn,1.0,dev,True,True,True,,,Rejected,stage_a_only
1997bt,1997bt,0.6993112959462682,OK,197,5098.219330610002,"W1,W2",13.958163807282688,0.5901769602134956,seasonal_median_flux,,1997BT,1997BT,1997BT,1997BT,166.56291666666664,-11.60686111111111,benchmark_master,sn,0.0,dev,True,True,True,,,Rejected,stage_a_only
3C 446,3C 446,0.689993808682749,OK,202,5113.961700150001,"W1,W2",14.0012640661191,-0.1256131829263529,seasonal_median_flux,,3C 446,3C 446,3C 446,3C 446,336.4469,-4.9504,benchmark_master,blazar,0.0,dev,True,True,True,,,Rejected,stage_a_only
2000dw,2000dw,0.6809886838880634,OK,202,5114.3432504500015,"W1,W2",14.002308693908288,0.5670324108342036,seasonal_median_flux,,2000DW,2000DW,2000DW,2000DW,333.4544166666666,39.23752777777778,benchmark_master,sn,0.0,test,True,True,True,,,Rejected,stage_a_only
SDSSJJ025410.08+034911.9,SDSSJ025410.08+034911.9,0.680954769053413,OK,207,5096.450430950004,"W1,W2",13.953320823956206,0.5362738676664467,seasonal_median_flux,,SDSSJ025410.08+034911.9,SDSSJ025410.08+034911.9,SDSSJ025410.08+034911.9,SDSSJ025410.08+034911.9,43.542023,3.8200029,benchmark_master,clagn,1.0,test,True,True,True,,,Rejected,stage_a_only
SDSSJJ082942.66+415436.8,SDSSJ082942.66+415436.8,0.6771920586265717,OK,255,5098.573278289994,"W1,W2",13.959132863216958,0.416279429170353,seasonal_median_flux,,SDSSJ082942.66+415436.8,SDSSJ082942.66+415436.8,SDSSJ082942.66+415436.8,SDSSJ082942.66+415436.8,127.42778,41.910244,benchmark_master,clagn,1.0,test,True,True,True,,,Rejected,stage_a_only
SDSSJJ020222.00+010557.11,SDSSJ020222.00+010557.11,0.6690476782771857,OK,147,5300.560716709995,"W1,W2",14.512144330485956,-0.4350694670110582,seasonal_median_flux,,SDSSJ020222.00+010557.11,SDSSJ020222.00+010557.11,SDSSJ020222.00+010557.11,SDSSJ020222.00+010557.11,30.59169,1.09919,benchmark_master,clagn,1.0,dev,True,True,True,,,Rejected,stage_a_only
3C 66A,3C 66A,0.6521291301027625,OK,179,5096.12775688,"W1,W2",13.952437390499655,-0.9603771811294204,seasonal_median_flux,,3C 66A,3C 66A,3C 66A,3C 66A,35.665,43.0355,benchmark_master,blazar,0.0,dev,True,True,True,,,Rejected,stage_a_only
SDSSJJ113706.93+481943.68,SDSSJ113706.93+481943.68,0.6503616969373622,OK,212,5098.394617549995,"W1,W2",13.958643716769322,-0.2729901675785188,seasonal_median_flux,,SDSSJ113706.93+481943.68,SDSSJ113706.93+481943.68,SDSSJ113706.93+481943.68,SDSSJ113706.93+481943.68,174.27889,48.32879,benchmark_master,clagn,1.0,dev,True,True,True,,,Rejected,stage_a_only
1959C,1959C,0.65,OK,46,5268.449067820002,"W1,W2",14.424227427296378,0.0,seasonal_median_flux,,1959C,1959C,1959C,1959C,197.84925,3.4105,benchmark_master,sn,0.0,dev,True,True,True,,,Rejected,stage_a_only
SDSSJJ022930.91-000845.37,SDSSJ022930.91-000845.37,0.6443719923024547,OK,208,5304.715851070003,"W1,W2",14.523520468364142,-0.3006145009622831,seasonal_median_flux,,SDSSJ022930.91-000845.37,SDSSJ022930.91-000845.37,SDSSJ022930.91-000845.37,SDSSJ022930.91-000845.37,37.37882,-0.14596,benchmark_master,clagn,1.0,test,True,True,True,,,Rejected,stage_a_only
NGC 3516,NGC 3516,0.6411904341423882,OK,439,5098.987122220002,"W1,W2",13.96026590614648,0.1712635191301474,seasonal_median_flux,,NGC 3516,NGC 3516,NGC 3516,NGC 3516,166.698,72.56900024414062,benchmark_master,clagn,1.0,dev,True,True,True,,,Rejected,stage_a_only
NGC 1275,NGC 1275,0.6405427000893436,OK,167,5098.912652600004,"W1,W2",13.96006201943875,0.4917668506786096,seasonal_median_flux,,NGC 1275,NGC 1275,NGC 1275,NGC 1275,49.9507,41.5117,benchmark_master,blazar,0.0,dev,True,True,True,,,Rejected,stage_a_only
5928944654308352,5928944654308352,0.6375916643497501,OK,47,5095.348192079997,"W1,W2",13.95030305839835,0.3590203203536909,seasonal_median_flux,,5928944654308352,5928944654308352,5928944654308352,5928944654308352,39.87826331514,4.37121316115,benchmark_master,star,0.0,dev,True,True,True,,,Rejected,stage_a_only
4C 29.45,4C 29.45,0.6373001299825053,OK,135,5098.245538859999,"W1,W2",13.958235561560572,-0.2574792302885516,seasonal_median_flux,,4C 29.45,4C 29.45,4C 29.45,4C 29.45,179.8826,29.2455,benchmark_master,blazar,0.0,test,True,True,True,,,Rejected,stage_a_only
3C 120,3C 120,0.6366682421734613,OK,218,5098.834231709996,"W1,W2",13.959847314743316,0.4042561562616225,seasonal_median_flux,,3C 120,3C 120,3C 120,3C 120,68.2962,5.3543,benchmark_master,blazar,0.0,dev,True,True,True,,,Rejected,stage_a_only
SDSSJ161711.42+063833.4,SDSSJ161711.42+063833.4,0.6362478156233452,OK,273,5276.768545530002,"W1,W2",14.447004915893228,-0.6978647528510619,seasonal_median_flux,,SDSSJ161711.42+063833.4,SDSSJ161711.42+063833.4,SDSSJ161711.42+063833.4,SDSSJ161711.42+063833.4,244.2976,6.64262,benchmark_master,clagn,1.0,dev,True,True,True,,,Rejected,stage_a_only
SDSSJ141213.61+021202.1,SDSSJ141213.61+021202.1,0.6275339387025134,OK,215,5274.247075829997,"W1,W2",14.44010150809034,0.372707427095736,seasonal_median_flux,,SDSSJ141213.61+021202.1,SDSSJ141213.61+021202.1,SDSSJ141213.61+021202.1,SDSSJ141213.61+021202.1,213.05675,2.2006,benchmark_master,clagn,1.0,dev,True,True,True,,,Rejected,stage_a_only
SDSSJJ110501.26+562724.5,SDSSJ110501.26+562724.5,0.6211983259475093,OK,245,5098.856840910004,"W1,W2",13.959909215359357,-0.8110481646155981,seasonal_median_flux,,SDSSJ110501.26+562724.5,SDSSJ110501.26+562724.5,SDSSJ110501.26+562724.5,SDSSJ110501.26+562724.5,166.25525,56.456826,benchmark_master,clagn,1.0,dev,True,True,True,,,Rejected,stage_a_only
SDSSJJ215130.35+003522.26,SDSSJ215130.35+003522.26,0.6106248876104402,OK,203,5114.146717869997,"W1,W2",14.001770617029424,0.2622355563685632,seasonal_median_flux,,SDSSJ215130.35+003522.26,SDSSJ215130.35+003522.26,SDSSJ215130.35+003522.26,SDSSJ215130.35+003522.26,327.8765,0.5895,benchmark_master,clagn,1.0,dev,True,True,True,,,Rejected,stage_a_only
1999H,1999H,0.6097346216221871,OK,80,5094.790838039997,"W1,W2",13.948777106201224,0.427918683617941,seasonal_median_flux,,1999H,1999H,1999H,1999H,151.76274999999998,-5.924055555555556,benchmark_master,sn,0.0,dev,True,True,True,,,Rejected,stage_a_only
SDSSJJ124946.13+365204.21,SDSSJ124946.13+365204.21,0.603605113878842,OK,293,5098.421166480002,"W1,W2",13.95871640377824,-0.263315934854849,seasonal_median_flux,,SDSSJ124946.13+365204.21,SDSSJ124946.13+365204.21,SDSSJ124946.13+365204.21,SDSSJ124946.13+365204.21,192.44226,36.86784,benchmark_master,clagn,1.0,dev,True,True,True,,,Rejected,stage_a_only
OJ 287,OJ 287,0.6017881095639926,OK,222,5096.024725839998,"W1,W2",13.952155306885688,0.3516834368354969,seasonal_median_flux,,OJ 287,OJ 287,OJ 287,OJ 287,133.7036,20.1085,benchmark_master,blazar,0.0,test,True,True,True,,,Rejected,stage_a_only
SDSSJ102152.34+464515.6,SDSSJ102152.34+464515.6,0.5985735586890277,OK,221,5098.634630679997,"W1,W2",13.95930083690622,-0.4433461911228715,seasonal_median_flux,,SDSSJ102152.34+464515.6,SDSSJ102152.34+464515.6,SDSSJ102152.34+464515.6,SDSSJ102152.34+464515.6,155.46813,46.75436,benchmark_master,clagn,1.0,test,True,True,True,,,Rejected,stage_a_only
SDSSJ123359.12+084211.5,SDSSJ123359.12+084211.5,0.5888180028043958,OK,170,4936.0469741199995,"W1,W2",13.514160093415468,0.2899071390427852,seasonal_median_flux,,SDSSJ123359.12+084211.5,SDSSJ123359.12+084211.5,SDSSJ123359.12+084211.5,SDSSJ123359.12+084211.5,188.49637,8.70323,benchmark_master,clagn,1.0,dev,True,True,True,,,Rejected,stage_a_only
3C 382.0,3C 382.0,0.587954446497077,OK,333,5117.1652597099965,"W1,W2",14.010034934182055,-0.5423540093357666,seasonal_median_flux,,3C 382.0,3C 382.0,3C 382.0,3C 382.0,278.7641,32.6963,benchmark_master,blazar,0.0,dev,True,True,True,,,Rejected,stage_a_only
Fairall 9,Fairall 9,0.5817097807228772,OK,247,5113.906829419997,"W1,W2",14.001113838247766,0.2346528633031218,seasonal_median_flux,,FAIRALL 9,FAIRALL 9,FAIRALL 9,FAIRALL 9,20.9417,-58.8066,benchmark_master,blazar,0.0,dev,True,True,True,,,Rejected,stage_a_only
NGC 1566,NGC 1566,0.5761376830425158,OK,534,5306.512096110004,"W1,W2",14.52843831926079,-0.1241925982942715,seasonal_median_flux,,NGC 1566,NGC 1566,NGC 1566,NGC 1566,65.002,-54.9379997253418,benchmark_master,clagn,1.0,dev,True,True,True,,,Rejected,stage_a_only
000159.27+034352.9,000159.27+034352.9,0.5727026796435435,OK,64,5113.843967959998,"W1,W2",14.000941732950029,0.3635765618261644,seasonal_median_flux,,000159.27+034352.9,000159.27+034352.9,000159.27+034352.9,000159.27+034352.9,0.496973,3.731381,benchmark_master,normal_agn,0.0,dev,True,True,True,,,Rejected,stage_a_only
SDSSJJ090258.39+252915.15,SDSSJ090258.39+252915.15,0.5708695166628968,OK,209,5096.016575959999,"W1,W2",13.952132993730318,-0.2092500240434023,seasonal_median_flux,,SDSSJ090258.39+252915.15,SDSSJ090258.39+252915.15,SDSSJ090258.39+252915.15,SDSSJ090258.39+252915.15,135.74328,25.48757,benchmark_master,clagn,1.0,dev,True,True,True,,,Rejected,stage_a_only
SDSSJJ012256.19-000252.68,SDSSJ012256.19-000252.68,0.5689008316421804,OK,156,5299.6914505400055,"W1,W2",14.509764409418224,0.3334366019095692,seasonal_median_flux,,SDSSJ012256.19-000252.68,SDSSJ012256.19-000252.68,SDSSJ012256.19-000252.68,SDSSJ012256.19-000252.68,20.73413,-0.04798,benchmark_master,clagn,1.0,dev,True,True,True,,,Rejected,stage_a_only
Mrk 421,Mrk 421,0.5676266092825044,OK,259,5098.402512219996,"W1,W2",13.9586653311978,-0.117709757287003,seasonal_median_flux,,MRK 421,MRK 421,MRK 421,MRK 421,166.1138,38.2088,benchmark_master,blazar,0.0,dev,True,True,True,,,Rejected,stage_a_only
AKN 120,AKN 120,0.5665394107627462,OK,253,5100.004239180002,"W1,W2",13.963050620616022,-0.3344771925673304,seasonal_median_flux,,AKN 120,AKN 120,AKN 120,AKN 120,79.0478,-0.1502,benchmark_master,blazar,0.0,dev,True,True,True,,,Rejected,stage_a_only
MR,MR,0.5610524559599588,OK,140,5113.7829251400035,"W1,W2",14.000774606817258,-0.3174381164709067,seasonal_median_flux,,MR,MR,MR,MR,343.5245,-17.582,benchmark_master,blazar,0.0,dev,True,True,True,,,Rejected,stage_a_only
SDSSJJ105325.40+302419.34,SDSSJ105325.40+302419.34,0.5579657491315172,OK,255,5098.362785030004,"W1,W2",13.958556564079409,-0.5883952016717737,seasonal_median_flux,,SDSSJ105325.40+302419.34,SDSSJ105325.40+302419.34,SDSSJ105325.40+302419.34,SDSSJ105325.40+302419.34,163.35585,30.40536,benchmark_master,clagn,1.0,test,True,True,True,,,Rejected,stage_a_only
Mrk 205,Mrk 205,0.5556617232585336,OK,495,5098.946246890002,"W1,W2",13.960153995592066,0.1556286756850563,seasonal_median_flux,,MRK 205,MRK 205,MRK 205,MRK 205,185.4338,75.3106,benchmark_master,blazar,0.0,dev,True,True,True,,,Rejected,stage_a_only
3C 371,3C 371,0.5543557562599758,OK,1333,5115.064500600005,"W1,W2",14.004283369199191,-0.024106807746932,seasonal_median_flux,,3C 371,3C 371,3C 371,3C 371,271.7112,69.8245,benchmark_master,blazar,0.0,dev,True,True,True,,,Rejected,stage_a_only
3532799579575168,3532799579575168,0.548012611456089,OK,179,5096.367788789998,"W1,W2",13.953094562053382,0.175873294288513,seasonal_median_flux,,3532799579575168,3532799579575168,3532799579575168,3532799579575168,47.132870211,4.46314281413,benchmark_master,star,0.0,dev,True,True,True,,,Rejected,stage_a_only
IIZw 136,IIZw 136,0.5473068949566349,OK,248,5114.056558490003,"W1,W2",14.00152377409994,0.1249245237478091,seasonal_median_flux,,IIZW 136,IIZW 136,IIZW 136,IIZW 136,323.1163,10.1385,benchmark_master,blazar,0.0,dev,True,True,True,,,Rejected,stage_a_only
12441214586847872,12441214586847872,0.544854321182142,OK,121,5099.06469436,"W1,W2",13.960478287091036,0.2845541829412624,seasonal_median_flux,,12441214586847872,12441214586847872,12441214586847872,12441214586847872,52.2704035099,9.00360665621,benchmark_master,star,0.0,test,True,True,True,,,Rejected,stage_a_only
7866077983944448,7866077983944448,0.5444101589745938,OK,179,5096.361167110001,"W1,W2",13.95307643288159,-0.2351067638795318,seasonal_median_flux,,7866077983944448,7866077983944448,7866077983944448,7866077983944448,46.36034281474,8.04504144158,benchmark_master,star,0.0,dev,True,True,True,,,Rejected,stage_a_only
IIIZw 2,IIIZw 2,0.5332214942034638,OK,180,5116.754284360002,"W1,W2",14.008909744996584,-0.299019784407237,seasonal_median_flux,,IIIZW 2,IIIZW 2,IIIZW 2,IIIZW 2,2.6292,10.9749,benchmark_master,blazar,0.0,dev,True,True,True,,,Rejected,stage_a_only
SDSSJJ120442.10+275411.8,SDSSJ120442.10+275411.8,0.5323771416525506,OK,74,5097.739002379996,"W1,W2",13.956848740260083,0.110911011986569,seasonal_median_flux,,SDSSJ120442.10+275411.8,SDSSJ120442.10+275411.8,SDSSJ120442.10+275411.8,SDSSJ120442.10+275411.8,181.17545,27.903284,benchmark_master,clagn,1.0,dev,True,True,True,,,Rejected,stage_a_only
4C 34.47,4C 34.47,0.5290099567200833,OK,415,5117.290773340006,"W1,W2",14.010378571772776,0.0958112539913523,seasonal_median_flux,,4C 34.47,4C 34.47,4C 34.47,4C 34.47,260.8367,34.2994,benchmark_master,blazar,0.0,test,True,True,True,,,Rejected,stage_a_only
SDSSJJ093812.27+074340.0,SDSSJ093812.27+074340.0,0.521702534541269,OK,230,5098.471389649996,"W1,W2",13.95885390732374,0.1263454718793117,seasonal_median_flux,,SDSSJ093812.27+074340.0,SDSSJ093812.27+074340.0,SDSSJ093812.27+074340.0,SDSSJ093812.27+074340.0,144.5511,7.7277918,benchmark_master,clagn,1.0,dev,True,True,True,,,Rejected,stage_a_only
2000em,2000em,0.5206285484255788,OK,87,5116.745244049998,"W1,W2",14.008884993976723,-0.1115625716162345,seasonal_median_flux,,2000EM,2000EM,2000EM,2000EM,8.87425,-2.657611111111111,benchmark_master,sn,0.0,test,True,True,True,,,Rejected,stage_a_only
TON 490,TON 490,0.5202714932739889,OK,176,3274.6683722699963,"W1,W2",8.965553380616006,-0.0942276985865197,seasonal_median_flux,,TON 490,TON 490,TON 490,TON 490,153.4726,24.8212,benchmark_master,blazar,0.0,dev,True,True,True,,,Rejected,stage_a_only
PG,PG,0.5200139203745514,OK,253,5104.948664900003,"W1,W2",13.976587720465442,-0.1540359719368708,seasonal_median_flux,,PG,PG,PG,PG,213.4514,44.0039,benchmark_master,blazar,0.0,dev,True,True,True,,,Rejected,stage_a_only
1996ck,1996ck,0.5188236098643181,OK,63,5103.7851943299975,"W1,W2",13.973402311649547,0.232776826655509,seasonal_median_flux,,1996CK,1996CK,1996CK,1996CK,192.14662499999997,-0.7675000000000001,benchmark_master,sn,0.0,dev,True,True,True,,,Rejected,stage_a_only
000202.62+085628.4,000202.62+085628.4,0.5185697243577232,OK,214,5114.032814549995,"W1,W2",14.0014587667351,-0.2388262086734502,seasonal_median_flux,,000202.62+085628.4,000202.62+085628.4,000202.62+085628.4,000202.62+085628.4,0.510943,8.941235,benchmark_master,normal_agn,0.0,dev,True,True,True,,,Rejected,stage_a_only
1998dx,1998dx,0.5145828812032397,OK,152,4915.03357041,"W1,W2",13.45662852952772,-0.3543398081534371,seasonal_median_flux,,1998DX,1998DX,1998DX,1998DX,272.7995416666666,49.86130555555556,benchmark_master,sn,0.0,dev,True,True,True,,,Rejected,stage_a_only
6258695063604736,6258695063604736,0.5136498263480889,OK,195,5096.463674229999,"W1,W2",13.953357082080764,0.2488528145192406,seasonal_median_flux,,6258695063604736,6258695063604736,6258695063604736,6258695063604736,42.42262337196,5.47865004968,benchmark_master,star,0.0,dev,True,True,True,,,Rejected,stage_a_only
Mrk 1383,Mrk 1383,0.5109987086765151,OK,207,5274.8895621300035,"W1,W2",14.441860539712534,-0.1392152762307092,seasonal_median_flux,,MRK 1383,MRK 1383,MRK 1383,MRK 1383,217.2774,1.2851,benchmark_master,blazar,0.0,dev,True,True,True,,,Rejected,stage_a_only
Mrk 180,Mrk 180,0.5109117555591937,OK,367,5099.872759090002,"W1,W2",13.962690647748122,-0.1498361281003886,seasonal_median_flux,,MRK 180,MRK 180,MRK 180,MRK 180,174.11,70.1576,benchmark_master,blazar,0.0,dev,True,True,True,,,Rejected,stage_a_only
3C 273,3C 273,0.5105034243860185,OK,233,5095.679095730004,"W1,W2",13.951209023216984,-0.1843016722456055,seasonal_median_flux,,3C 273,3C 273,3C 273,3C 273,187.2779,2.0524,benchmark_master,blazar,0.0,test,True,True,True,,,Rejected,stage_a_only
1984L,1984L,0.5084160610577515,OK,188,5304.875410330002,"W1,W2",14.523957317809725,-0.0137861817711785,seasonal_median_flux,,1984L,1984L,1984L,1984L,38.87716666666667,-7.158463888888889,benchmark_master,sn,0.0,dev,True,True,True,,,Rejected,stage_a_only
Mrk 734,Mrk 734,0.5061886622275253,OK,223,5095.446521539998,"W1,W2",13.950572269787813,0.181303735893943,seasonal_median_flux,,MRK 734,MRK 734,MRK 734,MRK 734,170.4463,11.7384,benchmark_master,blazar,0.0,dev,True,True,True,,,Rejected,stage_a_only
SDSSJJ105058.42+241351.18,SDSSJ105058.42+241351.18,0.4954773699464684,OK,240,5098.042150510002,"W1,W2",13.95767871460644,-0.1363329371214837,seasonal_median_flux,,SDSSJ105058.42+241351.18,SDSSJ105058.42+241351.18,SDSSJ105058.42+241351.18,SDSSJ105058.42+241351.18,162.74344,24.23087,benchmark_master,clagn,1.0,dev,True,True,True,,,Rejected,stage_a_only
Mrk 501,Mrk 501,0.4906381081937133,OK,397,5114.527895129999,"W1,W2",14.002814223490756,0.0255194326662638,seasonal_median_flux,,MRK 501,MRK 501,MRK 501,MRK 501,253.4676,39.7602,benchmark_master,blazar,0.0,dev,True,True,True,,,Rejected,stage_a_only
IIZw 1,IIZw 1,0.4866333940701082,OK,202,5299.313003149997,"W1,W2",14.5087282769336,-0.0961690113040365,seasonal_median_flux,,IIZW 1,IIZW 1,IIZW 1,IIZW 1,20.4993,-1.04,benchmark_master,blazar,0.0,dev,True,True,True,,,Rejected,stage_a_only
3C 351,3C 351,0.4819937728085044,OK,744,5277.740526580004,"W1,W2",14.449666054976056,0.0417387651857847,seasonal_median_flux,,3C 351,3C 351,3C 351,3C 351,256.1724,60.7418,benchmark_master,blazar,0.0,dev,True,True,True,,,Rejected,stage_a_only
8797952743613440,8797952743613440,0.4725607918754396,OK,203,5096.543133249994,"W1,W2",13.9535746290212,-0.0139708709755821,seasonal_median_flux,,8797952743613440,8797952743613440,8797952743613440,8797952743613440,43.95677198172,8.20529048913,benchmark_master,star,0.0,dev,True,True,True,,,Rejected,stage_a_only
7451665179765376,7451665179765376,0.4709474929686454,OK,224,5096.241978760001,"W1,W2",13.952750112963727,0.1823258012073202,seasonal_median_flux,,7451665179765376,7451665179765376,7451665179765376,7451665179765376,46.33966441601,6.95026267061,benchmark_master,star,0.0,test,True,True,True,,,Rejected,stage_a_only
SDSSJJ114408.90+424357.5,SDSSJ114408.90+424357.5,0.4695424904947837,OK,212,5098.246787709999,"W1,W2",13.958238980725527,-0.1805831889766336,seasonal_median_flux,,SDSSJ114408.90+424357.5,SDSSJ114408.90+424357.5,SDSSJ114408.90+424357.5,SDSSJ114408.90+424357.5,176.03712,42.732643,benchmark_master,clagn,1.0,dev,True,True,True,,,Rejected,stage_a_only
SDSSJJ230614.18-010024.45,SDSSJ230614.18-010024.45,0.4689453594333994,OK,217,4909.93524151,"W1,W2",13.4426700657358,-0.135423549943915,seasonal_median_flux,,SDSSJ230614.18-010024.45,SDSSJ230614.18-010024.45,SDSSJ230614.18-010024.45,SDSSJ230614.18-010024.45,346.55909,-1.0068,benchmark_master,clagn,1.0,dev,True,True,True,,,Rejected,stage_a_only
000017.38-085123.7,000017.38-085123.7,0.467672523538522,OK,165,5114.021345379995,"W1,W2",14.001427365858987,0.1569473357456506,seasonal_median_flux,,000017.38-085123.7,000017.38-085123.7,000017.38-085123.7,000017.38-085123.7,0.072423,-8.856608,benchmark_master,normal_agn,0.0,dev,True,True,True,,,Rejected,stage_a_only
SDSSJJ222132.41-010928.70,SDSSJ222132.41-010928.70,0.4618588984928881,OK,172,5113.949094690004,"W1,W2",14.001229554250523,-0.1810153223793648,seasonal_median_flux,,SDSSJ222132.41-010928.70,SDSSJ222132.41-010928.70,SDSSJ222132.41-010928.70,SDSSJ222132.41-010928.70,335.38507,-1.15797,benchmark_master,clagn,1.0,dev,True,True,True,,,Rejected,stage_a_only
PKS,PKS,0.4566784742990529,OK,181,5272.616948349998,"W1,W2",14.4356384622861,-0.0687393276987842,seasonal_median_flux,,PKS,PKS,PKS,PKS,196.3876,-10.5554,benchmark_master,blazar,0.0,dev,True,True,True,,,Rejected,stage_a_only
SDSSJ161407.07+513354.5,SDSSJ161407.07+513354.5,0.4494019024993901,OK,616,5275.917305269999,"W1,W2",14.444674347077342,-0.0973309791564703,seasonal_median_flux,,SDSSJ161407.07+513354.5,SDSSJ161407.07+513354.5,SDSSJ161407.07+513354.5,SDSSJ161407.07+513354.5,243.5295,51.56516,benchmark_master,clagn,1.0,dev,True,True,True,,,Rejected,stage_a_only
SDSSJ160111.26+474509.6,SDSSJ160111.26+474509.6,0.4393745242995799,OK,411,5275.901768980002,"W1,W2",14.444631811033544,0.1963685924092912,seasonal_median_flux,,SDSSJ160111.26+474509.6,SDSSJ160111.26+474509.6,SDSSJ160111.26+474509.6,SDSSJ160111.26+474509.6,240.2969,47.75267,benchmark_master,clagn,1.0,test,True,True,True,,,Rejected,stage_a_only
1999do,1999do,0.4350889402289746,OK,278,5114.329634550006,"W1,W2",14.002271415605763,-0.0789974707647625,seasonal_median_flux,,1999DO,1999DO,1999DO,1999DO,343.3744583333333,31.64525,benchmark_master,sn,0.0,dev,True,True,True,,,Rejected,stage_a_only
000033.71+102012.0,000033.71+102012.0,0.4347423754555139,OK,26,3285.9404943499976,"W1,W2",8.996414768925387,0.1671268992667368,seasonal_median_flux,,000033.71+102012.0,000033.71+102012.0,000033.71+102012.0,000033.71+102012.0,0.140471,10.336684,benchmark_master,normal_agn,0.0,test,True,True,True,,,Rejected,stage_a_only
5190760035117568,5190760035117568,0.4344547253176712,OK,220,5096.579551760005,"W1,W2",13.953674337467502,0.1364106320998811,seasonal_median_flux,,5190760035117568,5190760035117568,5190760035117568,5190760035117568,43.45623974563,4.43733788502,benchmark_master,star,0.0,dev,True,True,True,,,Rejected,stage_a_only
SDSSJJ081319.34+460849.5,SDSSJ081319.34+460849.5,0.4343347131428169,OK,267,5098.8172545599955,"W1,W2",13.959800833839823,0.1033828875143673,seasonal_median_flux,,SDSSJ081319.34+460849.5,SDSSJ081319.34+460849.5,SDSSJ081319.34+460849.5,SDSSJ081319.34+460849.5,123.33056,46.147156,benchmark_master,clagn,1.0,dev,True,True,True,,,Rejected,stage_a_only
SDSSJ074511.98+380911.3,SDSSJ074511.98+380911.3,0.4335295921022778,OK,210,5098.462999769996,"W1,W2",13.958830937084178,-0.0399384020983716,seasonal_median_flux,,SDSSJ074511.98+380911.3,SDSSJ074511.98+380911.3,SDSSJ074511.98+380911.3,SDSSJ074511.98+380911.3,116.29994,38.15314,benchmark_master,clagn,1.0,test,True,True,True,,,Rejected,stage_a_only
SDSSJ153734.06+461358.9,SDSSJ153734.06+461358.9,0.4326516474251594,OK,417,5274.670732670005,"W1,W2",14.441261417303233,-0.0186594126989128,seasonal_median_flux,,SDSSJ153734.06+461358.9,SDSSJ153734.06+461358.9,SDSSJ153734.06+461358.9,SDSSJ153734.06+461358.9,234.39195,46.23301,benchmark_master,clagn,1.0,dev,True,True,True,,,Rejected,stage_a_only
000002.46+214939.3,000002.46+214939.3,0.4302231414031255,OK,80,5116.362469489999,"W1,W2",14.007837014346336,0.2654913456433456,seasonal_median_flux,,000002.46+214939.3,000002.46+214939.3,000002.46+214939.3,000002.46+214939.3,0.010286,21.827593,benchmark_master,normal_agn,0.0,dev,True,True,True,,,Rejected,stage_a_only
SDSSJ210200.42+000501.8,SDSSJ210200.42+000501.8,0.427861211213602,OK,212,5114.256074070006,"W1,W2",14.002070017987696,0.1588288983615323,seasonal_median_flux,,SDSSJ210200.42+000501.8,SDSSJ210200.42+000501.8,SDSSJ210200.42+000501.8,SDSSJ210200.42+000501.8,315.50177,0.08385,benchmark_master,clagn,1.0,dev,True,True,True,,,Rejected,stage_a_only
8286538102441600,8286538102441600,0.4244466254954545,OK,203,5096.443427309998,"W1,W2",13.953301649034902,0.129138787831879,seasonal_median_flux,,8286538102441600,8286538102441600,8286538102441600,8286538102441600,42.75014798185,7.39363695671,benchmark_master,star,0.0,dev,True,True,True,,,Rejected,stage_a_only
6062299094282624,6062299094282624,0.4156854918116873,OK,213,5096.364222979995,"W1,W2",13.95308479939766,-0.2258429516053552,seasonal_median_flux,,6062299094282624,6062299094282624,6062299094282624,6062299094282624,40.97935487388,5.03429757226,benchmark_master,star,0.0,test,True,True,True,,,Rejected,stage_a_only
NGC 7582,NGC 7582,0.4140273311911018,OK,31,5113.524164809998,"W1,W2",14.000066159644074,0.0,seasonal_median_flux,,NGC 7582,NGC 7582,NGC 7582,NGC 7582,349.598,-42.369998931884766,benchmark_master,clagn,1.0,test,True,True,True,,,Rejected,stage_a_only
3C 232,3C 232,0.4128262262177594,OK,232,5098.584465,"W1,W2",13.959163490759751,0.0460219503262778,seasonal_median_flux,,3C 232,3C 232,3C 232,3C 232,149.5873,32.4006,benchmark_master,blazar,0.0,dev,True,True,True,,,Rejected,stage_a_only
SDSSJJ094443.08+580953.2,SDSSJ094443.08+580953.2,0.405601188071642,OK,345,5098.65859033,"W1,W2",13.95936643485284,0.0680353263570221,seasonal_median_flux,,SDSSJ094443.08+580953.2,SDSSJ094443.08+580953.2,SDSSJ094443.08+580953.2,SDSSJ094443.08+580953.2,146.17954,58.164769,benchmark_master,clagn,1.0,dev,True,True,True,,,Rejected,stage_a_only
000057.67-085617.0,000057.67-085617.0,0.3993951760449489,OK,168,5114.144863289999,"W1,W2",14.001765539466115,-0.0776863594671818,seasonal_median_flux,,000057.67-085617.0,000057.67-085617.0,000057.67-085617.0,000057.67-085617.0,0.240324,-8.938062,benchmark_master,normal_agn,0.0,dev,True,True,True,,,Rejected,stage_a_only
10618228603355008,10618228603355008,0.3993006412591967,OK,123,5096.158954680002,"W1,W2",13.952522805420951,0.1495821764930106,seasonal_median_flux,,10618228603355008,10618228603355008,10618228603355008,10618228603355008,49.55156385764,7.86968053477,benchmark_master,star,0.0,dev,True,True,True,,,Rejected,stage_a_only
SDSSJ231742.68+011425.2,SDSSJ231742.68+011425.2,0.3990428993967242,OK,217,5114.073796609999,"W1,W2",14.00157096950034,0.2232710925788333,seasonal_median_flux,,SDSSJ231742.68+011425.2,SDSSJ231742.68+011425.2,SDSSJ231742.68+011425.2,SDSSJ231742.68+011425.2,349.42787,1.24034,benchmark_master,clagn,1.0,dev,True,True,True,,,Rejected,stage_a_only
8011419677274240,8011419677274240,0.3985344561239669,OK,228,5096.56299808,"W1,W2",13.95362901596167,-0.1533805775014786,seasonal_median_flux,,8011419677274240,8011419677274240,8011419677274240,8011419677274240,43.40615777318,6.92653499898,benchmark_master,star,0.0,dev,True,True,True,,,Rejected,stage_a_only
11434886569349888,11434886569349888,0.3969716535525747,OK,155,5099.024202600005,"W1,W2",13.96036742669406,-0.2581562196670659,seasonal_median_flux,,11434886569349888,11434886569349888,11434886569349888,11434886569349888,54.13675791373,8.37747809895,benchmark_master,star,0.0,dev,True,True,True,,,Rejected,stage_a_only
SDSSJJ143040.58+364903.90,SDSSJ143040.58+364903.90,0.3821875162279942,OK,304,5277.417393230004,"W1,W2",14.448781364079409,0.4955433270427545,seasonal_median_flux,,SDSSJ143040.58+364903.90,SDSSJ143040.58+364903.90,SDSSJ143040.58+364903.90,SDSSJ143040.58+364903.90,217.6691,36.81775,benchmark_master,clagn,1.0,dev,True,True,True,,,Rejected,stage_a_only
000203.11+315153.1,000203.11+315153.1,0.3821741772027117,OK,171,4908.633698229998,"W1,W2",13.439106634442158,0.3969385204294172,seasonal_median_flux,,000203.11+315153.1,000203.11+315153.1,000203.11+315153.1,000203.11+315153.1,0.512959,31.864774,benchmark_master,normal_agn,0.0,test,True,True,True,,,Rejected,stage_a_only
11918706045404160,11918706045404160,0.368219311719086,OK,185,5099.143009380001,"W1,W2",13.960692701930189,0.0847960776216138,seasonal_median_flux,,11918706045404160,11918706045404160,11918706045404160,11918706045404160,54.49820765326,8.99819412043,benchmark_master,star,0.0,dev,True,True,True,,,Rejected,stage_a_only
11346758135829376,11346758135829376,0.3649617932536321,OK,131,5099.176752949999,"W1,W2",13.960785086789867,0.0020474351095911,seasonal_median_flux,,11346758135829376,11346758135829376,11346758135829376,11346758135829376,53.22715540121,7.89886058141,benchmark_master,star,0.0,dev,True,True,True,,,Rejected,stage_a_only
SDSSJJ015653.16-004623.28,SDSSJ015653.16-004623.28,0.3632638618156711,OK,217,5301.0060277899975,"W1,W2",14.51336352577686,-0.2891550826220258,seasonal_median_flux,,SDSSJ015653.16-004623.28,SDSSJ015653.16-004623.28,SDSSJ015653.16-004623.28,SDSSJ015653.16-004623.28,29.22154,-0.77314,benchmark_master,clagn,1.0,dev,True,True,True,,,Rejected,stage_a_only
000056.16+192036.9,000056.16+192036.9,0.3504742480518211,OK,153,5115.928883699999,"W1,W2",14.006649921149894,0.404608008383393,seasonal_median_flux,,000056.16+192036.9,000056.16+192036.9,000056.16+192036.9,000056.16+192036.9,0.234034,19.343593,benchmark_master,normal_agn,0.0,test,True,True,True,,,Rejected,stage_a_only
SDSSJJ233602.98+001728.7,SDSSJ233602.98+001728.7,0.349391874599012,OK,204,5114.211074040002,"W1,W2",14.00194681462013,0.2615374891945104,seasonal_median_flux,,SDSSJ233602.98+001728.7,SDSSJ233602.98+001728.7,SDSSJ233602.98+001728.7,SDSSJ233602.98+001728.7,354.01245,0.2913413,benchmark_master,clagn,1.0,dev,True,False,True,,,Rejected,stage_a_only
1960P,1960P,0.3448319783324515,OK,240,5301.097197419993,"W1,W2",14.513613134620105,-0.0518415559074395,seasonal_median_flux,,1960P,1960P,1960P,1960P,16.541833333333333,31.406555555555553,benchmark_master,sn,0.0,dev,True,False,True,,,Rejected,stage_a_only
000015.56+194941.0,000015.56+194941.0,0.3426707092588864,OK,66,5116.257160070003,"W1,W2",14.007548692867909,0.2666557500231062,seasonal_median_flux,,000015.56+194941.0,000015.56+194941.0,000015.56+194941.0,000015.56+194941.0,0.064849,19.82807,benchmark_master,normal_agn,0.0,dev,True,False,True,,,Rejected,stage_a_only
000031.97+002249.9,000031.97+002249.9,0.3369055932257842,OK,95,5113.710011610005,"W1,W2",14.000574980451756,0.1147577105348721,seasonal_median_flux,,000031.97+002249.9,000031.97+002249.9,000031.97+002249.9,000031.97+002249.9,0.13323,0.380531,benchmark_master,normal_agn,0.0,dev,True,False,True,,,Rejected,stage_a_only
000059.05+282233.0,000059.05+282233.0,0.3361272087429943,OK,237,5116.694706030001,"W1,W2",14.008746628418894,0.1964601446340922,seasonal_median_flux,,000059.05+282233.0,000059.05+282233.0,000059.05+282233.0,000059.05+282233.0,0.246053,28.375839,benchmark_master,normal_agn,0.0,dev,True,False,True,,,Rejected,stage_a_only
3822937505992960,3822937505992960,0.3104222838010734,OK,193,5096.384342810001,"W1,W2",13.953139884490078,0.0085406519258875,seasonal_median_flux,,3822937505992960,3822937505992960,3822937505992960,3822937505992960,46.1773770334,5.10029826666,benchmark_master,star,0.0,test,True,False,True,,,Rejected,stage_a_only
000003.87-024228.0,000003.87-024228.0,0.3046651908283149,OK,25,4911.546609999998,"W1,W2",13.447081752224497,0.0360501062564171,seasonal_median_flux,,000003.87-024228.0,000003.87-024228.0,000003.87-024228.0,000003.87-024228.0,0.016165,-2.70779,benchmark_master,normal_agn,0.0,dev,True,False,True,,,Rejected,stage_a_only
8261936529703936,8261936529703936,0.3020192796124653,OK,37,3113.3143967399956,"W1,W2",8.5237902717043,0.1639641955968387,seasonal_median_flux,,8261936529703936,8261936529703936,8261936529703936,8261936529703936,42.63617016193,7.28979663935,benchmark_master,star,0.0,dev,True,False,True,,,Rejected,stage_a_only
000014.74+003203.2,000014.74+003203.2,0.2930501102918829,OK,118,5113.710011610005,"W1,W2",14.000574980451756,-0.0426495048148171,seasonal_median_flux,,000014.74+003203.2,000014.74+003203.2,000014.74+003203.2,000014.74+003203.2,0.061434,0.534246,benchmark_master,normal_agn,0.0,dev,True,False,True,,,Rejected,stage_a_only
000034.80+210108.1,000034.80+210108.1,0.2914584274973444,OK,230,5116.814009100002,"W1,W2",14.009073262423003,0.1878639137691417,seasonal_median_flux,,000034.80+210108.1,000034.80+210108.1,000034.80+210108.1,000034.80+210108.1,0.145024,21.018918,benchmark_master,normal_agn,0.0,dev,True,False,True,,,Rejected,stage_a_only
1998ch,1998ch,0.2882070339340606,OK,77,5274.18462416,"W1,W2",14.43993052473648,0.2643256089449844,seasonal_median_flux,,1998CH,1998CH,1998CH,1998CH,202.3054583333333,-29.29077777777778,benchmark_master,sn,0.0,dev,True,False,True,,,Rejected,stage_a_only
000042.92+310715.3,000042.92+310715.3,0.2872740488579815,OK,27,4179.074861230001,"W1,W2",11.441683398302535,0.0,seasonal_median_flux,,000042.92+310715.3,000042.92+310715.3,000042.92+310715.3,000042.92+310715.3,0.17886,31.120944,benchmark_master,normal_agn,0.0,test,True,False,True,,,Rejected,stage_a_only
SDSSJJ015726.00-000602.15,SDSSJ015726.00-000602.15,0.2870565836726815,OK,178,5301.123813210004,"W1,W2",14.513686004681736,-0.2344647818133088,seasonal_median_flux,,SDSSJ015726.00-000602.15,SDSSJ015726.00-000602.15,SDSSJ015726.00-000602.15,SDSSJ015726.00-000602.15,29.35835,-0.10057,benchmark_master,clagn,1.0,dev,True,False,True,,,Rejected,stage_a_only
1994M,1994M,0.2817847314310165,OK,21,3274.032755289998,"W1,W2",8.963813156167003,0.0,seasonal_median_flux,,1994M,1994M,1994M,1994M,187.785875,0.6055277777777778,benchmark_master,sn,0.0,dev,True,False,True,,,Rejected,stage_a_only
5220790446842240,5220790446842240,0.2768766373537208,OK,33,3273.1608374999996,"W1,W2",8.961425975359342,0.2476949039405392,seasonal_median_flux,,5220790446842240,5220790446842240,5220790446842240,5220790446842240,44.37609281991,4.4483115299,benchmark_master,star,0.0,dev,True,False,True,,,Rejected,stage_a_only
000139.52+322953.1,000139.52+322953.1,0.2745767955572168,OK,186,5114.111668870006,"W1,W2",14.00167465809721,0.1334233574647577,seasonal_median_flux,,000139.52+322953.1,000139.52+322953.1,000139.52+322953.1,000139.52+322953.1,0.414669,32.4981,benchmark_master,normal_agn,0.0,dev,True,False,True,,,Rejected,stage_a_only
000028.24+184005.3,000028.24+184005.3,0.2732367223635733,OK,134,5115.759904839993,"W1,W2",14.00618728224502,0.3708168779380644,seasonal_median_flux,,000028.24+184005.3,000028.24+184005.3,000028.24+184005.3,000028.24+184005.3,0.117668,18.66816,benchmark_master,normal_agn,0.0,dev,True,False,True,,,Rejected,stage_a_only
000036.73+044503.3,000036.73+044503.3,0.273186250951443,OK,138,5113.9718151199995,"W1,W2",14.001291759397672,-0.0305887189980797,seasonal_median_flux,,000036.73+044503.3,000036.73+044503.3,000036.73+044503.3,000036.73+044503.3,0.15307,4.750938,benchmark_master,normal_agn,0.0,dev,True,False,True,,,Rejected,stage_a_only
SDSSJJ005813.68+001409.09,SDSSJ005813.68+001409.09,0.2727415563029431,OK,83,5114.021383730003,"W1,W2",14.001427470855589,0.0762673829130732,seasonal_median_flux,,SDSSJ005813.68+001409.09,SDSSJ005813.68+001409.09,SDSSJ005813.68+001409.09,SDSSJ005813.68+001409.09,14.55703,0.23586,benchmark_master,clagn,1.0,test,True,False,True,,,Rejected,stage_a_only
000026.47+021359.2,000026.47+021359.2,0.2676725366646053,OK,66,4911.69534785,"W1,W2",13.447488974264202,0.2274917118350082,seasonal_median_flux,,000026.47+021359.2,000026.47+021359.2,000026.47+021359.2,000026.47+021359.2,0.110297,2.233126,benchmark_master,normal_agn,0.0,dev,True,False,True,,,Rejected,stage_a_only
12315256082310144,12315256082310144,0.2672330542949671,OK,92,5098.878401059999,"W1,W2",13.95996824383299,-0.1625315722982824,seasonal_median_flux,,12315256082310144,12315256082310144,12315256082310144,12315256082310144,54.57440789563,9.96991229411,benchmark_master,star,0.0,dev,True,False,True,,,Rejected,stage_a_only
000008.03-002727.4,000008.03-002727.4,0.2663189925259717,OK,26,4910.611698960005,"W1,W2",13.444522105297755,0.0,seasonal_median_flux,,000008.03-002727.4,000008.03-002727.4,000008.03-002727.4,000008.03-002727.4,0.033461,-0.45763,benchmark_master,normal_agn,0.0,dev,True,False,True,,,Rejected,stage_a_only
9921756706043776,9921756706043776,0.2649466213141804,OK,103,5098.827080870004,"W1,W2",13.959827736810414,0.1844455577540551,seasonal_median_flux,,9921756706043776,9921756706043776,9921756706043776,9921756706043776,51.67046456424,7.44406695258,benchmark_master,star,0.0,dev,True,False,True,,,Rejected,stage_a_only
6151771852919552,6151771852919552,0.2636656347570054,OK,199,5096.109419570006,"W1,W2",13.952387185681058,-0.0201652813341135,seasonal_median_flux,,6151771852919552,6151771852919552,6151771852919552,6151771852919552,40.4717917897,5.49839448332,benchmark_master,star,0.0,test,True,False,True,,,Rejected,stage_a_only
7388752498494208,7388752498494208,0.2617943838252831,OK,128,5096.510025470001,"W1,W2",13.953483984859687,-0.1823235615458645,seasonal_median_flux,,7388752498494208,7388752498494208,7388752498494208,7388752498494208,46.06536140696,6.29654419366,benchmark_master,star,0.0,dev,True,False,True,,,Rejected,stage_a_only
7106010507061632,7106010507061632,0.2554194060620082,OK,141,5096.410828760003,"W1,W2",13.95321239906914,0.1232311329387487,seasonal_median_flux,,7106010507061632,7106010507061632,7106010507061632,7106010507061632,44.69205894565,6.21378055878,benchmark_master,star,0.0,dev,True,False,True,,,Rejected,stage_a_only
000116.51-031050.2,000116.51-031050.2,0.254290990743783,OK,43,4911.610788310005,"W1,W2",13.447257462861067,0.0,seasonal_median_flux,,000116.51-031050.2,000116.51-031050.2,000116.51-031050.2,000116.51-031050.2,0.318829,-3.180623,benchmark_master,normal_agn,0.0,dev,True,False,True,,,Rejected,stage_a_only
000001.08+295225.0,000001.08+295225.0,0.2522704720157607,OK,50,4910.913288780001,"W1,W2",13.44534781322382,0.2424060820972476,seasonal_median_flux,,000001.08+295225.0,000001.08+295225.0,000001.08+295225.0,000001.08+295225.0,0.004528,29.873618,benchmark_master,normal_agn,0.0,test,True,False,True,,,Rejected,stage_a_only
000022.17+255005.3,000022.17+255005.3,0.2508907956746108,OK,221,5116.74588776,"W1,W2",14.00888675635866,0.0463541912367102,seasonal_median_flux,,000022.17+255005.3,000022.17+255005.3,000022.17+255005.3,000022.17+255005.3,0.092398,25.834825,benchmark_master,normal_agn,0.0,test,True,False,True,,,Rejected,stage_a_only
1979C,1979C,0.2473748200745922,OK,26,3114.812684110002,"W1,W2",8.527892358959622,0.0,seasonal_median_flux,,1979C,1979C,1979C,1979C,185.74429166666664,15.797705555555556,benchmark_master,sn,0.0,dev,True,False,True,,,Rejected,stage_a_only
000200.32+204718.9,000200.32+204718.9,0.2462512785224682,OK,242,5116.937272969997,"W1,W2",14.009410740506494,-0.2028219339307944,seasonal_median_flux,,000200.32+204718.9,000200.32+204718.9,000200.32+204718.9,000200.32+204718.9,0.501347,20.7886,benchmark_master,normal_agn,0.0,dev,True,False,True,,,Rejected,stage_a_only
2001au,2001au,0.2435372134310502,OK,116,5275.345941079999,"W1,W2",14.443110037180013,0.2127325547881239,seasonal_median_flux,,2001AU,2001AU,2001AU,2001AU,229.204875,-0.1296111111111111,benchmark_master,sn,0.0,dev,True,False,True,,,Rejected,stage_a_only
1995I,1995I,0.2435250480752346,OK,175,5272.0233048200025,"W1,W2",14.434013154880226,0.0481409948183004,seasonal_median_flux,,1995I,1995I,1995I,1995I,200.249375,3.5989444444444447,benchmark_master,sn,0.0,test,True,False,True,,,Rejected,stage_a_only
6111399160366080,6111399160366080,0.2421381275961604,OK,179,5096.102797799998,"W1,W2",13.95236905626283,-0.1653058005144169,seasonal_median_flux,,6111399160366080,6111399160366080,6111399160366080,6111399160366080,40.95509275998,5.41714851338,benchmark_master,star,0.0,dev,True,False,True,,,Rejected,stage_a_only
2000ao,2000ao,0.2399635626485473,OK,185,5273.419390479998,"W1,W2",14.437835429103348,-0.1255949144377269,seasonal_median_flux,,2000AO,2000AO,2000AO,2000AO,209.45749999999995,-0.018,benchmark_master,sn,0.0,dev,True,False,True,,,Rejected,stage_a_only
1998ao,1998ao,0.2379385812591034,OK,43,4939.794706580004,"W1,W2",13.52442082568105,0.0627104587525135,seasonal_median_flux,,1998AO,1998AO,1998AO,1998AO,151.81074999999998,-26.393083333333333,benchmark_master,sn,0.0,dev,True,False,True,,,Rejected,stage_a_only
6940838949258240,6940838949258240,0.2369057492810418,OK,102,5096.119606870001,"W1,W2",13.952415076988366,0.2151529437442217,seasonal_median_flux,,6940838949258240,6940838949258240,6940838949258240,6940838949258240,46.31154488238,5.90940139586,benchmark_master,star,0.0,dev,True,False,True,,,Rejected,stage_a_only
1999gd,1999gd,0.23394569158539,OK,20,3079.8162544899974,"W1,W2",8.432077356577679,0.0,seasonal_median_flux,,1999GD,1999GD,1999GD,1999GD,129.60254166666664,25.759194444444443,benchmark_master,sn,0.0,dev,True,False,True,,,Rejected,stage_a_only
8781765011889024,8781765011889024,0.2324993817374813,OK,47,5095.874862730001,"W1,W2",13.951745004052022,0.4151136599495559,seasonal_median_flux,,8781765011889024,8781765011889024,8781765011889024,8781765011889024,44.60717052902,8.41792790119,benchmark_master,star,0.0,dev,True,False,True,,,Rejected,stage_a_only
000023.94+083348.0,000023.94+083348.0,0.2174630116144954,OK,188,5114.050639290006,"W1,W2",14.001507568213569,0.1442680007443827,seasonal_median_flux,,000023.94+083348.0,000023.94+083348.0,000023.94+083348.0,000023.94+083348.0,0.099774,8.563348,benchmark_master,normal_agn,0.0,dev,True,False,True,,,Rejected,stage_a_only
SDSSJ115355.88+112554.2,SDSSJ115355.88+112554.2,0.2170914066612593,OK,183,5098.165089779999,"W1,W2",13.95801530398357,-0.0407274751854086,seasonal_median_flux,,SDSSJ115355.88+112554.2,SDSSJ115355.88+112554.2,SDSSJ115355.88+112554.2,SDSSJ115355.88+112554.2,178.48286,11.43171,benchmark_master,clagn,1.0,dev,True,False,True,,,Rejected,stage_a_only
5856445606238336,5856445606238336,0.213701111871594,OK,216,5096.096303520004,"W1,W2",13.952351275893234,0.1580407426746877,seasonal_median_flux,,5856445606238336,5856445606238336,5856445606238336,5856445606238336,41.32452528137,4.83362023601,benchmark_master,star,0.0,dev,True,False,True,,,Rejected,stage_a_only
000108.68+342549.2,000108.68+342549.2,0.2101602167627897,OK,124,4914.226646429997,"W1,W2",13.454419292073917,0.0766735005278611,seasonal_median_flux,,000108.68+342549.2,000108.68+342549.2,000108.68+342549.2,000108.68+342549.2,0.286202,34.430337,benchmark_master,normal_agn,0.0,dev,True,False,True,,,Rejected,stage_a_only
1999gq,1999gq,0.2057275733739521,OK,51,5097.936271530001,"W1,W2",13.957388833757705,0.4306823507717773,seasonal_median_flux,,1999GQ,1999GQ,1999GQ,1999GQ,188.4513333333333,15.180055555555557,benchmark_master,sn,0.0,test,True,False,True,,,Rejected,stage_a_only
000052.48-022635.5,000052.48-022635.5,0.2005787403835717,OK,46,5114.060697740002,"W1,W2",14.001535106748808,0.3049085661255372,seasonal_median_flux,,000052.48-022635.5,000052.48-022635.5,000052.48-022635.5,000052.48-022635.5,0.218667,-2.443202,benchmark_master,normal_agn,0.0,dev,True,False,True,,,Rejected,stage_a_only
6802059965763456,6802059965763456,0.2,OK,23,4935.892930839997,"W1,W2",13.51373834590006,0.0,seasonal_median_flux,,6802059965763456,6802059965763456,6802059965763456,6802059965763456,45.60875813942,5.35864231487,benchmark_master,star,0.0,dev,True,False,True,,,Rejected,stage_a_only
000005.39+212944.8,000005.39+212944.8,0.1962508543419905,OK,109,4911.1307564300005,"W1,W2",13.445943207200548,0.2091141256811405,seasonal_median_flux,,000005.39+212944.8,000005.39+212944.8,000005.39+212944.8,000005.39+212944.8,0.022476,21.495785,benchmark_master,normal_agn,0.0,dev,True,False,True,,,Rejected,stage_a_only
3310492072379904,3310492072379904,0.195455151178447,OK,174,5096.321183530003,"W1,W2",13.95296696380562,0.0188169768416178,seasonal_median_flux,,3310492072379904,3310492072379904,3310492072379904,3310492072379904,48.99851070822,5.23050112845,benchmark_master,star,0.0,test,True,False,True,,,Rejected,stage_a_only
TON 153,TON 153,0.1893886691793036,OK,281,5095.66203354,"W1,W2",13.951162309486651,0.0174419557817967,seasonal_median_flux,,TON 153,TON 153,TON 153,TON 153,199.9843,27.4689,benchmark_master,blazar,0.0,dev,True,False,True,,,Rejected,stage_a_only
8155597434951296,8155597434951296,0.1874682136073431,OK,77,5096.017099500001,"W1,W2",13.952134427104724,0.0390507275722053,seasonal_median_flux,,8155597434951296,8155597434951296,8155597434951296,8155597434951296,44.24522353616,7.5865648024,benchmark_master,star,0.0,test,True,False,True,,,Rejected,stage_a_only
13464726768753024,13464726768753024,0.1860481648834919,OK,175,5099.034389419998,"W1,W2",13.960395316687194,0.0211124518289896,seasonal_median_flux,,13464726768753024,13464726768753024,13464726768753024,13464726768753024,52.90598821861,11.44343373994,benchmark_master,star,0.0,dev,True,False,True,,,Rejected,stage_a_only
000046.17+170047.0,000046.17+170047.0,0.1816763541080265,OK,140,5116.36195721,"W1,W2",14.007835611800136,0.0045974054771192,seasonal_median_flux,,000046.17+170047.0,000046.17+170047.0,000046.17+170047.0,000046.17+170047.0,0.19239,17.01307,benchmark_master,normal_agn,0.0,dev,True,False,True,,,Rejected,stage_a_only
7939161147436672,7939161147436672,0.1807634294662783,OK,201,5096.426873709999,"W1,W2",13.953256327748116,-0.0282774180055728,seasonal_median_flux,,7939161147436672,7939161147436672,7939161147436672,7939161147436672,43.75418852602,6.56779206121,benchmark_master,star,0.0,dev,True,False,True,,,Rejected,stage_a_only
1960R,1960R,0.1795807991075906,OK,58,3443.949597229999,"W1,W2",9.429020115619435,-0.0005609444217516,seasonal_median_flux,,1960R,1960R,1960R,1960R,186.35354166666664,18.15544444444444,benchmark_master,sn,0.0,dev,True,False,True,,,Rejected,stage_a_only
000130.31+013749.2,000130.31+013749.2,0.1761185568978148,OK,187,5113.875170170002,"W1,W2",14.001027159945249,-0.0339442594630038,seasonal_median_flux,,000130.31+013749.2,000130.31+013749.2,000130.31+013749.2,000130.31+013749.2,0.376303,1.63034,benchmark_master,normal_agn,0.0,dev,True,False,True,,,Rejected,stage_a_only
000159.89+222409.4,000159.89+222409.4,0.1758853934762927,OK,118,4911.244471749997,"W1,W2",13.44625454277891,0.2689025656563149,seasonal_median_flux,,000159.89+222409.4,000159.89+222409.4,000159.89+222409.4,000159.89+222409.4,0.499547,22.402616,benchmark_master,normal_agn,0.0,dev,True,False,True,,,Rejected,stage_a_only
7077144031287808,7077144031287808,0.1741890975535732,OK,120,5096.414012360001,"W1,W2",13.9532211152909,-0.0531591750296488,seasonal_median_flux,,7077144031287808,7077144031287808,7077144031287808,7077144031287808,44.62994707,5.81575572601,benchmark_master,star,0.0,dev,True,False,True,,,Rejected,stage_a_only
9792426651349120,9792426651349120,0.172958222074562,OK,159,5098.548720519997,"W1,W2",13.959065627707044,-0.0086634428236074,seasonal_median_flux,,9792426651349120,9792426651349120,9792426651349120,9792426651349120,52.67828108149,7.15064165523,benchmark_master,star,0.0,dev,True,False,True,,,Rejected,stage_a_only
000026.27+022140.8,000026.27+022140.8,0.1726426726901941,OK,102,4749.770215259996,"W1,W2",13.00416212254619,-0.0098892344575248,seasonal_median_flux,,000026.27+022140.8,000026.27+022140.8,000026.27+022140.8,000026.27+022140.8,0.109474,2.361353,benchmark_master,normal_agn,0.0,dev,True,False,True,,,Rejected,stage_a_only
6766085319816704,6766085319816704,0.172469530587604,OK,211,5096.53651156,"W1,W2",13.95355649982204,-0.176073943841312,seasonal_median_flux,,6766085319816704,6766085319816704,6766085319816704,6766085319816704,45.19029852479,5.04973000752,benchmark_master,star,0.0,dev,True,False,True,,,Rejected,stage_a_only
1998ez,1998ez,0.1668695411141694,OK,129,5099.46452532,"W1,W2",13.961572964599588,0.0374242362687986,seasonal_median_flux,,1998EZ,1998EZ,1998EZ,1998EZ,59.387208333333334,-27.203777777777777,benchmark_master,sn,0.0,dev,True,False,True,,,Rejected,stage_a_only
8902505132032384,8902505132032384,0.1645315255858002,OK,193,5096.5100255299985,"W1,W2",13.953483985023952,0.0626205443021795,seasonal_median_flux,,8902505132032384,8902505132032384,8902505132032384,8902505132032384,45.37921725412,8.75925994531,benchmark_master,star,0.0,dev,True,False,True,,,Rejected,stage_a_only
5313600395193728,5313600395193728,0.1629142450416717,OK,189,5096.556376510001,"W1,W2",13.953610887091038,0.0070750971290527,seasonal_median_flux,,5313600395193728,5313600395193728,5313600395193728,5313600395193728,44.35487254192,4.85689164243,benchmark_master,star,0.0,dev,True,False,True,,,Rejected,stage_a_only
6993551083342976,6993551083342976,0.1573845538726219,OK,137,5096.526578960002,"W1,W2",13.953529305845317,-0.3560142896920683,seasonal_median_flux,,6993551083342976,6993551083342976,6993551083342976,6993551083342976,45.39047460864,6.04091176064,benchmark_master,star,0.0,dev,True,False,True,,,Rejected,stage_a_only
6513300724650880,6513300724650880,0.157263117811796,OK,147,5096.470168499996,"W1,W2",13.953374862422988,-0.1088922577462531,seasonal_median_flux,,6513300724650880,6513300724650880,6513300724650880,6513300724650880,41.89162619785,5.87189952932,benchmark_master,star,0.0,dev,True,False,True,,,Rejected,stage_a_only
1999dt,1999dt,0.1562157704561071,OK,123,5116.056861650002,"W1,W2",14.007000305681046,0.227586740935934,seasonal_median_flux,,1999DT,1999DT,1999DT,1999DT,11.426208333333332,0.0561666666666666,benchmark_master,sn,0.0,test,True,False,True,,,Rejected,stage_a_only
10010439191442176,10010439191442176,0.1498157189145258,OK,168,5098.7592097399975,"W1,W2",13.959641915783704,-0.0223140682548892,seasonal_median_flux,,10010439191442176,10010439191442176,10010439191442176,10010439191442176,51.84595873315,7.38957516784,benchmark_master,star,0.0,dev,True,False,True,,,Rejected,stage_a_only
8328117681250688,8328117681250688,0.1493563938976871,OK,168,5096.559177969997,"W1,W2",13.953618557070492,-0.2569466888617853,seasonal_median_flux,,8328117681250688,8328117681250688,8328117681250688,8328117681250688,43.42433905866,7.53174104141,benchmark_master,star,0.0,test,True,False,True,,,Rejected,stage_a_only
5714814765676928,5714814765676928,0.1487497694710461,OK,52,5095.854616010001,"W1,W2",13.951689571553734,0.2663717844518366,seasonal_median_flux,,5714814765676928,5714814765676928,5714814765676928,5714814765676928,40.51783236656,4.2089536232,benchmark_master,star,0.0,dev,True,False,True,,,Rejected,stage_a_only
9517651823494656,9517651823494656,0.1455120356983682,OK,167,5096.420379739997,"W1,W2",13.953238548227231,-0.0115415051178698,seasonal_median_flux,,9517651823494656,9517651823494656,9517651823494656,9517651823494656,50.07714102246,6.46106746881,benchmark_master,star,0.0,test,True,False,True,,,Rejected,stage_a_only
4952372170242944,4952372170242944,0.1415948681406997,OK,91,5096.344485870002,"W1,W2",13.95303076213553,-0.1693826843461963,seasonal_median_flux,,4952372170242944,4952372170242944,4952372170242944,4952372170242944,42.21952528874,3.91603245831,benchmark_master,star,0.0,dev,True,False,True,,,Rejected,stage_a_only
5920045482070528,5920045482070528,0.1415442258017673,OK,192,5096.38396051,"W1,W2",13.95313883780972,-0.0087651793653607,seasonal_median_flux,,5920045482070528,5920045482070528,5920045482070528,5920045482070528,40.23082000791,4.36717946432,benchmark_master,star,0.0,dev,True,False,True,,,Rejected,stage_a_only
8314820462535424,8314820462535424,0.1373773927105435,OK,194,5096.549754810003,"W1,W2",13.953592757864484,0.129582281848993,seasonal_median_flux,,8314820462535424,8314820462535424,8314820462535424,8314820462535424,43.84788245137,7.44187514637,benchmark_master,star,0.0,dev,True,False,True,,,Rejected,stage_a_only
000030.64-064100.0,000030.64-064100.0,0.1320530291414456,OK,193,5114.118378359999,"W1,W2",14.00169302767967,0.121273102267431,seasonal_median_flux,,000030.64-064100.0,000030.64-064100.0,000030.64-064100.0,000030.64-064100.0,0.127696,-6.683355,benchmark_master,normal_agn,0.0,test,True,False,True,,,Rejected,stage_a_only
3646014917806464,3646014917806464,0.1192161557113047,OK,213,5096.500093050003,"W1,W2",13.953456791375778,0.0906286594019511,seasonal_median_flux,,3646014917806464,3646014917806464,3646014917806464,3646014917806464,46.85407600465,5.02538373905,benchmark_master,star,0.0,dev,True,False,True,,,Rejected,stage_a_only
8322340949965312,8322340949965312,0.1184610453660886,OK,124,5096.298389539996,"W1,W2",13.952904557262135,0.1442801770972155,seasonal_median_flux,,8322340949965312,8322340949965312,8322340949965312,8322340949965312,43.38746412551,7.3976266357,benchmark_master,star,0.0,dev,True,False,True,,,Rejected,stage_a_only
000057.15+150936.5,000057.15+150936.5,0.1158915243993852,OK,85,5112.73779354,"W1,W2",13.997913192443532,0.2069431841002017,seasonal_median_flux,,000057.15+150936.5,000057.15+150936.5,000057.15+150936.5,000057.15+150936.5,0.238158,15.160148,benchmark_master,normal_agn,0.0,dev,True,False,True,,,Rejected,stage_a_only
11271506013429504,11271506013429504,0.1129107904766826,OK,145,5099.170004300002,"W1,W2",13.96076660999316,0.0006150186513881,seasonal_median_flux,,11271506013429504,11271506013429504,11271506013429504,11271506013429504,53.65193153413,7.4914358003,benchmark_master,star,0.0,test,True,False,True,,,Rejected,stage_a_only
1999dz,1999dz,0.1116023029064822,OK,191,5299.97118393,"W1,W2",14.510530277700203,0.0257182193630962,seasonal_median_flux,,1999DZ,1999DZ,1999DZ,1999DZ,24.263499999999997,0.03275,benchmark_master,sn,0.0,dev,True,False,True,,,Rejected,stage_a_only
1999dp,1999dp,0.1087972744601992,OK,222,3275.669147790002,"W1,W2",8.968293354661197,-0.0221153652888684,seasonal_median_flux,,1999DP,1999DP,1999DP,1999DP,67.31941666666665,69.5335,benchmark_master,sn,0.0,dev,True,False,True,,,Rejected,stage_a_only
6827348733385856,6827348733385856,0.1079840445586058,OK,196,5096.549754810003,"W1,W2",13.953592757864484,0.0854675058947599,seasonal_median_flux,,6827348733385856,6827348733385856,6827348733385856,6827348733385856,44.59629895067,5.17907800208,benchmark_master,star,0.0,dev,True,False,True,,,Rejected,stage_a_only
000151.24+084413.3,000151.24+084413.3,0.1050111492762154,OK,179,5114.037271070003,"W1,W2",14.001470968021913,0.0444759565696205,seasonal_median_flux,,000151.24+084413.3,000151.24+084413.3,000151.24+084413.3,000151.24+084413.3,0.463532,8.737029,benchmark_master,normal_agn,0.0,dev,True,False,True,,,Rejected,stage_a_only
SDSSJJ080138.67+423354.1,SDSSJ080138.67+423354.1,0.1000676146394705,OK,187,5098.721880649995,"W1,W2",13.959539714305256,0.047341643402344,seasonal_median_flux,,SDSSJ080138.67+423354.1,SDSSJ080138.67+423354.1,SDSSJ080138.67+423354.1,SDSSJ080138.67+423354.1,120.41114,42.565039,benchmark_master,clagn,1.0,test,True,False,True,,,Rejected,stage_a_only
1989ae,1989ae,0.09677260376953,OK,238,5101.188173909999,"W1,W2",13.966292057248458,-0.105148671692132,seasonal_median_flux,,1989AE,1989AE,1989AE,1989AE,33.67095833333333,43.35763888888889,benchmark_master,sn,0.0,dev,True,False,True,,,Rejected,stage_a_only
7627655759471360,7627655759471360,0.088410953920399,OK,173,5096.126228000001,"W1,W2",13.95243320465435,-0.0547969287907334,seasonal_median_flux,,7627655759471360,7627655759471360,7627655759471360,7627655759471360,45.62385232696,6.95921516575,benchmark_master,star,0.0,dev,True,False,True,,,Rejected,stage_a_only
7017568540477440,7017568540477440,0.0877328961007315,OK,176,5096.384342800004,"W1,W2",13.953139884462706,-0.0399266177241004,seasonal_median_flux,,7017568540477440,7017568540477440,7017568540477440,7017568540477440,45.86289947461,6.33059307011,benchmark_master,star,0.0,test,True,False,True,,,Rejected,stage_a_only
3555442647201408,3555442647201408,0.0837358364850503,OK,185,5096.4901606700005,"W1,W2",13.953429598001373,-0.2226721100126343,seasonal_median_flux,,3555442647201408,3555442647201408,3555442647201408,3555442647201408,47.49745785962,4.58884597783,benchmark_master,star,0.0,test,True,False,True,,,Rejected,stage_a_only
13107003236999040,13107003236999040,0.0777317564094776,OK,164,5099.146447400002,"W1,W2",13.960702114715954,0.0269831104419639,seasonal_median_flux,,13107003236999040,13107003236999040,13107003236999040,13107003236999040,53.99038091094,10.41720818654,benchmark_master,star,0.0,dev,True,False,True,,,Rejected,stage_a_only
6288970288166784,6288970288166784,0.0777189520794485,OK,120,5096.016972329999,"W1,W2",13.952134078932234,-0.0112036813082678,seasonal_median_flux,,6288970288166784,6288970288166784,6288970288166784,6288970288166784,41.65436372536,5.49395018887,benchmark_master,star,0.0,test,True,False,True,,,Rejected,stage_a_only
3885330495346688,3885330495346688,0.0772668654574424,OK,182,5096.51333627,"W1,W2",13.953493049336071,0.0081664917874749,seasonal_median_flux,,3885330495346688,3885330495346688,3885330495346688,3885330495346688,46.15189571078,5.41722589827,benchmark_master,star,0.0,dev,True,False,True,,,Rejected,stage_a_only
000055.85+200708.9,000055.85+200708.9,0.0741077323035796,OK,181,5116.955480719997,"W1,W2",14.009460590609162,0.1960433679078147,seasonal_median_flux,,000055.85+200708.9,000055.85+200708.9,000055.85+200708.9,000055.85+200708.9,0.232714,20.119151,benchmark_master,normal_agn,0.0,dev,True,False,True,,,Rejected,stage_a_only
000123.61-032317.9,000123.61-032317.9,0.0682894586547564,OK,73,4911.998151090003,"W1,W2",13.448318004353192,-0.1407069559398096,seasonal_median_flux,,000123.61-032317.9,000123.61-032317.9,000123.61-032317.9,000123.61-032317.9,0.34839,-3.388329,benchmark_master,normal_agn,0.0,test,True,False,True,,,Rejected,stage_a_only
000132.22+135258.3,000132.22+135258.3,0.0657521077452932,OK,221,5113.458779300003,"W1,W2",13.999887143874066,0.0399317278837854,seasonal_median_flux,,000132.22+135258.3,000132.22+135258.3,000132.22+135258.3,000132.22+135258.3,0.384262,13.882887,benchmark_master,normal_agn,0.0,dev,True,False,True,,,Rejected,stage_a_only
9159172377805696,9159172377805696,0.0635388158899367,OK,193,5099.227421950003,"W1,W2",13.960923810951412,0.0786539417851542,seasonal_median_flux,,9159172377805696,9159172377805696,9159172377805696,9159172377805696,51.6178583435,5.65342717703,benchmark_master,star,0.0,dev,True,False,True,,,Rejected,stage_a_only
1995T,1995T,0.0626614803964709,OK,190,5114.003974610001,"W1,W2",14.001379807282683,-0.0198564280578274,seasonal_median_flux,,1995T,1995T,1995T,1995T,336.80170833333324,-9.495666666666668,benchmark_master,sn,0.0,dev,True,False,True,,,Rejected,stage_a_only
000116.62+195153.3,000116.62+195153.3,0.0609726024505732,OK,26,4184.948941759998,"W1,W2",11.457765754305266,0.0309710442009888,seasonal_median_flux,,000116.62+195153.3,000116.62+195153.3,000116.62+195153.3,000116.62+195153.3,0.319255,19.864815,benchmark_master,normal_agn,0.0,dev,True,False,True,,,Rejected,stage_a_only
B2,B2,0.0604727458013812,OK,220,5098.470823520001,"W1,W2",13.95885235734429,-0.0026452129587498,seasonal_median_flux,,B2,B2,B2,B2,187.104,31.4771,benchmark_master,blazar,0.0,dev,True,False,True,,,Rejected,stage_a_only
10762260330928128,10762260330928128,0.0584936794761271,OK,178,5099.230732239994,"W1,W2",13.960932874031467,0.0345445511364944,seasonal_median_flux,,10762260330928128,10762260330928128,10762260330928128,10762260330928128,50.90618911966,7.91020835421,benchmark_master,star,0.0,dev,True,False,True,,,Rejected,stage_a_only
11997565941688192,11997565941688192,0.0562152395580043,OK,192,5098.983832160004,"W1,W2",13.960256898453125,0.0028703809707467,seasonal_median_flux,,11997565941688192,11997565941688192,11997565941688192,11997565941688192,55.565117871,9.5684509227,benchmark_master,star,0.0,dev,True,False,True,,,Rejected,stage_a_only
8578802037330816,8578802037330816,0.0510024915998221,OK,172,5096.519957390003,"W1,W2",13.953511176974684,-0.0122630531081218,seasonal_median_flux,,8578802037330816,8578802037330816,8578802037330816,8578802037330816,45.08189746647,8.20851576024,benchmark_master,star,0.0,dev,True,False,True,,,Rejected,stage_a_only
HS,HS,0.0428728737341924,OK,872,5275.576851190002,"W1,W2",14.44374223460644,-0.0024405138138648,seasonal_median_flux,,HS,HS,HS,HS,255.2517,64.2025,benchmark_master,blazar,0.0,dev,True,False,True,,,Rejected,stage_a_only
000206.48+284933.5,000206.48+284933.5,0.0352779511262743,OK,228,5116.4256420599995,"W1,W2",14.008009971416836,0.0132402487287931,seasonal_median_flux,,000206.48+284933.5,000206.48+284933.5,000206.48+284933.5,000206.48+284933.5,0.527003,28.825991,benchmark_master,normal_agn,0.0,dev,True,False,True,,,Rejected,stage_a_only
000000.57+055630.8,000000.57+055630.8,,TOO_FEW_POINTS,10,4749.163452740002,W1_only,13.00250089730322,,,Only 10 epochs (need 20),000000.57+055630.8,000000.57+055630.8,000000.57+055630.8,000000.57+055630.8,0.002375,5.941903,benchmark_master,normal_agn,0.0,dev,True,False,True,,,Rejected,stage_a_only
000000.66+145828.8,000000.66+145828.8,,TOO_FEW_POINTS,13,3814.820363760002,"W1,W2",10.444408935687887,,,Only 13 epochs (need 20),000000.66+145828.8,000000.66+145828.8,000000.66+145828.8,000000.66+145828.8,0.002756,14.974675,benchmark_master,normal_agn,0.0,dev,True,False,True,,,Rejected,stage_a_only
000012.59-014216.7,000012.59-014216.7,,TOO_FEW_POINTS,9,4017.5779121400046,"W1,W2",10.999528849117056,,,Only 9 epochs (need 20),000012.59-014216.7,000012.59-014216.7,000012.59-014216.7,000012.59-014216.7,0.052493,-1.704643,benchmark_master,normal_agn,0.0,dev,True,False,True,,,Rejected,stage_a_only
000018.12+013637.1,000018.12+013637.1,,TOO_FEW_POINTS,0,0.0,none,0.0,,,Only 4 valid W1 flux measurements,000018.12+013637.1,000018.12+013637.1,000018.12+013637.1,000018.12+013637.1,0.075536,1.610323,benchmark_master,normal_agn,0.0,dev,True,False,True,,,Rejected,stage_a_only
000020.66+312202.7,000020.66+312202.7,,TOO_FEW_POINTS,6,3105.354965040002,"W1,W2",8.501998535359348,,,Only 6 epochs (need 20),000020.66+312202.7,000020.66+312202.7,000020.66+312202.7,000020.66+312202.7,0.086095,31.367437,benchmark_master,normal_agn,0.0,test,True,False,True,,,Rejected,stage_a_only
000026.31+242016.5,000026.31+242016.5,,TOO_FEW_POINTS,28,4385.46555719,"W1,W2",12.00675032769336,,,Only 3 post-gap epochs (need 5); NEOWISE-R data missing or insufficient,000026.31+242016.5,000026.31+242016.5,000026.31+242016.5,000026.31+242016.5,0.109649,24.337926,benchmark_master,normal_agn,0.0,dev,True,False,True,,,Rejected,stage_a_only
000038.16+020144.5,000038.16+020144.5,,TOO_FEW_POINTS,16,4911.307730500004,"W1,W2",13.44642773579741,,,Only 16 epochs (need 20),000038.16+020144.5,000038.16+020144.5,000038.16+020144.5,000038.16+020144.5,0.159019,2.029049,benchmark_master,normal_agn,0.0,dev,True,False,True,,,Rejected,stage_a_only
000038.85+054847.7,000038.85+054847.7,,TOO_FEW_POINTS,12,5113.557077199999,"W1,W2",14.000156268856944,,,Only 12 epochs (need 20),000038.85+054847.7,000038.85+054847.7,000038.85+054847.7,000038.85+054847.7,0.161906,5.81327,benchmark_master,normal_agn,0.0,dev,True,False,True,,,Rejected,stage_a_only
000045.05+011127.8,000045.05+011127.8,,TOO_FEW_POINTS,17,4179.873349509995,"W1,W2",11.443869540068432,,,Only 17 epochs (need 20),000045.05+011127.8,000045.05+011127.8,000045.05+011127.8,000045.05+011127.8,0.187711,1.19106,benchmark_master,normal_agn,0.0,dev,True,False,True,,,Rejected,stage_a_only
000048.01+333926.9,000048.01+333926.9,,TOO_FEW_POINTS,15,5113.51229133,"W1,W2",14.000033651827517,,,Only 15 epochs (need 20),000048.01+333926.9,000048.01+333926.9,000048.01+333926.9,000048.01+333926.9,0.200054,33.657498,benchmark_master,normal_agn,0.0,test,True,False,True,,,Rejected,stage_a_only
000059.58+295642.5,000059.58+295642.5,,TOO_FEW_POINTS,0,0.0,none,0.0,,,Only 3 valid W1 flux measurements,000059.58+295642.5,000059.58+295642.5,000059.58+295642.5,000059.58+295642.5,0.248268,29.945145,benchmark_master,normal_agn,0.0,test,True,False,True,,,Rejected,stage_a_only
000105.87+005341.7,000105.87+005341.7,,TOO_FEW_POINTS,5,4179.735316630002,W1_only,11.443491626639291,,,Only 5 epochs (need 20),000105.87+005341.7,000105.87+005341.7,000105.87+005341.7,000105.87+005341.7,0.274486,0.894933,benchmark_master,normal_agn,0.0,dev,True,False,True,,,Rejected,stage_a_only
000106.87+023845.9,000106.87+023845.9,,TOO_FEW_POINTS,10,4384.269078040001,"W1,W2",12.003474546310748,,,Only 10 epochs (need 20),000106.87+023845.9,000106.87+023845.9,000106.87+023845.9,000106.87+023845.9,0.278661,2.64611,benchmark_master,normal_agn,0.0,dev,True,False,True,,,Rejected,stage_a_only
000107.94+064643.7,000107.94+064643.7,,TOO_FEW_POINTS,65,4911.127299140004,"W1,W2",13.44593374165641,,,Only 3 pre-gap epochs (need 5); AllWISE data missing or insufficient,000107.94+064643.7,000107.94+064643.7,000107.94+064643.7,000107.94+064643.7,0.283084,6.778813,benchmark_master,normal_agn,0.0,dev,True,False,True,,,Rejected,stage_a_only
000124.72+334159.1,000124.72+334159.1,,TOO_FEW_POINTS,0,0.0,none,0.0,,,Only 4 valid W1 flux measurements,000124.72+334159.1,000124.72+334159.1,000124.72+334159.1,000124.72+334159.1,0.353006,33.699753,benchmark_master,normal_agn,0.0,dev,True,False,True,,,Rejected,stage_a_only
000127.46+071911.5,000127.46+071911.5,,TOO_FEW_POINTS,0,0.0,none,0.0,,,Only 4 valid W1 flux measurements,000127.46+071911.5,000127.46+071911.5,000127.46+071911.5,000127.46+071911.5,0.364454,7.319876,benchmark_master,normal_agn,0.0,dev,True,False,True,,,Rejected,stage_a_only
000130.25+053321.5,000130.25+053321.5,,TOO_FEW_POINTS,6,3268.939740490001,"W1,W2",8.949869241587956,,,Only 6 epochs (need 20),000130.25+053321.5,000130.25+053321.5,000130.25+053321.5,000130.25+053321.5,0.376044,5.555976,benchmark_master,normal_agn,0.0,test,True,False,True,,,Rejected,stage_a_only
000130.57+130847.3,000130.57+130847.3,,TOO_FEW_POINTS,0,0.0,none,0.0,,,Only 1 valid W1 flux measurements,000130.57+130847.3,000130.57+130847.3,000130.57+130847.3,000130.57+130847.3,0.377384,13.146475,benchmark_master,normal_agn,0.0,test,True,False,True,,,Rejected,stage_a_only
000139.32+331947.9,000139.32+331947.9,,TOO_FEW_POINTS,11,3812.089766240002,"W1,W2",10.436932967118418,,,Only 11 epochs (need 20),000139.32+331947.9,000139.32+331947.9,000139.32+331947.9,000139.32+331947.9,0.413862,33.329993,benchmark_master,normal_agn,0.0,test,True,False,True,,,Rejected,stage_a_only
000155.79+102106.7,000155.79+102106.7,,TOO_FEW_POINTS,34,4910.317563550001,"W1,W2",13.443716806433953,,,Only 3 pre-gap epochs (need 5); AllWISE data missing or insufficient,000155.79+102106.7,000155.79+102106.7,000155.79+102106.7,000155.79+102106.7,0.482487,10.351878,benchmark_master,normal_agn,0.0,dev,True,False,True,,,Rejected,stage_a_only
000159.76+292622.0,000159.76+292622.0,,TOO_FEW_POINTS,18,4907.747548920001,"W1,W2",13.436680489856265,,,Only 18 epochs (need 20),000159.76+292622.0,000159.76+292622.0,000159.76+292622.0,000159.76+292622.0,0.499007,29.439468,benchmark_master,normal_agn,0.0,test,True,False,True,,,Rejected,stage_a_only
000200.07+291810.7,000200.07+291810.7,,TOO_FEW_POINTS,10,4908.330247589998,"W1,W2",13.438275831868578,,,Only 10 epochs (need 20),000200.07+291810.7,000200.07+291810.7,000200.07+291810.7,000200.07+291810.7,0.500312,29.302984,benchmark_master,normal_agn,0.0,test,True,False,True,,,Rejected,stage_a_only
000202.42+330824.3,000202.42+330824.3,,TOO_FEW_POINTS,13,4907.77582504,"W1,W2",13.436757905653662,,,Only 13 epochs (need 20),000202.42+330824.3,000202.42+330824.3,000202.42+330824.3,000202.42+330824.3,0.510118,33.140102,benchmark_master,normal_agn,0.0,dev,True,False,True,,,Rejected,stage_a_only
000203.62+183121.9,000203.62+183121.9,,TOO_FEW_POINTS,11,4910.81775835,"W1,W2",13.44508626516085,,,Only 11 epochs (need 20),000203.62+183121.9,000203.62+183121.9,000203.62+183121.9,000203.62+183121.9,0.515092,18.522753,benchmark_master,normal_agn,0.0,dev,True,False,True,,,Rejected,stage_a_only
000204.72-001755.0,000204.72-001755.0,,TOO_FEW_POINTS,17,2178.734335590001,"W1,W2",5.96504951564682,,,Only 17 epochs (need 20),000204.72-001755.0,000204.72-001755.0,000204.72-001755.0,000204.72-001755.0,0.519667,-0.298611,benchmark_master,normal_agn,0.0,dev,True,False,True,,,Rejected,stage_a_only
10035624879191040,10035624879191040,,TOO_FEW_POINTS,30,5094.800522769998,"W1,W2",13.94880362154688,,,Only 4 pre-gap epochs (need 5); AllWISE data missing or insufficient,10035624879191040,10035624879191040,10035624879191040,10035624879191040,52.31131411744,7.71765365745,benchmark_master,star,0.0,dev,True,False,True,,,Rejected,stage_a_only
12428467123880448,12428467123880448,,TOO_FEW_POINTS,0,0.0,none,0.0,,,Only 4 valid W1 flux measurements,12428467123880448,12428467123880448,12428467123880448,12428467123880448,52.4062460059,8.93749609487,benchmark_master,star,0.0,dev,True,False,True,,,Rejected,stage_a_only
1961N,1961N,,TOO_FEW_POINTS,16,180.27135819999967,"W1,W2",0.4935560799452421,,,Only 16 epochs (need 20),1961N,1961N,1961N,1961N,354.6618333333333,27.009416666666667,benchmark_master,sn,0.0,dev,True,False,True,,,Rejected,stage_a_only
1961Q,1961Q,,TOO_FEW_POINTS,0,0.0,none,0.0,,,Only 0 valid W1 flux measurements,1961Q,1961Q,1961Q,1961Q,21.6725,2.0255277777777776,benchmark_master,sn,0.0,dev,True,False,True,,,Rejected,stage_a_only
1962E,1962E,,TOO_FEW_POINTS,29,4208.613582450002,"W1,W2",11.522556009445587,,,Only 4 post-gap epochs (need 5); NEOWISE-R data missing or insufficient,1962E,1962E,1962E,1962E,168.77304166666664,25.892138888888887,benchmark_master,sn,0.0,dev,True,False,True,,,Rejected,stage_a_only
1971G,1971G,,TOO_FEW_POINTS,0,0.0,none,0.0,,,Only 4 valid W1 flux measurements,1971G,1971G,1971G,1971G,183.05,13.237777777777778,benchmark_master,sn,0.0,dev,True,False,True,,,Rejected,stage_a_only
1986E,1986E,,TOO_FEW_POINTS,21,196.99041900000157,"W1,W2",0.5393303737166367,,,Baseline 0.5 yr < 7.0 yr,1986E,1986E,1986E,1986E,185.4217083333333,14.63195,benchmark_master,sn,0.0,dev,True,False,True,,,Rejected,stage_a_only
1987B,1987B,,TOO_FEW_POINTS,16,4730.832349420001,W1_only,12.95231307164956,,,Only 16 epochs (need 20),1987B,1987B,1987B,1987B,226.762375,1.503663888888889,benchmark_master,sn,0.0,dev,True,False,True,,,Rejected,stage_a_only
1988ai,1988ai,,TOO_FEW_POINTS,0,0.0,none,0.0,,,Only 1 valid W1 flux measurements,1988AI,1988AI,1988AI,1988AI,1.5905833333333332,-41.48330555555556,benchmark_master,sn,0.0,dev,True,False,True,,,Rejected,stage_a_only
1990Q,1990Q,,NO_DATA,0,0.0,none,0.0,,,No data returned from IRSA queries or failed all QA filters,1990Q,1990Q,1990Q,1990Q,230.38829166666665,-7.374086111111111,benchmark_master,sn,0.0,dev,True,False,True,,,Rejected,stage_a_only
1991D,1991D,,TOO_FEW_POINTS,0,0.0,none,0.0,,,Only 1 valid W1 flux measurements,1991D,1991D,1991D,1991D,205.30666666666664,-14.646388888888888,benchmark_master,sn,0.0,dev,True,False,True,,,Rejected,stage_a_only
1992bk,1992bk,,TOO_FEW_POINTS,0,0.0,none,0.0,,,Only 1 valid W1 flux measurements,1992BK,1992BK,1992BK,1992BK,55.75791666666666,-53.632444444444445,benchmark_master,sn,0.0,test,True,False,True,,,Rejected,stage_a_only
1993G,1993G,,TOO_FEW_POINTS,0,0.0,none,0.0,,,Only 1 valid W1 flux measurements,1993G,1993G,1993G,1993G,172.13904166666663,58.55860277777777,benchmark_master,sn,0.0,dev,True,False,True,,,Rejected,stage_a_only
1994G,1994G,,TOO_FEW_POINTS,0,0.0,none,0.0,,,Only 4 valid W1 flux measurements,1994G,1994G,1994G,1994G,154.86116666666663,50.872055555555555,benchmark_master,sn,0.0,dev,True,False,True,,,Rejected,stage_a_only
1994I,1994I,,TOO_FEW_POINTS,0,0.0,none,0.0,,,Only 0 valid W1 flux measurements,1994I,1994I,1994I,1994I,202.47529999999995,47.191805555555554,benchmark_master,sn,0.0,dev,True,False,True,,,Rejected,stage_a_only
1995bc,1995bc,,TOO_FEW_POINTS,5,2749.479661950005,"W1,W2",7.527665056673524,,,Only 5 epochs (need 20),1995BC,1995BC,1995BC,1995BC,147.93124999999998,40.314055555555555,benchmark_master,sn,0.0,dev,True,False,True,,,Rejected,stage_a_only
1996bn,1996bn,,TOO_FEW_POINTS,35,198.39842379999752,"W1,W2",0.5431852807665914,,,Baseline 0.5 yr < 7.0 yr,1996BN,1996BN,1996BN,1996BN,93.95408333333332,64.42911111111111,benchmark_master,sn,0.0,dev,True,False,True,,,Rejected,stage_a_only
1997K,1997K,,TOO_FEW_POINTS,0,0.0,none,0.0,,,Only 1 valid W1 flux measurements,1997K,1997K,1997K,1997K,118.72954166666663,4.317027777777778,benchmark_master,sn,0.0,dev,True,False,True,,,Rejected,stage_a_only
1997Q,1997Q,,TOO_FEW_POINTS,0,0.0,none,0.0,,,Only 0 valid W1 flux measurements,1997Q,1997Q,1997Q,1997Q,164.2145,-3.976916666666667,benchmark_master,sn,0.0,dev,True,False,True,,,Rejected,stage_a_only
1997S,1997S,,TOO_FEW_POINTS,0,0.0,none,0.0,,,Only 1 valid W1 flux measurements,1997S,1997S,1997S,1997S,164.46495833333333,-3.763027777777778,benchmark_master,sn,0.0,dev,True,False,True,,,Rejected,stage_a_only
1997bm,1997bm,,TOO_FEW_POINTS,5,2032.948880419994,"W1,W2",5.565910692457204,,,Only 5 epochs (need 20),1997BM,1997BM,1997BM,1997BM,173.23804166666665,50.245444444444445,benchmark_master,sn,0.0,dev,True,False,True,,,Rejected,stage_a_only
1997bx,1997bx,,TOO_FEW_POINTS,14,4935.172549370007,"W1,W2",13.511766048925413,,,Only 14 epochs (need 20),1997BX,1997BX,1997BX,1997BX,186.29916666666665,0.0817777777777777,benchmark_master,sn,0.0,dev,True,False,True,,,Rejected,stage_a_only
1997cc,1997cc,,TOO_FEW_POINTS,9,3081.7902028499957,W1_only,8.437481732648859,,,Only 9 epochs (need 20),1997CC,1997CC,1997CC,1997CC,214.1399583333333,52.39380555555555,benchmark_master,sn,0.0,dev,True,False,True,,,Rejected,stage_a_only
1997ch,1997ch,,TOO_FEW_POINTS,0,0.0,none,0.0,,,Only 2 valid W1 flux measurements,1997CH,1997CH,1997CH,1997CH,189.3705,62.11188888888889,benchmark_master,sn,0.0,dev,True,False,True,,,Rejected,stage_a_only
1998L,1998L,,TOO_FEW_POINTS,0,0.0,none,0.0,,,Only 1 valid W1 flux measurements,1998L,1998L,1998L,1998L,173.402625,4.584611111111111,benchmark_master,sn,0.0,test,True,False,True,,,Rejected,stage_a_only
1998av,1998av,,TOO_FEW_POINTS,8,4938.559280889996,W1_only,13.52103841448322,,,Only 8 epochs (need 20),1998AV,1998AV,1998AV,1998AV,164.03325,-4.189055555555556,benchmark_master,sn,0.0,test,True,False,True,,,Rejected,stage_a_only
1998az,1998az,,TOO_FEW_POINTS,0,0.0,none,0.0,,,Only 3 valid W1 flux measurements,1998AZ,1998AZ,1998AZ,1998AZ,164.34075,-3.4230555555555555,benchmark_master,sn,0.0,test,True,False,True,,,Rejected,stage_a_only
1998dm,1998dm,,TOO_FEW_POINTS,10,3472.3938993099946,"W1,W2",9.506896370458575,,,Only 10 epochs (need 20),1998DM,1998DM,1998DM,1998DM,21.558208333333333,-6.103888888888888,benchmark_master,sn,0.0,dev,True,False,True,,,Rejected,stage_a_only
1998ex,1998ex,,TOO_FEW_POINTS,11,2909.650437849996,"W1,W2",7.966188741546874,,,Only 11 epochs (need 20),1998EX,1998EX,1998EX,1998EX,115.42616666666665,64.73397222222222,benchmark_master,sn,0.0,dev,True,False,True,,,Rejected,stage_a_only
1999D,1999D,,TOO_FEW_POINTS,0,0.0,none,0.0,,,Only 0 valid W1 flux measurements,1999D,1999D,1999D,1999D,172.11825,58.56083333333333,benchmark_master,sn,0.0,test,True,False,True,,,Rejected,stage_a_only
1999ec,1999ec,,TOO_FEW_POINTS,0,0.0,none,0.0,,,Only 1 valid W1 flux measurements,1999EC,1999EC,1999EC,1999EC,94.06741666666665,-21.36947222222222,benchmark_master,sn,0.0,dev,True,False,True,,,Rejected,stage_a_only
1999ee,1999ee,,TOO_FEW_POINTS,0,0.0,none,0.0,,,Only 0 valid W1 flux measurements,1999EE,1999EE,1999EE,1999EE,334.0416666666666,-36.84436111111111,benchmark_master,sn,0.0,test,True,False,True,,,Rejected,stage_a_only
1999el,1999el,,TOO_FEW_POINTS,6,2376.671405699999,"W1,W2",6.5069716788501,,,Only 6 epochs (need 20),1999EL,1999EL,1999EL,1999EL,309.3238333333333,66.10319444444444,benchmark_master,sn,0.0,dev,True,False,True,,,Rejected,stage_a_only
1999eo,1999eo,,TOO_FEW_POINTS,5,3081.9793425099997,W1_only,8.43799956881588,,,Only 5 epochs (need 20),1999EO,1999EO,1999EO,1999EO,40.05499999999999,4.914805555555556,benchmark_master,sn,0.0,dev,True,False,True,,,Rejected,stage_a_only
2000O,2000O,,TOO_FEW_POINTS,0,0.0,none,0.0,,,Only 0 valid W1 flux measurements,2000O,2000O,2000O,2000O,182.81491666666665,17.892277777777778,benchmark_master,sn,0.0,dev,True,False,True,,,Rejected,stage_a_only
2000bk,2000bk,,TOO_FEW_POINTS,6,2545.7828257900037,"W1,W2",6.969973513456547,,,Only 6 epochs (need 20),2000BK,2000BK,2000BK,2000BK,188.47475,-7.378583333333333,benchmark_master,sn,0.0,dev,True,False,True,,,Rejected,stage_a_only
2000bt,2000bt,,TOO_FEW_POINTS,0,0.0,none,0.0,,,Only 1 valid W1 flux measurements,2000BT,2000BT,2000BT,2000BT,154.07524999999998,-5.746472222222223,benchmark_master,sn,0.0,dev,True,False,True,,,Rejected,stage_a_only
2000dn,2000dn,,TOO_FEW_POINTS,16,3289.3326411599996,W1_only,9.005701960739218,,,Only 16 epochs (need 20),2000DN,2000DN,2000DN,2000DN,346.2744166666666,-3.200277777777778,benchmark_master,sn,0.0,test,True,False,True,,,Rejected,stage_a_only
2000fu,2000fu,,TOO_FEW_POINTS,19,3451.897283400001,"W1,W2",9.450779694455855,,,Only 19 epochs (need 20),2000FU,2000FU,2000FU,2000FU,222.80279166666665,-20.43563888888889,benchmark_master,sn,0.0,dev,True,False,True,,,Rejected,stage_a_only
2001ai,2001ai,,TOO_FEW_POINTS,31,2905.0722533700027,"W1,W2",7.953654355564689,,,Only 2 post-gap epochs (need 5); NEOWISE-R data missing or insufficient,2001AI,2001AI,2001AI,2001AI,205.41404166666663,55.668277777777774,benchmark_master,sn,0.0,dev,True,False,True,,,Rejected,stage_a_only
2001cl,2001cl,,TOO_FEW_POINTS,14,3107.962601230007,"W1,W2",8.509137854154707,,,Only 14 epochs (need 20),2001CL,2001CL,2001CL,2001CL,335.6563333333333,-4.125222222222222,benchmark_master,sn,0.0,dev,True,False,True,,,Rejected,stage_a_only
4613348927136384,4613348927136384,,TOO_FEW_POINTS,0,0.0,none,0.0,,,Only 1 valid W1 flux measurements,4613348927136384,4613348927136384,4613348927136384,4613348927136384,42.24822031328,3.16958335672,benchmark_master,star,0.0,dev,True,False,True,,,Rejected,stage_a_only
HE 1136-2304,HE 1136-2304,,TOO_FEW_POINTS,0,0.0,none,0.0,,,Only 1 valid W1 flux measurements,HE 1136-2304,HE 1136-2304,HE 1136-2304,HE 1136-2304,174.701,-23.349000930786133,benchmark_master,clagn,1.0,dev,True,False,True,,,Rejected,stage_a_only
NGC 5273,NGC 5273,,TOO_FEW_POINTS,0,0.0,none,0.0,,,Only 2 valid W1 flux measurements,NGC 5273,NGC 5273,NGC 5273,NGC 5273,205.471,35.65800094604492,benchmark_master,clagn,1.0,dev,True,False,True,,,Rejected,stage_a_only
NGC 5548,NGC 5548,,NO_DATA,0,0.0,none,0.0,,,No data returned from IRSA queries or failed all QA filters,NGC 5548,NGC 5548,NGC 5548,NGC 5548,214.5,25.135000228881836,benchmark_master,clagn,1.0,dev,True,False,True,,,Rejected,stage_a_only
NGC 7603,NGC 7603,,TOO_FEW_POINTS,0,0.0,none,0.0,,,Only 3 valid W1 flux measurements,NGC 7603,NGC 7603,NGC 7603,NGC 7603,349.738,-0.2440000027418136,benchmark_master,clagn,1.0,dev,True,False,True,,,Rejected,stage_a_only
