source_id,canonical_id,score,status,n_points,baseline_days,band_coverage,baseline_years,delta_mag,delta_mag_method,rejection_reason,status_normalized,baseline_years_recomputed,baseline_years_diff,baseline_years_consistent,is_ok,source_id_normalized,source_id_matches_canonical,id_mismatch_reason,is_ambiguous_id,has_w1,has_w2,strict_quality,score_is_missing,score_is_finite,rejection_bucket
000000.57+055630.8,000000.57+055630.8,,TOO_FEW_POINTS,10,4749.163452740002,W1_only,13.00250089730322,,,Only 10 epochs (need 20),TOO_FEW_POINTS,13.002500897303221,1.7763568394002505e-15,True,False,000000.57+055630.8,True,,False,True,False,False,True,False,few_epochs
000000.66+145828.8,000000.66+145828.8,,TOO_FEW_POINTS,13,3814.820363760002,"W1,W2",10.444408935687887,,,Only 13 epochs (need 20),TOO_FEW_POINTS,10.444408935687889,1.7763568394002505e-15,True,False,000000.66+145828.8,True,,False,True,True,False,True,False,few_epochs
000001.08+295225.0,000001.08+295225.0,0.2522704720157607,OK,50,4910.913288780001,"W1,W2",13.44534781322382,0.2424060820972476,seasonal_median_flux,,OK,13.44534781322382,0.0,True,True,000001.08+295225.0,True,,False,True,True,True,False,True,ok
000002.46+214939.3,000002.46+214939.3,0.4302231414031255,OK,80,5116.362469489999,"W1,W2",14.007837014346336,0.2654913456433456,seasonal_median_flux,,OK,14.007837014346336,0.0,True,True,000002.46+214939.3,True,,False,True,True,True,False,True,ok
000003.87-024228.0,000003.87-024228.0,0.3046651908283149,OK,25,4911.546609999998,"W1,W2",13.447081752224497,0.0360501062564171,seasonal_median_flux,,OK,13.447081752224497,0.0,True,True,000003.87-024228.0,True,,False,True,True,False,False,True,ok
000005.39+212944.8,000005.39+212944.8,0.1962508543419905,OK,109,4911.1307564300005,"W1,W2",13.445943207200548,0.2091141256811405,seasonal_median_flux,,OK,13.445943207200548,0.0,True,True,000005.39+212944.8,True,,False,True,True,True,False,True,ok
000008.03-002727.4,000008.03-002727.4,0.2663189925259717,OK,26,4910.611698960005,"W1,W2",13.444522105297755,0.0,seasonal_median_flux,,OK,13.444522105297755,0.0,True,True,000008.03-002727.4,True,,False,True,True,False,False,True,ok
000012.59-014216.7,000012.59-014216.7,,TOO_FEW_POINTS,9,4017.5779121400046,"W1,W2",10.999528849117056,,,Only 9 epochs (need 20),TOO_FEW_POINTS,10.999528849117056,0.0,True,False,000012.59-014216.7,True,,False,True,True,False,True,False,few_epochs
000014.74+003203.2,000014.74+003203.2,0.2930501102918829,OK,118,5113.710011610005,"W1,W2",14.000574980451756,-0.0426495048148171,seasonal_median_flux,,OK,14.000574980451757,1.7763568394002505e-15,True,True,000014.74+003203.2,True,,False,True,True,True,False,True,ok
000015.56+194941.0,000015.56+194941.0,0.3426707092588864,OK,66,5116.257160070003,"W1,W2",14.007548692867909,0.2666557500231062,seasonal_median_flux,,OK,14.007548692867907,1.7763568394002505e-15,True,True,000015.56+194941.0,True,,False,True,True,True,False,True,ok
000017.38-085123.7,000017.38-085123.7,0.467672523538522,OK,165,5114.021345379995,"W1,W2",14.001427365858987,0.1569473357456506,seasonal_median_flux,,OK,14.001427365858987,0.0,True,True,000017.38-085123.7,True,,False,True,True,True,False,True,ok
000018.12+013637.1,000018.12+013637.1,,TOO_FEW_POINTS,0,0.0,none,0.0,,,Only 4 valid W1 flux measurements,TOO_FEW_POINTS,0.0,0.0,True,False,000018.12+013637.1,True,,False,False,False,False,True,False,too_few_points_other
000020.66+312202.7,000020.66+312202.7,,TOO_FEW_POINTS,6,3105.354965040002,"W1,W2",8.501998535359348,,,Only 6 epochs (need 20),TOO_FEW_POINTS,8.501998535359348,0.0,True,False,000020.66+312202.7,True,,False,True,True,False,True,False,few_epochs
000022.17+255005.3,000022.17+255005.3,0.2508907956746108,OK,221,5116.74588776,"W1,W2",14.00888675635866,0.0463541912367102,seasonal_median_flux,,OK,14.00888675635866,0.0,True,True,000022.17+255005.3,True,,False,True,True,True,False,True,ok
000023.94+083348.0,000023.94+083348.0,0.2174630116144954,OK,188,5114.050639290006,"W1,W2",14.001507568213569,0.1442680007443827,seasonal_median_flux,,OK,14.001507568213569,0.0,True,True,000023.94+083348.0,True,,False,True,True,True,False,True,ok
000026.27+022140.8,000026.27+022140.8,0.1726426726901941,OK,102,4749.770215259996,"W1,W2",13.00416212254619,-0.0098892344575248,seasonal_median_flux,,OK,13.00416212254619,0.0,True,True,000026.27+022140.8,True,,False,True,True,True,False,True,ok
000026.31+242016.5,000026.31+242016.5,,TOO_FEW_POINTS,28,4385.46555719,"W1,W2",12.00675032769336,,,Only 3 post-gap epochs (need 5); NEOWISE-R data missing or insufficient,TOO_FEW_POINTS,12.00675032769336,0.0,True,False,000026.31+242016.5,True,,False,True,True,False,True,False,few_epochs
000026.47+021359.2,000026.47+021359.2,0.2676725366646053,OK,66,4911.69534785,"W1,W2",13.447488974264202,0.2274917118350082,seasonal_median_flux,,OK,13.447488974264202,0.0,True,True,000026.47+021359.2,True,,False,True,True,True,False,True,ok
000028.24+184005.3,000028.24+184005.3,0.2732367223635733,OK,134,5115.759904839993,"W1,W2",14.00618728224502,0.3708168779380644,seasonal_median_flux,,OK,14.006187282245019,1.7763568394002505e-15,True,True,000028.24+184005.3,True,,False,True,True,True,False,True,ok
000030.64-064100.0,000030.64-064100.0,0.1320530291414456,OK,193,5114.118378359999,"W1,W2",14.00169302767967,0.121273102267431,seasonal_median_flux,,OK,14.00169302767967,0.0,True,True,000030.64-064100.0,True,,False,True,True,True,False,True,ok
000031.97+002249.9,000031.97+002249.9,0.3369055932257842,OK,95,5113.710011610005,"W1,W2",14.000574980451756,0.1147577105348721,seasonal_median_flux,,OK,14.000574980451757,1.7763568394002505e-15,True,True,000031.97+002249.9,True,,False,True,True,True,False,True,ok
000033.71+102012.0,000033.71+102012.0,0.4347423754555139,OK,26,3285.9404943499976,"W1,W2",8.996414768925387,0.1671268992667368,seasonal_median_flux,,OK,8.996414768925387,0.0,True,True,000033.71+102012.0,True,,False,True,True,False,False,True,ok
000034.80+210108.1,000034.80+210108.1,0.2914584274973444,OK,230,5116.814009100002,"W1,W2",14.009073262423003,0.1878639137691417,seasonal_median_flux,,OK,14.009073262423005,1.7763568394002505e-15,True,True,000034.80+210108.1,True,,False,True,True,True,False,True,ok
000036.73+044503.3,000036.73+044503.3,0.273186250951443,OK,138,5113.9718151199995,"W1,W2",14.001291759397672,-0.0305887189980797,seasonal_median_flux,,OK,14.001291759397672,0.0,True,True,000036.73+044503.3,True,,False,True,True,True,False,True,ok
000038.16+020144.5,000038.16+020144.5,,TOO_FEW_POINTS,16,4911.307730500004,"W1,W2",13.44642773579741,,,Only 16 epochs (need 20),TOO_FEW_POINTS,13.44642773579741,0.0,True,False,000038.16+020144.5,True,,False,True,True,False,True,False,few_epochs
000038.85+054847.7,000038.85+054847.7,,TOO_FEW_POINTS,12,5113.557077199999,"W1,W2",14.000156268856944,,,Only 12 epochs (need 20),TOO_FEW_POINTS,14.000156268856944,0.0,True,False,000038.85+054847.7,True,,False,True,True,False,True,False,few_epochs
000042.92+310715.3,000042.92+310715.3,0.2872740488579815,OK,27,4179.074861230001,"W1,W2",11.441683398302535,0.0,seasonal_median_flux,,OK,11.441683398302535,0.0,True,True,000042.92+310715.3,True,,False,True,True,False,False,True,ok
000045.05+011127.8,000045.05+011127.8,,TOO_FEW_POINTS,17,4179.873349509995,"W1,W2",11.443869540068432,,,Only 17 epochs (need 20),TOO_FEW_POINTS,11.443869540068432,0.0,True,False,000045.05+011127.8,True,,False,True,True,False,True,False,few_epochs
000046.17+170047.0,000046.17+170047.0,0.1816763541080265,OK,140,5116.36195721,"W1,W2",14.007835611800136,0.0045974054771192,seasonal_median_flux,,OK,14.007835611800136,0.0,True,True,000046.17+170047.0,True,,False,True,True,True,False,True,ok
000048.01+333926.9,000048.01+333926.9,,TOO_FEW_POINTS,15,5113.51229133,"W1,W2",14.000033651827517,,,Only 15 epochs (need 20),TOO_FEW_POINTS,14.000033651827517,0.0,True,False,000048.01+333926.9,True,,False,True,True,False,True,False,few_epochs
000052.48-022635.5,000052.48-022635.5,0.2005787403835717,OK,46,5114.060697740002,"W1,W2",14.001535106748808,0.3049085661255372,seasonal_median_flux,,OK,14.001535106748808,0.0,True,True,000052.48-022635.5,True,,False,True,True,False,False,True,ok
000055.85+200708.9,000055.85+200708.9,0.0741077323035796,OK,181,5116.955480719997,"W1,W2",14.009460590609162,0.1960433679078147,seasonal_median_flux,,OK,14.009460590609162,0.0,True,True,000055.85+200708.9,True,,False,True,True,True,False,True,ok
000056.16+192036.9,000056.16+192036.9,0.3504742480518211,OK,153,5115.928883699999,"W1,W2",14.006649921149894,0.404608008383393,seasonal_median_flux,,OK,14.006649921149894,0.0,True,True,000056.16+192036.9,True,,False,True,True,True,False,True,ok
000057.15+150936.5,000057.15+150936.5,0.1158915243993852,OK,85,5112.73779354,"W1,W2",13.997913192443532,0.2069431841002017,seasonal_median_flux,,OK,13.997913192443532,0.0,True,True,000057.15+150936.5,True,,False,True,True,True,False,True,ok
000057.67-085617.0,000057.67-085617.0,0.3993951760449489,OK,168,5114.144863289999,"W1,W2",14.001765539466115,-0.0776863594671818,seasonal_median_flux,,OK,14.001765539466117,1.7763568394002505e-15,True,True,000057.67-085617.0,True,,False,True,True,True,False,True,ok
000059.05+282233.0,000059.05+282233.0,0.3361272087429943,OK,237,5116.694706030001,"W1,W2",14.008746628418894,0.1964601446340922,seasonal_median_flux,,OK,14.008746628418894,0.0,True,True,000059.05+282233.0,True,,False,True,True,True,False,True,ok
000059.58+295642.5,000059.58+295642.5,,TOO_FEW_POINTS,0,0.0,none,0.0,,,Only 3 valid W1 flux measurements,TOO_FEW_POINTS,0.0,0.0,True,False,000059.58+295642.5,True,,False,False,False,False,True,False,too_few_points_other
000105.87+005341.7,000105.87+005341.7,,TOO_FEW_POINTS,5,4179.735316630002,W1_only,11.443491626639291,,,Only 5 epochs (need 20),TOO_FEW_POINTS,11.443491626639293,1.7763568394002505e-15,True,False,000105.87+005341.7,True,,False,True,False,False,True,False,few_epochs
000106.87+023845.9,000106.87+023845.9,,TOO_FEW_POINTS,10,4384.269078040001,"W1,W2",12.003474546310748,,,Only 10 epochs (need 20),TOO_FEW_POINTS,12.003474546310748,0.0,True,False,000106.87+023845.9,True,,False,True,True,False,True,False,few_epochs
000107.94+064643.7,000107.94+064643.7,,TOO_FEW_POINTS,65,4911.127299140004,"W1,W2",13.44593374165641,,,Only 3 pre-gap epochs (need 5); AllWISE data missing or insufficient,TOO_FEW_POINTS,13.44593374165641,0.0,True,False,000107.94+064643.7,True,,False,True,True,False,True,False,few_epochs
000108.68+342549.2,000108.68+342549.2,0.2101602167627897,OK,124,4914.226646429997,"W1,W2",13.454419292073917,0.0766735005278611,seasonal_median_flux,,OK,13.454419292073915,1.7763568394002505e-15,True,True,000108.68+342549.2,True,,False,True,True,True,False,True,ok
000116.51-031050.2,000116.51-031050.2,0.254290990743783,OK,43,4911.610788310005,"W1,W2",13.447257462861067,0.0,seasonal_median_flux,,OK,13.447257462861067,0.0,True,True,000116.51-031050.2,True,,False,True,True,False,False,True,ok
000116.62+195153.3,000116.62+195153.3,0.0609726024505732,OK,26,4184.948941759998,"W1,W2",11.457765754305266,0.0309710442009888,seasonal_median_flux,,OK,11.457765754305266,0.0,True,True,000116.62+195153.3,True,,False,True,True,False,False,True,ok
000123.61-032317.9,000123.61-032317.9,0.0682894586547564,OK,73,4911.998151090003,"W1,W2",13.448318004353192,-0.1407069559398096,seasonal_median_flux,,OK,13.448318004353192,0.0,True,True,000123.61-032317.9,True,,False,True,True,True,False,True,ok
000124.72+334159.1,000124.72+334159.1,,TOO_FEW_POINTS,0,0.0,none,0.0,,,Only 4 valid W1 flux measurements,TOO_FEW_POINTS,0.0,0.0,True,False,000124.72+334159.1,True,,False,False,False,False,True,False,too_few_points_other
000127.46+071911.5,000127.46+071911.5,,TOO_FEW_POINTS,0,0.0,none,0.0,,,Only 4 valid W1 flux measurements,TOO_FEW_POINTS,0.0,0.0,True,False,000127.46+071911.5,True,,False,False,False,False,True,False,too_few_points_other
000130.25+053321.5,000130.25+053321.5,,TOO_FEW_POINTS,6,3268.939740490001,"W1,W2",8.949869241587956,,,Only 6 epochs (need 20),TOO_FEW_POINTS,8.949869241587956,0.0,True,False,000130.25+053321.5,True,,False,True,True,False,True,False,few_epochs
000130.31+013749.2,000130.31+013749.2,0.1761185568978148,OK,187,5113.875170170002,"W1,W2",14.001027159945249,-0.0339442594630038,seasonal_median_flux,,OK,14.001027159945249,0.0,True,True,000130.31+013749.2,True,,False,True,True,True,False,True,ok
000130.57+130847.3,000130.57+130847.3,,TOO_FEW_POINTS,0,0.0,none,0.0,,,Only 1 valid W1 flux measurements,TOO_FEW_POINTS,0.0,0.0,True,False,000130.57+130847.3,True,,False,False,False,False,True,False,too_few_points_other
000132.22+135258.3,000132.22+135258.3,0.0657521077452932,OK,221,5113.458779300003,"W1,W2",13.999887143874066,0.0399317278837854,seasonal_median_flux,,OK,13.999887143874066,0.0,True,True,000132.22+135258.3,True,,False,True,True,True,False,True,ok
000139.32+331947.9,000139.32+331947.9,,TOO_FEW_POINTS,11,3812.089766240002,"W1,W2",10.436932967118418,,,Only 11 epochs (need 20),TOO_FEW_POINTS,10.436932967118418,0.0,True,False,000139.32+331947.9,True,,False,True,True,False,True,False,few_epochs
000139.52+322953.1,000139.52+322953.1,0.2745767955572168,OK,186,5114.111668870006,"W1,W2",14.00167465809721,0.1334233574647577,seasonal_median_flux,,OK,14.00167465809721,0.0,True,True,000139.52+322953.1,True,,False,True,True,True,False,True,ok
000151.24+084413.3,000151.24+084413.3,0.1050111492762154,OK,179,5114.037271070003,"W1,W2",14.001470968021913,0.0444759565696205,seasonal_median_flux,,OK,14.001470968021911,1.7763568394002505e-15,True,True,000151.24+084413.3,True,,False,True,True,True,False,True,ok
000155.79+102106.7,000155.79+102106.7,,TOO_FEW_POINTS,34,4910.317563550001,"W1,W2",13.443716806433953,,,Only 3 pre-gap epochs (need 5); AllWISE data missing or insufficient,TOO_FEW_POINTS,13.443716806433953,0.0,True,False,000155.79+102106.7,True,,False,True,True,False,True,False,few_epochs
000159.27+034352.9,000159.27+034352.9,0.5727026796435435,OK,64,5113.843967959998,"W1,W2",14.000941732950029,0.3635765618261644,seasonal_median_flux,,OK,14.000941732950029,0.0,True,True,000159.27+034352.9,True,,False,True,True,True,False,True,ok
000159.76+292622.0,000159.76+292622.0,,TOO_FEW_POINTS,18,4907.747548920001,"W1,W2",13.436680489856265,,,Only 18 epochs (need 20),TOO_FEW_POINTS,13.436680489856265,0.0,True,False,000159.76+292622.0,True,,False,True,True,False,True,False,few_epochs
000159.89+222409.4,000159.89+222409.4,0.1758853934762927,OK,118,4911.244471749997,"W1,W2",13.44625454277891,0.2689025656563149,seasonal_median_flux,,OK,13.44625454277891,0.0,True,True,000159.89+222409.4,True,,False,True,True,True,False,True,ok
000200.07+291810.7,000200.07+291810.7,,TOO_FEW_POINTS,10,4908.330247589998,"W1,W2",13.438275831868578,,,Only 10 epochs (need 20),TOO_FEW_POINTS,13.438275831868578,0.0,True,False,000200.07+291810.7,True,,False,True,True,False,True,False,few_epochs
000200.32+204718.9,000200.32+204718.9,0.2462512785224682,OK,242,5116.937272969997,"W1,W2",14.009410740506494,-0.2028219339307944,seasonal_median_flux,,OK,14.009410740506494,0.0,True,True,000200.32+204718.9,True,,False,True,True,True,False,True,ok
000202.42+330824.3,000202.42+330824.3,,TOO_FEW_POINTS,13,4907.77582504,"W1,W2",13.436757905653662,,,Only 13 epochs (need 20),TOO_FEW_POINTS,13.436757905653662,0.0,True,False,000202.42+330824.3,True,,False,True,True,False,True,False,few_epochs
000202.62+085628.4,000202.62+085628.4,0.5185697243577232,OK,214,5114.032814549995,"W1,W2",14.0014587667351,-0.2388262086734502,seasonal_median_flux,,OK,14.0014587667351,0.0,True,True,000202.62+085628.4,True,,False,True,True,True,False,True,ok
000203.11+315153.1,000203.11+315153.1,0.3821741772027117,OK,171,4908.633698229998,"W1,W2",13.439106634442158,0.3969385204294172,seasonal_median_flux,,OK,13.439106634442158,0.0,True,True,000203.11+315153.1,True,,False,True,True,True,False,True,ok
000203.62+183121.9,000203.62+183121.9,,TOO_FEW_POINTS,11,4910.81775835,"W1,W2",13.44508626516085,,,Only 11 epochs (need 20),TOO_FEW_POINTS,13.44508626516085,0.0,True,False,000203.62+183121.9,True,,False,True,True,False,True,False,few_epochs
000204.72-001755.0,000204.72-001755.0,,TOO_FEW_POINTS,17,2178.734335590001,"W1,W2",5.96504951564682,,,Only 17 epochs (need 20),TOO_FEW_POINTS,5.96504951564682,0.0,True,False,000204.72-001755.0,True,,False,True,True,False,True,False,few_epochs
000206.48+284933.5,000206.48+284933.5,0.0352779511262743,OK,228,5116.4256420599995,"W1,W2",14.008009971416836,0.0132402487287931,seasonal_median_flux,,OK,14.008009971416836,0.0,True,True,000206.48+284933.5,True,,False,True,True,True,False,True,ok
10010439191442176,10010439191442176,0.1498157189145258,OK,168,5098.7592097399975,"W1,W2",13.959641915783704,-0.0223140682548892,seasonal_median_flux,,OK,13.959641915783703,1.7763568394002505e-15,True,True,10010439191442176,True,,False,True,True,True,False,True,ok
10035624879191040,10035624879191040,,TOO_FEW_POINTS,30,5094.800522769998,"W1,W2",13.94880362154688,,,Only 4 pre-gap epochs (need 5); AllWISE data missing or insufficient,TOO_FEW_POINTS,13.94880362154688,0.0,True,False,10035624879191040,True,,False,True,True,False,True,False,few_epochs
10618228603355008,10618228603355008,0.3823507206790322,OK,123,5096.158954680002,"W1,W2",13.952522805420951,0.1495821764930106,seasonal_median_flux,,OK,13.952522805420951,0.0,True,True,10618228603355008,True,,False,True,True,True,False,True,ok
10762260330928128,10762260330928128,0.0584936794761271,OK,178,5099.230732239994,"W1,W2",13.960932874031467,0.0345445511364944,seasonal_median_flux,,OK,13.960932874031469,1.7763568394002505e-15,True,True,10762260330928128,True,,False,True,True,True,False,True,ok
11271506013429504,11271506013429504,0.1129107904766826,OK,145,5099.170004300002,"W1,W2",13.96076660999316,0.0006150186513881,seasonal_median_flux,,OK,13.960766609993161,1.7763568394002505e-15,True,True,11271506013429504,True,,False,True,True,True,False,True,ok
11346758135829376,11346758135829376,0.3649617932536321,OK,131,5099.176752949999,"W1,W2",13.960785086789867,0.0020474351095911,seasonal_median_flux,,OK,13.960785086789869,1.7763568394002505e-15,True,True,11346758135829376,True,,False,True,True,True,False,True,ok
11434886569349888,11434886569349888,0.3969716535525747,OK,155,5099.024202600005,"W1,W2",13.96036742669406,-0.2581562196670659,seasonal_median_flux,,OK,13.96036742669406,0.0,True,True,11434886569349888,True,,False,True,True,True,False,True,ok
11918706045404160,11918706045404160,0.368219311719086,OK,185,5099.143009380001,"W1,W2",13.960692701930189,0.0847960776216138,seasonal_median_flux,,OK,13.960692701930187,1.7763568394002505e-15,True,True,11918706045404160,True,,False,True,True,True,False,True,ok
11997565941688192,11997565941688192,0.0562152395580043,OK,192,5098.983832160004,"W1,W2",13.960256898453125,0.0028703809707467,seasonal_median_flux,,OK,13.960256898453125,0.0,True,True,11997565941688192,True,,False,True,True,True,False,True,ok
12315256082310144,12315256082310144,0.2672330542949671,OK,92,5098.878401059999,"W1,W2",13.95996824383299,-0.1625315722982824,seasonal_median_flux,,OK,13.95996824383299,0.0,True,True,12315256082310144,True,,False,True,True,True,False,True,ok
12428467123880448,12428467123880448,,TOO_FEW_POINTS,0,0.0,none,0.0,,,Only 4 valid W1 flux measurements,TOO_FEW_POINTS,0.0,0.0,True,False,12428467123880448,True,,False,False,False,False,True,False,too_few_points_other
12441214586847872,12441214586847872,0.544854321182142,OK,121,5099.06469436,"W1,W2",13.960478287091036,0.2845541829412624,seasonal_median_flux,,OK,13.960478287091036,0.0,True,True,12441214586847872,True,,False,True,True,True,False,True,ok
13107003236999040,13107003236999040,0.1316394692160831,OK,142,3275.0965059200025,"W1,W2",8.966725546666673,-0.0739442876827133,seasonal_median_flux,,OK,8.966725546666673,0.0,True,True,13107003236999040,True,,False,True,True,True,False,True,ok
13464726768753024,13464726768753024,0.1860481648834919,OK,175,5099.034389419998,"W1,W2",13.960395316687194,0.0211124518289896,seasonal_median_flux,,OK,13.960395316687194,0.0,True,True,13464726768753024,True,,False,True,True,True,False,True,ok
1959C,1959C,0.65,OK,46,5268.449067820002,"W1,W2",14.424227427296378,0.0,seasonal_median_flux,,OK,14.424227427296378,0.0,True,True,1959C,True,,False,True,True,False,False,True,ok
1960P,1960P,0.3448319783324515,OK,240,5301.097197419993,"W1,W2",14.513613134620105,-0.0518415559074395,seasonal_median_flux,,OK,14.513613134620103,1.7763568394002505e-15,True,True,1960P,True,,False,True,True,True,False,True,ok
1960R,1960R,0.1795807991075906,OK,58,3443.949597229999,"W1,W2",9.429020115619435,-0.0005609444217516,seasonal_median_flux,,OK,9.429020115619437,1.7763568394002505e-15,True,True,1960R,True,,False,True,True,True,False,True,ok
1961N,1961N,,TOO_FEW_POINTS,16,180.27135819999967,"W1,W2",0.4935560799452421,,,Only 16 epochs (need 20),TOO_FEW_POINTS,0.4935560799452421,0.0,True,False,1961N,True,,False,True,True,False,True,False,few_epochs
1961Q,1961Q,,TOO_FEW_POINTS,0,0.0,none,0.0,,,Only 0 valid W1 flux measurements,TOO_FEW_POINTS,0.0,0.0,True,False,1961Q,True,,False,False,False,False,True,False,too_few_points_other
1962E,1962E,,TOO_FEW_POINTS,29,4208.613582450002,"W1,W2",11.522556009445587,,,Only 4 post-gap epochs (need 5); NEOWISE-R data missing or insufficient,TOO_FEW_POINTS,11.522556009445589,1.7763568394002505e-15,True,False,1962E,True,,False,True,True,False,True,False,few_epochs
1971G,1971G,,TOO_FEW_POINTS,0,0.0,none,0.0,,,Only 4 valid W1 flux measurements,TOO_FEW_POINTS,0.0,0.0,True,False,1971G,True,,False,False,False,False,True,False,too_few_points_other
1979C,1979C,0.2473748200745922,OK,26,3114.812684110002,"W1,W2",8.527892358959622,0.0,seasonal_median_flux,,OK,8.527892358959622,0.0,True,True,1979C,True,,False,True,True,False,False,True,ok
1984L,1984L,0.5084160610577515,OK,188,5304.875410330002,"W1,W2",14.523957317809725,-0.0137861817711785,seasonal_median_flux,,OK,14.523957317809725,0.0,True,True,1984L,True,,False,True,True,True,False,True,ok
1986E,1986E,,TOO_FEW_POINTS,21,196.99041900000157,"W1,W2",0.5393303737166367,,,Baseline 0.5 yr < 7.0 yr,TOO_FEW_POINTS,0.5393303737166367,0.0,True,False,1986E,True,,False,True,True,False,True,False,short_baseline
1987B,1987B,,TOO_FEW_POINTS,16,4730.832349420001,W1_only,12.95231307164956,,,Only 16 epochs (need 20),TOO_FEW_POINTS,12.95231307164956,0.0,True,False,1987B,True,,False,True,False,False,True,False,few_epochs
1988ai,1988ai,,TOO_FEW_POINTS,0,0.0,none,0.0,,,Only 1 valid W1 flux measurements,TOO_FEW_POINTS,0.0,0.0,True,False,1988ai,True,,False,False,False,False,True,False,too_few_points_other
1989ae,1989ae,0.09677260376953,OK,238,5101.188173909999,"W1,W2",13.966292057248458,-0.105148671692132,seasonal_median_flux,,OK,13.966292057248458,0.0,True,True,1989ae,True,,False,True,True,True,False,True,ok
1990Q,1990Q,,NO_DATA,0,0.0,none,0.0,,,No data returned from IRSA queries or failed all QA filters,NO_DATA,0.0,0.0,True,False,1990Q,True,,False,False,False,False,True,False,no_data
1991D,1991D,,TOO_FEW_POINTS,0,0.0,none,0.0,,,Only 1 valid W1 flux measurements,TOO_FEW_POINTS,0.0,0.0,True,False,1991D,True,,False,False,False,False,True,False,too_few_points_other
1992bk,1992bk,,TOO_FEW_POINTS,0,0.0,none,0.0,,,Only 1 valid W1 flux measurements,TOO_FEW_POINTS,0.0,0.0,True,False,1992bk,True,,False,False,False,False,True,False,too_few_points_other
1993G,1993G,,TOO_FEW_POINTS,0,0.0,none,0.0,,,Only 1 valid W1 flux measurements,TOO_FEW_POINTS,0.0,0.0,True,False,1993G,True,,False,False,False,False,True,False,too_few_points_other
1994G,1994G,,TOO_FEW_POINTS,0,0.0,none,0.0,,,Only 4 valid W1 flux measurements,TOO_FEW_POINTS,0.0,0.0,True,False,1994G,True,,False,False,False,False,True,False,too_few_points_other
1994I,1994I,,TOO_FEW_POINTS,0,0.0,none,0.0,,,Only 0 valid W1 flux measurements,TOO_FEW_POINTS,0.0,0.0,True,False,1994I,True,,False,False,False,False,True,False,too_few_points_other
1994M,1994M,0.2817847314310165,OK,21,3274.032755289998,"W1,W2",8.963813156167003,0.0,seasonal_median_flux,,OK,8.963813156167003,0.0,True,True,1994M,True,,False,True,True,False,False,True,ok
1995I,1995I,0.2435250480752346,OK,175,5272.0233048200025,"W1,W2",14.434013154880226,0.0481409948183004,seasonal_median_flux,,OK,14.434013154880226,0.0,True,True,1995I,True,,False,True,True,True,False,True,ok
1995T,1995T,0.0626614803964709,OK,190,5114.003974610001,"W1,W2",14.001379807282683,-0.0198564280578274,seasonal_median_flux,,OK,14.001379807282685,1.7763568394002505e-15,True,True,1995T,True,,False,True,True,True,False,True,ok
1995bc,1995bc,,TOO_FEW_POINTS,5,2749.479661950005,"W1,W2",7.527665056673524,,,Only 5 epochs (need 20),TOO_FEW_POINTS,7.527665056673524,0.0,True,False,1995bc,True,,False,True,True,False,True,False,few_epochs
1996bn,1996bn,,TOO_FEW_POINTS,35,198.39842379999752,"W1,W2",0.5431852807665914,,,Baseline 0.5 yr < 7.0 yr,TOO_FEW_POINTS,0.5431852807665914,0.0,True,False,1996bn,True,,False,True,True,False,True,False,short_baseline
1996ck,1996ck,0.5188236098643181,OK,63,5103.7851943299975,"W1,W2",13.973402311649547,0.232776826655509,seasonal_median_flux,,OK,13.973402311649549,1.7763568394002505e-15,True,True,1996ck,True,,False,True,True,True,False,True,ok
1997K,1997K,,TOO_FEW_POINTS,0,0.0,none,0.0,,,Only 1 valid W1 flux measurements,TOO_FEW_POINTS,0.0,0.0,True,False,1997K,True,,False,False,False,False,True,False,too_few_points_other
1997Q,1997Q,,TOO_FEW_POINTS,0,0.0,none,0.0,,,Only 0 valid W1 flux measurements,TOO_FEW_POINTS,0.0,0.0,True,False,1997Q,True,,False,False,False,False,True,False,too_few_points_other
1997S,1997S,,TOO_FEW_POINTS,0,0.0,none,0.0,,,Only 1 valid W1 flux measurements,TOO_FEW_POINTS,0.0,0.0,True,False,1997S,True,,False,False,False,False,True,False,too_few_points_other
1997bm,1997bm,,TOO_FEW_POINTS,5,2032.948880419994,"W1,W2",5.565910692457204,,,Only 5 epochs (need 20),TOO_FEW_POINTS,5.565910692457205,8.881784197001252e-16,True,False,1997bm,True,,False,True,True,False,True,False,few_epochs
1997bt,1997bt,0.6993112959462682,OK,197,5098.219330610002,"W1,W2",13.958163807282688,0.5901769602134956,seasonal_median_flux,,OK,13.958163807282688,0.0,True,True,1997bt,True,,False,True,True,True,False,True,ok
1997bx,1997bx,,TOO_FEW_POINTS,14,4935.172549370007,"W1,W2",13.511766048925413,,,Only 14 epochs (need 20),TOO_FEW_POINTS,13.511766048925413,0.0,True,False,1997bx,True,,False,True,True,False,True,False,few_epochs
1997cc,1997cc,,TOO_FEW_POINTS,9,3081.7902028499957,W1_only,8.437481732648859,,,Only 9 epochs (need 20),TOO_FEW_POINTS,8.437481732648859,0.0,True,False,1997cc,True,,False,True,False,False,True,False,few_epochs
1997ch,1997ch,,TOO_FEW_POINTS,0,0.0,none,0.0,,,Only 2 valid W1 flux measurements,TOO_FEW_POINTS,0.0,0.0,True,False,1997ch,True,,False,False,False,False,True,False,too_few_points_other
1998L,1998L,,TOO_FEW_POINTS,0,0.0,none,0.0,,,Only 1 valid W1 flux measurements,TOO_FEW_POINTS,0.0,0.0,True,False,1998L,True,,False,False,False,False,True,False,too_few_points_other
1998ao,1998ao,0.2379385812591034,OK,43,4939.794706580004,"W1,W2",13.52442082568105,0.0627104587525135,seasonal_median_flux,,OK,13.52442082568105,0.0,True,True,1998ao,True,,False,True,True,False,False,True,ok
1998av,1998av,,TOO_FEW_POINTS,8,4938.559280889996,W1_only,13.52103841448322,,,Only 8 epochs (need 20),TOO_FEW_POINTS,13.52103841448322,0.0,True,False,1998av,True,,False,True,False,False,True,False,few_epochs
1998az,1998az,,TOO_FEW_POINTS,0,0.0,none,0.0,,,Only 3 valid W1 flux measurements,TOO_FEW_POINTS,0.0,0.0,True,False,1998az,True,,False,False,False,False,True,False,too_few_points_other
1998ch,1998ch,0.2882070339340606,OK,77,5274.18462416,"W1,W2",14.43993052473648,0.2643256089449844,seasonal_median_flux,,OK,14.43993052473648,0.0,True,True,1998ch,True,,False,True,True,True,False,True,ok
1998dm,1998dm,,TOO_FEW_POINTS,10,3472.3938993099946,"W1,W2",9.506896370458575,,,Only 10 epochs (need 20),TOO_FEW_POINTS,9.506896370458575,0.0,True,False,1998dm,True,,False,True,True,False,True,False,few_epochs
1998dx,1998dx,0.5145828812032397,OK,152,4915.03357041,"W1,W2",13.45662852952772,-0.3543398081534371,seasonal_median_flux,,OK,13.45662852952772,0.0,True,True,1998dx,True,,False,True,True,True,False,True,ok
1998ex,1998ex,,TOO_FEW_POINTS,11,2909.650437849996,"W1,W2",7.966188741546874,,,Only 11 epochs (need 20),TOO_FEW_POINTS,7.966188741546874,0.0,True,False,1998ex,True,,False,True,True,False,True,False,few_epochs
1998ez,1998ez,0.1668695411141694,OK,129,5099.46452532,"W1,W2",13.961572964599588,0.0374242362687986,seasonal_median_flux,,OK,13.961572964599588,0.0,True,True,1998ez,True,,False,True,True,True,False,True,ok
1999D,1999D,,TOO_FEW_POINTS,0,0.0,none,0.0,,,Only 0 valid W1 flux measurements,TOO_FEW_POINTS,0.0,0.0,True,False,1999D,True,,False,False,False,False,True,False,too_few_points_other
1999H,1999H,0.6097346216221871,OK,80,5094.790838039997,"W1,W2",13.948777106201224,0.427918683617941,seasonal_median_flux,,OK,13.948777106201224,0.0,True,True,1999H,True,,False,True,True,True,False,True,ok
1999do,1999do,0.4350889402289746,OK,278,5114.329634550006,"W1,W2",14.002271415605763,-0.0789974707647625,seasonal_median_flux,,OK,14.002271415605765,1.7763568394002505e-15,True,True,1999do,True,,False,True,True,True,False,True,ok
1999dp,1999dp,0.1087972744601992,OK,222,3275.669147790002,"W1,W2",8.968293354661197,-0.0221153652888684,seasonal_median_flux,,OK,8.968293354661197,0.0,True,True,1999dp,True,,False,True,True,True,False,True,ok
1999dt,1999dt,0.1562157704561071,OK,123,5116.056861650002,"W1,W2",14.007000305681046,0.227586740935934,seasonal_median_flux,,OK,14.007000305681046,0.0,True,True,1999dt,True,,False,True,True,True,False,True,ok
1999dz,1999dz,0.1116023029064822,OK,191,5299.97118393,"W1,W2",14.510530277700203,0.0257182193630962,seasonal_median_flux,,OK,14.510530277700205,1.7763568394002505e-15,True,True,1999dz,True,,False,True,True,True,False,True,ok
1999ec,1999ec,,TOO_FEW_POINTS,0,0.0,none,0.0,,,Only 1 valid W1 flux measurements,TOO_FEW_POINTS,0.0,0.0,True,False,1999ec,True,,False,False,False,False,True,False,too_few_points_other
1999ee,1999ee,,TOO_FEW_POINTS,0,0.0,none,0.0,,,Only 0 valid W1 flux measurements,TOO_FEW_POINTS,0.0,0.0,True,False,1999ee,True,,False,False,False,False,True,False,too_few_points_other
1999el,1999el,,TOO_FEW_POINTS,6,2376.671405699999,"W1,W2",6.5069716788501,,,Only 6 epochs (need 20),TOO_FEW_POINTS,6.5069716788501,0.0,True,False,1999el,True,,False,True,True,False,True,False,few_epochs
1999eo,1999eo,,TOO_FEW_POINTS,5,3081.9793425099997,W1_only,8.43799956881588,,,Only 5 epochs (need 20),TOO_FEW_POINTS,8.43799956881588,0.0,True,False,1999eo,True,,False,True,False,False,True,False,few_epochs
1999gd,1999gd,0.23394569158539,OK,20,3079.8162544899974,"W1,W2",8.432077356577679,0.0,seasonal_median_flux,,OK,8.432077356577679,0.0,True,True,1999gd,True,,False,True,True,False,False,True,ok
1999gq,1999gq,0.2057275733739521,OK,51,5097.936271530001,"W1,W2",13.957388833757705,0.4306823507717773,seasonal_median_flux,,OK,13.957388833757703,1.7763568394002505e-15,True,True,1999gq,True,,False,True,True,True,False,True,ok
2000O,2000O,,TOO_FEW_POINTS,0,0.0,none,0.0,,,Only 0 valid W1 flux measurements,TOO_FEW_POINTS,0.0,0.0,True,False,2000O,True,,False,False,False,False,True,False,too_few_points_other
2000ao,2000ao,0.2399635626485473,OK,185,5273.419390479998,"W1,W2",14.437835429103348,-0.1255949144377269,seasonal_median_flux,,OK,14.437835429103348,0.0,True,True,2000ao,True,,False,True,True,True,False,True,ok
2000bk,2000bk,,TOO_FEW_POINTS,6,2545.7828257900037,"W1,W2",6.969973513456547,,,Only 6 epochs (need 20),TOO_FEW_POINTS,6.969973513456547,0.0,True,False,2000bk,True,,False,True,True,False,True,False,few_epochs
2000bt,2000bt,,TOO_FEW_POINTS,0,0.0,none,0.0,,,Only 1 valid W1 flux measurements,TOO_FEW_POINTS,0.0,0.0,True,False,2000bt,True,,False,False,False,False,True,False,too_few_points_other
2000dn,2000dn,,TOO_FEW_POINTS,16,3289.3326411599996,W1_only,9.005701960739218,,,Only 16 epochs (need 20),TOO_FEW_POINTS,9.005701960739218,0.0,True,False,2000dn,True,,False,True,False,False,True,False,few_epochs
2000dw,2000dw,0.6809886838880634,OK,202,5114.3432504500015,"W1,W2",14.002308693908288,0.5670324108342036,seasonal_median_flux,,OK,14.002308693908287,1.7763568394002505e-15,True,True,2000dw,True,,False,True,True,True,False,True,ok
2000em,2000em,0.5206285484255788,OK,87,5116.745244049998,"W1,W2",14.008884993976723,-0.1115625716162345,seasonal_median_flux,,OK,14.008884993976723,0.0,True,True,2000em,True,,False,True,True,True,False,True,ok
2000fu,2000fu,,TOO_FEW_POINTS,19,3451.897283400001,"W1,W2",9.450779694455855,,,Only 19 epochs (need 20),TOO_FEW_POINTS,9.450779694455855,0.0,True,False,2000fu,True,,False,True,True,False,True,False,few_epochs
2001ai,2001ai,,TOO_FEW_POINTS,31,2905.0722533700027,"W1,W2",7.953654355564689,,,Only 2 post-gap epochs (need 5); NEOWISE-R data missing or insufficient,TOO_FEW_POINTS,7.953654355564689,0.0,True,False,2001ai,True,,False,True,True,False,True,False,few_epochs
2001au,2001au,0.2435372134310502,OK,116,5275.345941079999,"W1,W2",14.443110037180013,0.2127325547881239,seasonal_median_flux,,OK,14.443110037180011,1.7763568394002505e-15,True,True,2001au,True,,False,True,True,True,False,True,ok
2001cl,2001cl,,TOO_FEW_POINTS,14,3107.962601230007,"W1,W2",8.509137854154707,,,Only 14 epochs (need 20),TOO_FEW_POINTS,8.509137854154707,0.0,True,False,2001cl,True,,False,True,True,False,True,False,few_epochs
3310492072379904,3310492072379904,0.195455151178447,OK,174,5096.321183530003,"W1,W2",13.95296696380562,0.0188169768416178,seasonal_median_flux,,OK,13.95296696380562,0.0,True,True,3310492072379904,True,,False,True,True,True,False,True,ok
3532799579575168,3532799579575168,0.548012611456089,OK,179,5096.367788789998,"W1,W2",13.953094562053382,0.175873294288513,seasonal_median_flux,,OK,13.953094562053382,0.0,True,True,3532799579575168,True,,False,True,True,True,False,True,ok
3555442647201408,3555442647201408,0.0837358364850503,OK,185,5096.4901606700005,"W1,W2",13.953429598001373,-0.2226721100126343,seasonal_median_flux,,OK,13.953429598001371,1.7763568394002505e-15,True,True,3555442647201408,True,,False,True,True,True,False,True,ok
3646014917806464,3646014917806464,0.1192161557113064,OK,213,5096.500093050003,"W1,W2",13.953456791375778,0.0906286594019511,seasonal_median_flux,,OK,13.953456791375778,0.0,True,True,3646014917806464,True,,False,True,True,True,False,True,ok
3822937505992960,3822937505992960,0.3104222838010734,OK,193,5096.384342810001,"W1,W2",13.953139884490078,0.0085406519258875,seasonal_median_flux,,OK,13.953139884490078,0.0,True,True,3822937505992960,True,,False,True,True,True,False,True,ok
3885330495346688,3885330495346688,0.0772668654574424,OK,182,5096.51333627,"W1,W2",13.953493049336071,0.0081664917874749,seasonal_median_flux,,OK,13.953493049336071,0.0,True,True,3885330495346688,True,,False,True,True,True,False,True,ok
3C 120,3C 120,0.6366682421734613,OK,218,5098.834231709996,"W1,W2",13.959847314743316,0.4042561562616225,seasonal_median_flux,,OK,13.959847314743316,0.0,True,True,3C 120,True,,False,True,True,True,False,True,ok
3C 232,3C 232,0.4128262262177594,OK,232,5098.584465,"W1,W2",13.959163490759751,0.0460219503262778,seasonal_median_flux,,OK,13.959163490759753,1.7763568394002505e-15,True,True,3C 232,True,,False,True,True,True,False,True,ok
3C 273,3C 273,0.5105034243860185,OK,233,5095.679095730004,"W1,W2",13.951209023216984,-0.1843016722456055,seasonal_median_flux,,OK,13.951209023216984,0.0,True,True,3C 273,True,,False,True,True,True,False,True,ok
3C 279,3C 279,0.8249998092651367,OK,191,5269.14904402,"W1,W2",14.426143857686515,0.2611901976717136,seasonal_median_flux,,OK,14.426143857686515,0.0,True,True,3C 279,True,,False,True,True,True,False,True,ok
3C 345,3C 345,0.7126662497916778,OK,505,5277.51728385,"W1,W2",14.449054849691992,-0.02926557572264,seasonal_median_flux,,OK,14.449054849691992,0.0,True,True,3C 345,True,,False,True,True,True,False,True,ok
3C 351,3C 351,0.4819937728085044,OK,744,5277.740526580004,"W1,W2",14.449666054976056,0.0417387651857847,seasonal_median_flux,,OK,14.449666054976056,0.0,True,True,3C 351,True,,False,True,True,True,False,True,ok
3C 371,3C 371,0.5543557562599758,OK,1333,5115.064500600005,"W1,W2",14.004283369199191,-0.024106807746932,seasonal_median_flux,,OK,14.004283369199193,1.7763568394002505e-15,True,True,3C 371,True,,False,True,True,True,False,True,ok
3C 382.0,3C 382.0,0.587954446497077,OK,333,5117.1652597099965,"W1,W2",14.010034934182055,-0.5423540093357666,seasonal_median_flux,,OK,14.010034934182057,1.7763568394002505e-15,True,True,3C 382.0,True,,False,True,True,True,False,True,ok
3C 446,3C 446,0.689993808682749,OK,202,5113.961700150001,"W1,W2",14.0012640661191,-0.1256131829263529,seasonal_median_flux,,OK,14.001264066119099,1.7763568394002505e-15,True,True,3C 446,True,,False,True,True,True,False,True,ok
3C 66A,3C 66A,0.6521291301027625,OK,179,5096.12775688,"W1,W2",13.952437390499655,-0.9603771811294204,seasonal_median_flux,,OK,13.952437390499657,1.7763568394002505e-15,True,True,3C 66A,True,,False,True,True,True,False,True,ok
4613348927136384,4613348927136384,,TOO_FEW_POINTS,0,0.0,none,0.0,,,Only 1 valid W1 flux measurements,TOO_FEW_POINTS,0.0,0.0,True,False,4613348927136384,True,,False,False,False,False,True,False,too_few_points_other
4645750160709248,4645750160709248,0.8421789664240723,OK,190,5096.470295940002,"W1,W2",13.953375211334707,0.537504487993528,seasonal_median_flux,,OK,13.953375211334707,0.0,True,True,4645750160709248,True,,False,True,True,True,False,True,ok
4952372170242944,4952372170242944,0.1415948681406997,OK,91,5096.344485870002,"W1,W2",13.95303076213553,-0.1693826843461963,seasonal_median_flux,,OK,13.95303076213553,0.0,True,True,4952372170242944,True,,False,True,True,True,False,True,ok
4C 29.45,4C 29.45,0.6373001299825053,OK,135,5098.245538859999,"W1,W2",13.958235561560572,-0.2574792302885516,seasonal_median_flux,,OK,13.958235561560572,0.0,True,True,4C 29.45,True,,False,True,True,True,False,True,ok
4C 34.47,4C 34.47,0.5290099567200833,OK,415,5117.290773340006,"W1,W2",14.010378571772776,0.0958112539913523,seasonal_median_flux,,OK,14.010378571772776,0.0,True,True,4C 34.47,True,,False,True,True,True,False,True,ok
5054111356737024,5054111356737024,0.7060904416796688,OK,217,5096.21880327,"W1,W2",13.952686661930183,0.5876074942795707,seasonal_median_flux,,OK,13.952686661930183,0.0,True,True,5054111356737024,True,,False,True,True,True,False,True,ok
5190760035117568,5190760035117568,0.4344547253176712,OK,220,5096.579551760005,"W1,W2",13.953674337467502,0.1364106320998811,seasonal_median_flux,,OK,13.953674337467502,0.0,True,True,5190760035117568,True,,False,True,True,True,False,True,ok
5220790446842240,5220790446842240,0.2768766373537208,OK,33,3273.1608374999996,"W1,W2",8.961425975359342,0.2476949039405392,seasonal_median_flux,,OK,8.961425975359342,0.0,True,True,5220790446842240,True,,False,True,True,False,False,True,ok
5313600395193728,5313600395193728,0.1629142450416717,OK,189,5096.556376510001,"W1,W2",13.953610887091038,0.0070750971290527,seasonal_median_flux,,OK,13.953610887091038,0.0,True,True,5313600395193728,True,,False,True,True,True,False,True,ok
5714814765676928,5714814765676928,0.1487497694710461,OK,52,5095.854616010001,"W1,W2",13.951689571553734,0.2663717844518366,seasonal_median_flux,,OK,13.951689571553734,0.0,True,True,5714814765676928,True,,False,True,True,True,False,True,ok
5856445606238336,5856445606238336,0.213701111871594,OK,216,5096.096303520004,"W1,W2",13.952351275893234,0.1580407426746877,seasonal_median_flux,,OK,13.952351275893234,0.0,True,True,5856445606238336,True,,False,True,True,True,False,True,ok
5920045482070528,5920045482070528,0.1415442258017673,OK,192,5096.38396051,"W1,W2",13.95313883780972,-0.0087651793653607,seasonal_median_flux,,OK,13.95313883780972,0.0,True,True,5920045482070528,True,,False,True,True,True,False,True,ok
5928944654308352,5928944654308352,0.6375916643497501,OK,47,5095.348192079997,"W1,W2",13.95030305839835,0.3590203203536909,seasonal_median_flux,,OK,13.95030305839835,0.0,True,True,5928944654308352,True,,False,True,True,False,False,True,ok
6062299094282624,6062299094282624,,TOO_FEW_POINTS,34,365.0592895999944,"W1,W2",0.9994778633812303,,,Baseline 1.0 yr < 7.0 yr,TOO_FEW_POINTS,0.9994778633812303,0.0,True,False,6062299094282624,True,,False,True,True,False,True,False,short_baseline
6111399160366080,6111399160366080,0.2421381275961604,OK,179,5096.102797799998,"W1,W2",13.95236905626283,-0.1653058005144169,seasonal_median_flux,,OK,13.95236905626283,0.0,True,True,6111399160366080,True,,False,True,True,True,False,True,ok
6151771852919552,6151771852919552,0.2636656347570054,OK,199,5096.109419570006,"W1,W2",13.952387185681058,-0.0201652813341135,seasonal_median_flux,,OK,13.952387185681058,0.0,True,True,6151771852919552,True,,False,True,True,True,False,True,ok
6258695063604736,6258695063604736,0.5136498263480889,OK,195,5096.463674229999,"W1,W2",13.953357082080764,0.2488528145192406,seasonal_median_flux,,OK,13.953357082080764,0.0,True,True,6258695063604736,True,,False,True,True,True,False,True,ok
6288970288166784,6288970288166784,0.0777189520794485,OK,120,5096.016972329999,"W1,W2",13.952134078932234,-0.0112036813082678,seasonal_median_flux,,OK,13.952134078932234,0.0,True,True,6288970288166784,True,,False,True,True,True,False,True,ok
6513300724650880,6513300724650880,0.157263117811796,OK,147,5096.470168499996,"W1,W2",13.953374862422988,-0.1088922577462531,seasonal_median_flux,,OK,13.953374862422988,0.0,True,True,6513300724650880,True,,False,True,True,True,False,True,ok
6766085319816704,6766085319816704,0.172469530587604,OK,211,5096.53651156,"W1,W2",13.95355649982204,-0.176073943841312,seasonal_median_flux,,OK,13.953556499822039,1.7763568394002505e-15,True,True,6766085319816704,True,,False,True,True,True,False,True,ok
6802059965763456,6802059965763456,0.2,OK,23,4935.892930839997,"W1,W2",13.51373834590006,0.0,seasonal_median_flux,,OK,13.513738345900059,1.7763568394002505e-15,True,True,6802059965763456,True,,False,True,True,False,False,True,ok
6827348733385856,6827348733385856,0.1079840445586058,OK,196,5096.549754810003,"W1,W2",13.953592757864484,0.0854675058947599,seasonal_median_flux,,OK,13.953592757864484,0.0,True,True,6827348733385856,True,,False,True,True,True,False,True,ok
6940838949258240,6940838949258240,0.2369057492810418,OK,102,5096.119606870001,"W1,W2",13.952415076988366,0.2151529437442217,seasonal_median_flux,,OK,13.952415076988366,0.0,True,True,6940838949258240,True,,False,True,True,True,False,True,ok
6993551083342976,6993551083342976,0.1573845538726219,OK,137,5096.526578960002,"W1,W2",13.953529305845317,-0.3560142896920683,seasonal_median_flux,,OK,13.953529305845317,0.0,True,True,6993551083342976,True,,False,True,True,True,False,True,ok
7017568540477440,7017568540477440,0.0877328961007315,OK,176,5096.384342800004,"W1,W2",13.953139884462706,-0.0399266177241004,seasonal_median_flux,,OK,13.953139884462706,0.0,True,True,7017568540477440,True,,False,True,True,True,False,True,ok
7077144031287808,7077144031287808,0.1741890975535732,OK,120,5096.414012360001,"W1,W2",13.9532211152909,-0.0531591750296488,seasonal_median_flux,,OK,13.9532211152909,0.0,True,True,7077144031287808,True,,False,True,True,True,False,True,ok
7106010507061632,7106010507061632,0.2554194060620082,OK,141,5096.410828760003,"W1,W2",13.95321239906914,0.1232311329387487,seasonal_median_flux,,OK,13.95321239906914,0.0,True,True,7106010507061632,True,,False,True,True,True,False,True,ok
7388752498494208,7388752498494208,0.2617943838252831,OK,128,5096.510025470001,"W1,W2",13.953483984859687,-0.1823235615458645,seasonal_median_flux,,OK,13.953483984859687,0.0,True,True,7388752498494208,True,,False,True,True,True,False,True,ok
7451665179765376,7451665179765376,0.4709474929686453,OK,224,5096.241978760001,"W1,W2",13.952750112963727,0.1823258012073202,seasonal_median_flux,,OK,13.952750112963727,0.0,True,True,7451665179765376,True,,False,True,True,True,False,True,ok
7627655759471360,7627655759471360,0.088410953920399,OK,173,5096.126228000001,"W1,W2",13.95243320465435,-0.0547969287907334,seasonal_median_flux,,OK,13.95243320465435,0.0,True,True,7627655759471360,True,,False,True,True,True,False,True,ok
7866077983944448,7866077983944448,0.5444101589745938,OK,179,5096.361167110001,"W1,W2",13.95307643288159,-0.2351067638795318,seasonal_median_flux,,OK,13.95307643288159,0.0,True,True,7866077983944448,True,,False,True,True,True,False,True,ok
7939161147436672,7939161147436672,0.1807634294662783,OK,201,5096.426873709999,"W1,W2",13.953256327748116,-0.0282774180055728,seasonal_median_flux,,OK,13.953256327748116,0.0,True,True,7939161147436672,True,,False,True,True,True,False,True,ok
8011419677274240,8011419677274240,0.3985344561239669,OK,228,5096.56299808,"W1,W2",13.95362901596167,-0.1533805775014786,seasonal_median_flux,,OK,13.95362901596167,0.0,True,True,8011419677274240,True,,False,True,True,True,False,True,ok
8155597434951296,8155597434951296,0.1874682136073431,OK,77,5096.017099500001,"W1,W2",13.952134427104724,0.0390507275722053,seasonal_median_flux,,OK,13.952134427104724,0.0,True,True,8155597434951296,True,,False,True,True,True,False,True,ok
8261936529703936,8261936529703936,0.3020192796124653,OK,37,3113.3143967399956,"W1,W2",8.5237902717043,0.1639641955968387,seasonal_median_flux,,OK,8.5237902717043,0.0,True,True,8261936529703936,True,,False,True,True,False,False,True,ok
8286538102441600,8286538102441600,0.4244466254954545,OK,203,5096.443427309998,"W1,W2",13.953301649034902,0.129138787831879,seasonal_median_flux,,OK,13.953301649034902,0.0,True,True,8286538102441600,True,,False,True,True,True,False,True,ok
8314820462535424,8314820462535424,0.1373773927105435,OK,194,5096.549754810003,"W1,W2",13.953592757864484,0.129582281848993,seasonal_median_flux,,OK,13.953592757864484,0.0,True,True,8314820462535424,True,,False,True,True,True,False,True,ok
8322340949965312,8322340949965312,0.1184610453660886,OK,124,5096.298389539996,"W1,W2",13.952904557262135,0.1442801770972155,seasonal_median_flux,,OK,13.952904557262137,1.7763568394002505e-15,True,True,8322340949965312,True,,False,True,True,True,False,True,ok
8328117681250688,8328117681250688,0.1493563938976871,OK,168,5096.559177969997,"W1,W2",13.953618557070492,-0.2569466888617853,seasonal_median_flux,,OK,13.953618557070492,0.0,True,True,8328117681250688,True,,False,True,True,True,False,True,ok
8578802037330816,8578802037330816,0.0510024915998221,OK,172,5096.519957390003,"W1,W2",13.953511176974684,-0.0122630531081218,seasonal_median_flux,,OK,13.953511176974683,1.7763568394002505e-15,True,True,8578802037330816,True,,False,True,True,True,False,True,ok
8781765011889024,8781765011889024,0.2324993817374813,OK,47,5095.874862730001,"W1,W2",13.951745004052022,0.4151136599495559,seasonal_median_flux,,OK,13.951745004052022,0.0,True,True,8781765011889024,True,,False,True,True,False,False,True,ok
8797952743613440,8797952743613440,0.4725607918754396,OK,203,5096.543133249994,"W1,W2",13.9535746290212,-0.0139708709755821,seasonal_median_flux,,OK,13.953574629021201,1.7763568394002505e-15,True,True,8797952743613440,True,,False,True,True,True,False,True,ok
8902505132032384,8902505132032384,0.1645315255858002,OK,193,5096.5100255299985,"W1,W2",13.953483985023952,0.0626205443021795,seasonal_median_flux,,OK,13.953483985023952,0.0,True,True,8902505132032384,True,,False,True,True,True,False,True,ok
9159172377805696,9159172377805696,0.0635388158899367,OK,193,5099.227421950003,"W1,W2",13.960923810951412,0.0786539417851542,seasonal_median_flux,,OK,13.960923810951412,0.0,True,True,9159172377805696,True,,False,True,True,True,False,True,ok
9517651823494656,9517651823494656,0.1455120356983682,OK,167,5096.420379739997,"W1,W2",13.953238548227231,-0.0115415051178698,seasonal_median_flux,,OK,13.953238548227233,1.7763568394002505e-15,True,True,9517651823494656,True,,False,True,True,True,False,True,ok
9792426651349120,9792426651349120,0.172958222074562,OK,159,5098.548720519997,"W1,W2",13.959065627707044,-0.0086634428236074,seasonal_median_flux,,OK,13.959065627707043,1.7763568394002505e-15,True,True,9792426651349120,True,,False,True,True,True,False,True,ok
9921756706043776,9921756706043776,0.2649466213141804,OK,103,5098.827080870004,"W1,W2",13.959827736810414,0.1844455577540551,seasonal_median_flux,,OK,13.959827736810414,0.0,True,True,9921756706043776,True,,False,True,True,True,False,True,ok
AKN 120,AKN 120,0.5665394107627462,OK,253,5100.004239180002,"W1,W2",13.963050620616022,-0.3344771925673304,seasonal_median_flux,,OK,13.963050620616022,0.0,True,True,AKN 120,True,,False,True,True,True,False,True,ok
B2,B2,0.0604727458013812,OK,220,5098.470823520001,"W1,W2",13.95885235734429,-0.0026452129587498,seasonal_median_flux,,OK,13.95885235734429,0.0,True,True,B2,True,,True,True,True,True,False,True,ok
BL Lac,BL Lac,0.7953332265218098,OK,247,5114.356492899999,"W1,W2",14.002344949760436,0.8252714320173409,seasonal_median_flux,,OK,14.002344949760435,1.7763568394002505e-15,True,True,BL Lac,True,,False,True,True,True,False,True,ok
Fairall 9,Fairall 9,0.5817097807228772,OK,247,5113.906829419997,"W1,W2",14.001113838247766,0.2346528633031218,seasonal_median_flux,,OK,14.001113838247766,0.0,True,True,Fairall 9,True,,False,True,True,True,False,True,ok
HE 1136-2304,HE 1136-2304,,TOO_FEW_POINTS,0,0.0,none,0.0,,,Only 1 valid W1 flux measurements,TOO_FEW_POINTS,0.0,0.0,True,False,HE 1136-2304,True,,False,False,False,False,True,False,too_few_points_other
HS,HS,0.0428728737341924,OK,872,5275.576851190002,"W1,W2",14.44374223460644,-0.0024405138138648,seasonal_median_flux,,OK,14.443742234606441,1.7763568394002505e-15,True,True,HS,True,,True,True,True,True,False,True,ok
IIIZw 2,IIIZw 2,0.5332214942034638,OK,180,5116.754284360002,"W1,W2",14.008909744996584,-0.299019784407237,seasonal_median_flux,,OK,14.008909744996584,0.0,True,True,IIIZw 2,True,,False,True,True,True,False,True,ok
IIZw 1,IIZw 1,0.4866333940701082,OK,202,5299.313003149997,"W1,W2",14.5087282769336,-0.0961690113040365,seasonal_median_flux,,OK,14.5087282769336,0.0,True,True,IIZw 1,True,,False,True,True,True,False,True,ok
IIZw 136,IIZw 136,0.5473068949566349,OK,248,5114.056558490003,"W1,W2",14.00152377409994,0.1249245237478091,seasonal_median_flux,,OK,14.00152377409994,0.0,True,True,IIZw 136,True,,False,True,True,True,False,True,ok
MR,MR,0.5610524559599588,OK,140,5113.7829251400035,"W1,W2",14.000774606817258,-0.3174381164709067,seasonal_median_flux,,OK,14.000774606817258,0.0,True,True,MR,True,,True,True,True,True,False,True,ok
Mrk 1383,Mrk 1383,0.5109987086765151,OK,207,5274.8895621300035,"W1,W2",14.441860539712534,-0.1392152762307092,seasonal_median_flux,,OK,14.441860539712534,0.0,True,True,Mrk 1383,True,,False,True,True,True,False,True,ok
Mrk 180,Mrk 180,0.5109117555591937,OK,367,5099.872759090002,"W1,W2",13.962690647748122,-0.1498361281003886,seasonal_median_flux,,OK,13.962690647748122,0.0,True,True,Mrk 180,True,,False,True,True,True,False,True,ok
Mrk 205,Mrk 205,0.5556617232585336,OK,495,5098.946246890002,"W1,W2",13.960153995592066,0.1556286756850563,seasonal_median_flux,,OK,13.960153995592066,0.0,True,True,Mrk 205,True,,False,True,True,True,False,True,ok
Mrk 421,Mrk 421,0.5676266092825044,OK,259,5098.402512219996,"W1,W2",13.9586653311978,-0.117709757287003,seasonal_median_flux,,OK,13.9586653311978,0.0,True,True,Mrk 421,True,,False,True,True,True,False,True,ok
Mrk 501,Mrk 501,0.4906381081937133,OK,397,5114.527895129999,"W1,W2",14.002814223490756,0.0255194326662638,seasonal_median_flux,,OK,14.002814223490757,1.7763568394002505e-15,True,True,Mrk 501,True,,False,True,True,True,False,True,ok
Mrk 734,Mrk 734,0.5061886622275253,OK,223,5095.446521539998,"W1,W2",13.950572269787813,0.181303735893943,seasonal_median_flux,,OK,13.950572269787811,1.7763568394002505e-15,True,True,Mrk 734,True,,False,True,True,True,False,True,ok
NGC 1275,NGC 1275,0.6405427000893436,OK,167,5098.912652600004,"W1,W2",13.96006201943875,0.4917668506786096,seasonal_median_flux,,OK,13.96006201943875,0.0,True,True,NGC 1275,True,,False,True,True,True,False,True,ok
NGC 1566,NGC 1566,0.5761376830425158,OK,534,5306.512096110004,"W1,W2",14.52843831926079,-0.1241925982942715,seasonal_median_flux,,OK,14.52843831926079,0.0,True,True,NGC 1566,True,,False,True,True,True,False,True,ok
NGC 3516,NGC 3516,0.6411904341423882,OK,439,5098.987122220002,"W1,W2",13.96026590614648,0.1712635191301474,seasonal_median_flux,,OK,13.96026590614648,0.0,True,True,NGC 3516,True,,False,True,True,True,False,True,ok
NGC 5273,NGC 5273,,TOO_FEW_POINTS,0,0.0,none,0.0,,,Only 2 valid W1 flux measurements,TOO_FEW_POINTS,0.0,0.0,True,False,NGC 5273,True,,False,False,False,False,True,False,too_few_points_other
NGC 5548,NGC 5548,,NO_DATA,0,0.0,none,0.0,,,No data returned from IRSA queries or failed all QA filters,NO_DATA,0.0,0.0,True,False,NGC 5548,True,,False,False,False,False,True,False,no_data
NGC 7582,NGC 7582,0.4140273311911018,OK,31,5113.524164809998,"W1,W2",14.000066159644074,0.0,seasonal_median_flux,,OK,14.000066159644074,0.0,True,True,NGC 7582,True,,False,True,True,False,False,True,ok
NGC 7603,NGC 7603,,TOO_FEW_POINTS,0,0.0,none,0.0,,,Only 3 valid W1 flux measurements,TOO_FEW_POINTS,0.0,0.0,True,False,NGC 7603,True,,False,False,False,False,True,False,too_few_points_other
OJ 287,OJ 287,0.6017881095639926,OK,222,5096.024725839998,"W1,W2",13.952155306885688,0.3516834368354969,seasonal_median_flux,,OK,13.952155306885688,0.0,True,True,OJ 287,True,,False,True,True,True,False,True,ok
PG,PG,0.5200139203745514,OK,253,5104.948664900003,"W1,W2",13.976587720465442,-0.1540359719368708,seasonal_median_flux,,OK,13.976587720465442,0.0,True,True,PG,True,,True,True,True,True,False,True,ok
PKS,PKS,0.4566784742990529,OK,181,5272.616948349998,"W1,W2",14.4356384622861,-0.0687393276987842,seasonal_median_flux,,OK,14.4356384622861,0.0,True,True,PKS,True,,True,True,True,True,False,True,ok
SDSSJJ005813.68+001409.09,SDSSJ005813.68+001409.09,0.2727415563029431,OK,83,5114.021383730003,"W1,W2",14.001427470855589,0.0762673829130732,seasonal_median_flux,,OK,14.001427470855587,1.7763568394002505e-15,True,True,SDSSJ005813.68+001409.09,True,sdss_double_j,False,True,True,True,False,True,ok
SDSSJJ012256.19-000252.68,SDSSJ012256.19-000252.68,0.5689008316421804,OK,156,5299.6914505400055,"W1,W2",14.509764409418224,0.3334366019095692,seasonal_median_flux,,OK,14.509764409418223,1.7763568394002505e-15,True,True,SDSSJ012256.19-000252.68,True,sdss_double_j,False,True,True,True,False,True,ok
SDSSJJ015653.16-004623.28,SDSSJ015653.16-004623.28,0.3632638618156712,OK,217,5301.0060277899975,"W1,W2",14.51336352577686,-0.2891550826220258,seasonal_median_flux,,OK,14.513363525776859,1.7763568394002505e-15,True,True,SDSSJ015653.16-004623.28,True,sdss_double_j,False,True,True,True,False,True,ok
SDSSJJ015726.00-000602.15,SDSSJ015726.00-000602.15,0.2870565836726815,OK,178,5301.123813210004,"W1,W2",14.513686004681736,-0.2344647818133088,seasonal_median_flux,,OK,14.513686004681736,0.0,True,True,SDSSJ015726.00-000602.15,True,sdss_double_j,False,True,True,True,False,True,ok
SDSSJJ020222.00+010557.11,SDSSJ020222.00+010557.11,0.6690476782771857,OK,147,5300.560716709995,"W1,W2",14.512144330485956,-0.4350694670110582,seasonal_median_flux,,OK,14.512144330485956,0.0,True,True,SDSSJ020222.00+010557.11,True,sdss_double_j,False,True,True,True,False,True,ok
SDSSJJ022930.91-000845.37,SDSSJ022930.91-000845.37,0.6443719923024547,OK,208,5304.715851070003,"W1,W2",14.523520468364142,-0.3006145009622831,seasonal_median_flux,,OK,14.523520468364142,0.0,True,True,SDSSJ022930.91-000845.37,True,sdss_double_j,False,True,True,True,False,True,ok
SDSSJJ025410.08+034911.9,SDSSJ025410.08+034911.9,0.680954769053413,OK,207,5096.450430950004,"W1,W2",13.953320823956206,0.5362738676664467,seasonal_median_flux,,OK,13.953320823956206,0.0,True,True,SDSSJ025410.08+034911.9,True,sdss_double_j,False,True,True,True,False,True,ok
SDSSJ074511.98+380911.3,SDSSJ074511.98+380911.3,0.4335295921022778,OK,210,5098.462999769996,"W1,W2",13.958830937084178,-0.0399384020983716,seasonal_median_flux,,OK,13.958830937084178,0.0,True,True,SDSSJ074511.98+380911.3,True,,False,True,True,True,False,True,ok
SDSSJJ080138.67+423354.1,SDSSJ080138.67+423354.1,0.1000676146394705,OK,187,5098.721880649995,"W1,W2",13.959539714305256,0.047341643402344,seasonal_median_flux,,OK,13.959539714305256,0.0,True,True,SDSSJ080138.67+423354.1,True,sdss_double_j,False,True,True,True,False,True,ok
SDSSJJ081319.34+460849.5,SDSSJ081319.34+460849.5,0.4343347131428169,OK,267,5098.8172545599955,"W1,W2",13.959800833839823,0.1033828875143673,seasonal_median_flux,,OK,13.959800833839823,0.0,True,True,SDSSJ081319.34+460849.5,True,sdss_double_j,False,True,True,True,False,True,ok
SDSSJJ081425.89+294115.6,SDSSJ081425.89+294115.6,0.7042498613756637,OK,224,5098.70558193,"W1,W2",13.95949509084189,0.5591701911236531,seasonal_median_flux,,OK,13.95949509084189,0.0,True,True,SDSSJ081425.89+294115.6,True,sdss_double_j,False,True,True,True,False,True,ok
SDSSJJ082323.88+422048.2,SDSSJ082323.88+422048.2,0.757733894073395,OK,253,5098.611096459994,"W1,W2",13.95923640372346,0.4367163062120698,seasonal_median_flux,,OK,13.95923640372346,0.0,True,True,SDSSJ082323.88+422048.2,True,sdss_double_j,False,True,True,True,False,True,ok
SDSSJJ082942.66+415436.8,SDSSJ082942.66+415436.8,0.6771920586265717,OK,255,5098.573278289994,"W1,W2",13.959132863216958,0.416279429170353,seasonal_median_flux,,OK,13.959132863216958,0.0,True,True,SDSSJ082942.66+415436.8,True,sdss_double_j,False,True,True,True,False,True,ok
SDSSJJ090258.39+252915.15,SDSSJ090258.39+252915.15,0.5708695166628968,OK,209,5096.016575959999,"W1,W2",13.952132993730318,-0.2092500240434023,seasonal_median_flux,,OK,13.952132993730318,0.0,True,True,SDSSJ090258.39+252915.15,True,sdss_double_j,False,True,True,True,False,True,ok
SDSSJJ091407.16+243633.08,SDSSJ091407.16+243633.08,0.7104982763006243,OK,160,5095.680523489995,"W1,W2",13.9512129322108,0.4727573762395194,seasonal_median_flux,,OK,13.951212932210801,1.7763568394002505e-15,True,True,SDSSJ091407.16+243633.08,True,sdss_double_j,False,True,True,True,False,True,ok
SDSSJJ093812.27+074340.0,SDSSJ093812.27+074340.0,0.521702534541269,OK,230,5098.471389649996,"W1,W2",13.95885390732374,0.1263454718793117,seasonal_median_flux,,OK,13.958853907323741,1.7763568394002505e-15,True,True,SDSSJ093812.27+074340.0,True,sdss_double_j,False,True,True,True,False,True,ok
SDSSJJ094443.08+580953.2,SDSSJ094443.08+580953.2,0.405601188071642,OK,345,5098.65859033,"W1,W2",13.95936643485284,0.0680353263570221,seasonal_median_flux,,OK,13.959366434852841,1.7763568394002505e-15,True,True,SDSSJ094443.08+580953.2,True,sdss_double_j,False,True,True,True,False,True,ok
SDSSJJ100256.22+475027.7,SDSSJ100256.22+475027.7,0.7191303316273132,OK,291,5101.828652420001,"W1,W2",13.968045591841207,0.6457893707135234,seasonal_median_flux,,OK,13.968045591841207,0.0,True,True,SDSSJ100256.22+475027.7,True,sdss_double_j,False,True,True,True,False,True,ok
SDSSJJ101322.43+214021.74,SDSSJ101322.43+214021.74,0.7297546742318493,OK,180,5098.376905229998,"W1,W2",13.958595223080076,-0.5098430089786988,seasonal_median_flux,,OK,13.958595223080076,0.0,True,True,SDSSJ101322.43+214021.74,True,sdss_double_j,False,True,True,True,False,True,ok
SDSSJ102152.34+464515.6,SDSSJ102152.34+464515.6,0.5985735586890277,OK,221,5098.634630679997,"W1,W2",13.95930083690622,-0.4433461911228715,seasonal_median_flux,,OK,13.95930083690622,0.0,True,True,SDSSJ102152.34+464515.6,True,,False,True,True,True,False,True,ok
SDSSJJ105058.42+241351.18,SDSSJ105058.42+241351.18,0.4954773699464684,OK,240,5098.042150510002,"W1,W2",13.95767871460644,-0.1363329371214837,seasonal_median_flux,,OK,13.95767871460644,0.0,True,True,SDSSJ105058.42+241351.18,True,sdss_double_j,False,True,True,True,False,True,ok
SDSSJJ105325.40+302419.34,SDSSJ105325.40+302419.34,0.5579657491315172,OK,255,5098.362785030004,"W1,W2",13.958556564079409,-0.5883952016717737,seasonal_median_flux,,OK,13.958556564079407,1.7763568394002505e-15,True,True,SDSSJ105325.40+302419.34,True,sdss_double_j,False,True,True,True,False,True,ok
SDSSJJ110501.26+562724.5,SDSSJ110501.26+562724.5,0.6211983259475093,OK,245,5098.856840910004,"W1,W2",13.959909215359357,-0.8110481646155981,seasonal_median_flux,,OK,13.959909215359355,1.7763568394002505e-15,True,True,SDSSJ110501.26+562724.5,True,sdss_double_j,False,True,True,True,False,True,ok
SDSSJJ113706.93+481943.68,SDSSJ113706.93+481943.68,0.6503616969373622,OK,212,5098.394617549995,"W1,W2",13.958643716769322,-0.2729901675785188,seasonal_median_flux,,OK,13.958643716769322,0.0,True,True,SDSSJ113706.93+481943.68,True,sdss_double_j,False,True,True,True,False,True,ok
SDSSJJ114408.90+424357.5,SDSSJ114408.90+424357.5,0.4695424904947837,OK,212,5098.246787709999,"W1,W2",13.958238980725527,-0.1805831889766336,seasonal_median_flux,,OK,13.958238980725527,0.0,True,True,SDSSJ114408.90+424357.5,True,sdss_double_j,False,True,True,True,False,True,ok
SDSSJ115355.88+112554.2,SDSSJ115355.88+112554.2,0.2170914066612593,OK,183,5098.165089779999,"W1,W2",13.95801530398357,-0.0407274751854086,seasonal_median_flux,,OK,13.95801530398357,0.0,True,True,SDSSJ115355.88+112554.2,True,,False,True,True,True,False,True,ok
SDSSJJ120442.10+275411.8,SDSSJ120442.10+275411.8,0.5323771416525506,OK,74,5097.739002379996,"W1,W2",13.956848740260083,0.110911011986569,seasonal_median_flux,,OK,13.956848740260085,1.7763568394002505e-15,True,True,SDSSJ120442.10+275411.8,True,sdss_double_j,False,True,True,True,False,True,ok
SDSSJ123359.12+084211.5,SDSSJ123359.12+084211.5,0.5888180028043958,OK,170,4936.0469741199995,"W1,W2",13.514160093415468,0.2899071390427852,seasonal_median_flux,,OK,13.514160093415468,0.0,True,True,SDSSJ123359.12+084211.5,True,,False,True,True,True,False,True,ok
SDSSJJ124946.13+365204.21,SDSSJ124946.13+365204.21,0.603605113878842,OK,293,5098.421166480002,"W1,W2",13.95871640377824,-0.263315934854849,seasonal_median_flux,,OK,13.95871640377824,0.0,True,True,SDSSJ124946.13+365204.21,True,sdss_double_j,False,True,True,True,False,True,ok
SDSSJ141213.61+021202.1,SDSSJ141213.61+021202.1,0.6275339387025134,OK,215,5274.247075829997,"W1,W2",14.44010150809034,0.372707427095736,seasonal_median_flux,,OK,14.44010150809034,0.0,True,True,SDSSJ141213.61+021202.1,True,,False,True,True,True,False,True,ok
SDSSJJ141324.27+530527.0,SDSSJ141324.27+530527.0,0.7612271583998753,OK,404,5098.9474546799975,"W1,W2",13.960157302340855,0.0916098398586898,seasonal_median_flux,,OK,13.960157302340855,0.0,True,True,SDSSJ141324.27+530527.0,True,sdss_double_j,False,True,True,True,False,True,ok
SDSSJJ143040.58+364903.90,SDSSJ143040.58+364903.90,0.3821875162279942,OK,304,5277.417393230004,"W1,W2",14.448781364079409,0.4955433270427545,seasonal_median_flux,,OK,14.448781364079407,1.7763568394002505e-15,True,True,SDSSJ143040.58+364903.90,True,sdss_double_j,False,True,True,True,False,True,ok
SDSSJ153612.80+034245.7,SDSSJ153612.80+034245.7,0.7313722515825071,OK,269,5276.732379820001,"W1,W2",14.446905899575636,-0.9251054882140788,seasonal_median_flux,,OK,14.446905899575636,0.0,True,True,SDSSJ153612.80+034245.7,True,,False,True,True,True,False,True,ok
SDSSJ153734.06+461358.9,SDSSJ153734.06+461358.9,0.4326516474251594,OK,417,5274.670732670005,"W1,W2",14.441261417303233,-0.0186594126989128,seasonal_median_flux,,OK,14.441261417303231,1.7763568394002505e-15,True,True,SDSSJ153734.06+461358.9,True,,False,True,True,True,False,True,ok
SDSSJ160111.26+474509.6,SDSSJ160111.26+474509.6,0.4393745242995799,OK,411,5275.901768980002,"W1,W2",14.444631811033544,0.1963685924092912,seasonal_median_flux,,OK,14.444631811033544,0.0,True,True,SDSSJ160111.26+474509.6,True,,False,True,True,True,False,True,ok
SDSSJ161407.07+513354.5,SDSSJ161407.07+513354.5,0.4494019024993901,OK,616,5275.917305269999,"W1,W2",14.444674347077342,-0.0973309791564703,seasonal_median_flux,,OK,14.444674347077342,0.0,True,True,SDSSJ161407.07+513354.5,True,,False,True,True,True,False,True,ok
SDSSJ161711.42+063833.4,SDSSJ161711.42+063833.4,0.6362478156233452,OK,273,5276.768545530002,"W1,W2",14.447004915893228,-0.6978647528510619,seasonal_median_flux,,OK,14.447004915893228,0.0,True,True,SDSSJ161711.42+063833.4,True,,False,True,True,True,False,True,ok
SDSSJ210200.42+000501.8,SDSSJ210200.42+000501.8,0.427861211213602,OK,212,5114.256074070006,"W1,W2",14.002070017987696,0.1588288983615323,seasonal_median_flux,,OK,14.002070017987696,0.0,True,True,SDSSJ210200.42+000501.8,True,,False,True,True,True,False,True,ok
SDSSJJ215130.35+003522.26,SDSSJ215130.35+003522.26,0.6106248876104402,OK,203,5114.146717869997,"W1,W2",14.001770617029424,0.2622355563685632,seasonal_median_flux,,OK,14.001770617029424,0.0,True,True,SDSSJ215130.35+003522.26,True,sdss_double_j,False,True,True,True,False,True,ok
SDSSJJ222132.41-010928.70,SDSSJ222132.41-010928.70,0.4618588984928881,OK,172,5113.949094690004,"W1,W2",14.001229554250523,-0.1810153223793648,seasonal_median_flux,,OK,14.001229554250525,1.7763568394002505e-15,True,True,SDSSJ222132.41-010928.70,True,sdss_double_j,False,True,True,True,False,True,ok
SDSSJJ230614.18-010024.45,SDSSJ230614.18-010024.45,0.4689453594333994,OK,217,4909.93524151,"W1,W2",13.4426700657358,-0.135423549943915,seasonal_median_flux,,OK,13.442670065735799,1.7763568394002505e-15,True,True,SDSSJ230614.18-010024.45,True,sdss_double_j,False,True,True,True,False,True,ok
SDSSJ231742.68+011425.2,SDSSJ231742.68+011425.2,0.3990428993967242,OK,217,5114.073796609999,"W1,W2",14.00157096950034,0.2232710925788333,seasonal_median_flux,,OK,14.001570969500339,1.7763568394002505e-15,True,True,SDSSJ231742.68+011425.2,True,,False,True,True,True,False,True,ok
SDSSJJ233602.98+001728.7,SDSSJ233602.98+001728.7,0.349391874599012,OK,204,5114.211074040002,"W1,W2",14.00194681462013,0.2615374891945104,seasonal_median_flux,,OK,14.00194681462013,0.0,True,True,SDSSJ233602.98+001728.7,True,sdss_double_j,False,True,True,True,False,True,ok
TON 153,TON 153,0.1893886691793036,OK,281,5095.66203354,"W1,W2",13.951162309486651,0.0174419557817967,seasonal_median_flux,,OK,13.951162309486653,1.7763568394002505e-15,True,True,TON 153,True,,False,True,True,True,False,True,ok
TON 1542,TON 1542,0.7540873918880219,OK,289,5098.272693759995,"W1,W2",13.9583099076249,0.6207915030098314,seasonal_median_flux,,OK,13.9583099076249,0.0,True,True,TON 1542,True,,False,True,True,True,False,True,ok
TON 490,TON 490,0.5202714932739889,OK,176,3274.6683722699963,"W1,W2",8.965553380616006,-0.0942276985865197,seasonal_median_flux,,OK,8.965553380616006,0.0,True,True,TON 490,True,,False,True,True,True,False,True,ok
