subset,source_id,source_id_normalized,canonical_id,source_id_matches_canonical,id_mismatch_reason,is_ambiguous_id,score,status,n_points,baseline_days,baseline_years,baseline_years_recomputed,baseline_years_diff,baseline_years_consistent,band_coverage,delta_mag,rejection_reason,strict_quality
bottom_ok,000030.64-064100.0,000030.64-064100.0,000030.64-064100.0,True,,False,0.1320530291414456,OK,193,5114.118378359999,14.00169302767967,14.00169302767967,0.0,True,"W1,W2",0.121273102267431,,True
bottom_ok,000055.85+200708.9,000055.85+200708.9,000055.85+200708.9,True,,False,0.0741077323035796,OK,181,5116.955480719997,14.009460590609162,14.009460590609162,0.0,True,"W1,W2",0.1960433679078147,,True
bottom_ok,000057.15+150936.5,000057.15+150936.5,000057.15+150936.5,True,,False,0.1158915243993852,OK,85,5112.73779354,13.997913192443532,13.997913192443532,0.0,True,"W1,W2",0.2069431841002017,,True
bottom_ok,000116.62+195153.3,000116.62+195153.3,000116.62+195153.3,True,,False,0.0609726024505732,OK,26,4184.948941759998,11.457765754305266,11.457765754305266,0.0,True,"W1,W2",0.0309710442009888,,False
bottom_ok,000123.61-032317.9,000123.61-032317.9,000123.61-032317.9,True,,False,0.0682894586547564,OK,73,4911.998151090003,13.448318004353192,13.448318004353192,0.0,True,"W1,W2",-0.1407069559398096,,True
bottom_ok,000132.22+135258.3,000132.22+135258.3,000132.22+135258.3,True,,False,0.0657521077452932,OK,221,5113.458779300003,13.999887143874066,13.999887143874066,0.0,True,"W1,W2",0.0399317278837854,,True
bottom_ok,000151.24+084413.3,000151.24+084413.3,000151.24+084413.3,True,,False,0.1050111492762154,OK,179,5114.037271070003,14.001470968021913,14.001470968021911,1.7763568394002505e-15,True,"W1,W2",0.0444759565696205,,True
bottom_ok,000206.48+284933.5,000206.48+284933.5,000206.48+284933.5,True,,False,0.0352779511262743,OK,228,5116.4256420599995,14.008009971416836,14.008009971416836,0.0,True,"W1,W2",0.0132402487287931,,True
bottom_ok,10762260330928128,10762260330928128,10762260330928128,True,,False,0.0584936794761271,OK,178,5099.230732239994,13.960932874031467,13.960932874031469,1.7763568394002505e-15,True,"W1,W2",0.0345445511364944,,True
bottom_ok,11271506013429504,11271506013429504,11271506013429504,True,,False,0.1129107904766826,OK,145,5099.170004300002,13.96076660999316,13.960766609993161,1.7763568394002505e-15,True,"W1,W2",0.0006150186513881,,True
bottom_ok,11997565941688192,11997565941688192,11997565941688192,True,,False,0.0562152395580043,OK,192,5098.983832160004,13.960256898453125,13.960256898453125,0.0,True,"W1,W2",0.0028703809707467,,True
bottom_ok,13107003236999040,13107003236999040,13107003236999040,True,,False,0.1316394692160831,OK,142,3275.0965059200025,8.966725546666673,8.966725546666673,0.0,True,"W1,W2",-0.0739442876827133,,True
bottom_ok,1989ae,1989ae,1989ae,True,,False,0.09677260376953,OK,238,5101.188173909999,13.966292057248458,13.966292057248458,0.0,True,"W1,W2",-0.105148671692132,,True
bottom_ok,1995T,1995T,1995T,True,,False,0.0626614803964709,OK,190,5114.003974610001,14.001379807282683,14.001379807282685,1.7763568394002505e-15,True,"W1,W2",-0.0198564280578274,,True
bottom_ok,1999dp,1999dp,1999dp,True,,False,0.1087972744601992,OK,222,3275.669147790002,8.968293354661197,8.968293354661197,0.0,True,"W1,W2",-0.0221153652888684,,True
bottom_ok,1999dz,1999dz,1999dz,True,,False,0.1116023029064822,OK,191,5299.97118393,14.510530277700203,14.510530277700205,1.7763568394002505e-15,True,"W1,W2",0.0257182193630962,,True
bottom_ok,3555442647201408,3555442647201408,3555442647201408,True,,False,0.0837358364850503,OK,185,5096.4901606700005,13.953429598001373,13.953429598001371,1.7763568394002505e-15,True,"W1,W2",-0.2226721100126343,,True
bottom_ok,3646014917806464,3646014917806464,3646014917806464,True,,False,0.1192161557113064,OK,213,5096.500093050003,13.953456791375778,13.953456791375778,0.0,True,"W1,W2",0.0906286594019511,,True
bottom_ok,3885330495346688,3885330495346688,3885330495346688,True,,False,0.0772668654574424,OK,182,5096.51333627,13.953493049336071,13.953493049336071,0.0,True,"W1,W2",0.0081664917874749,,True
bottom_ok,6288970288166784,6288970288166784,6288970288166784,True,,False,0.0777189520794485,OK,120,5096.016972329999,13.952134078932234,13.952134078932234,0.0,True,"W1,W2",-0.0112036813082678,,True
bottom_ok,6827348733385856,6827348733385856,6827348733385856,True,,False,0.1079840445586058,OK,196,5096.549754810003,13.953592757864484,13.953592757864484,0.0,True,"W1,W2",0.0854675058947599,,True
bottom_ok,7017568540477440,7017568540477440,7017568540477440,True,,False,0.0877328961007315,OK,176,5096.384342800004,13.953139884462706,13.953139884462706,0.0,True,"W1,W2",-0.0399266177241004,,True
bottom_ok,7627655759471360,7627655759471360,7627655759471360,True,,False,0.088410953920399,OK,173,5096.126228000001,13.95243320465435,13.95243320465435,0.0,True,"W1,W2",-0.0547969287907334,,True
bottom_ok,8314820462535424,8314820462535424,8314820462535424,True,,False,0.1373773927105435,OK,194,5096.549754810003,13.953592757864484,13.953592757864484,0.0,True,"W1,W2",0.129582281848993,,True
bottom_ok,8322340949965312,8322340949965312,8322340949965312,True,,False,0.1184610453660886,OK,124,5096.298389539996,13.952904557262135,13.952904557262137,1.7763568394002505e-15,True,"W1,W2",0.1442801770972155,,True
bottom_ok,8578802037330816,8578802037330816,8578802037330816,True,,False,0.0510024915998221,OK,172,5096.519957390003,13.953511176974684,13.953511176974683,1.7763568394002505e-15,True,"W1,W2",-0.0122630531081218,,True
bottom_ok,9159172377805696,9159172377805696,9159172377805696,True,,False,0.0635388158899367,OK,193,5099.227421950003,13.960923810951412,13.960923810951412,0.0,True,"W1,W2",0.0786539417851542,,True
bottom_ok,B2,B2,B2,True,,True,0.0604727458013812,OK,220,5098.470823520001,13.95885235734429,13.95885235734429,0.0,True,"W1,W2",-0.0026452129587498,,True
bottom_ok,HS,HS,HS,True,,True,0.0428728737341924,OK,872,5275.576851190002,14.44374223460644,14.443742234606441,1.7763568394002505e-15,True,"W1,W2",-0.0024405138138648,,True
bottom_ok,SDSSJJ080138.67+423354.1,SDSSJ080138.67+423354.1,SDSSJ080138.67+423354.1,True,sdss_double_j,False,0.1000676146394705,OK,187,5098.721880649995,13.959539714305256,13.959539714305256,0.0,True,"W1,W2",0.047341643402344,,True
top_ok,1959C,1959C,1959C,True,,False,0.65,OK,46,5268.449067820002,14.424227427296378,14.424227427296378,0.0,True,"W1,W2",0.0,,False
top_ok,1997bt,1997bt,1997bt,True,,False,0.6993112959462682,OK,197,5098.219330610002,13.958163807282688,13.958163807282688,0.0,True,"W1,W2",0.5901769602134956,,True
top_ok,2000dw,2000dw,2000dw,True,,False,0.6809886838880634,OK,202,5114.3432504500015,14.002308693908288,14.002308693908287,1.7763568394002505e-15,True,"W1,W2",0.5670324108342036,,True
top_ok,3C 120,3C 120,3C 120,True,,False,0.6366682421734613,OK,218,5098.834231709996,13.959847314743316,13.959847314743316,0.0,True,"W1,W2",0.4042561562616225,,True
top_ok,3C 279,3C 279,3C 279,True,,False,0.8249998092651367,OK,191,5269.14904402,14.426143857686515,14.426143857686515,0.0,True,"W1,W2",0.2611901976717136,,True
top_ok,3C 345,3C 345,3C 345,True,,False,0.7126662497916778,OK,505,5277.51728385,14.449054849691992,14.449054849691992,0.0,True,"W1,W2",-0.02926557572264,,True
top_ok,3C 446,3C 446,3C 446,True,,False,0.689993808682749,OK,202,5113.961700150001,14.0012640661191,14.001264066119099,1.7763568394002505e-15,True,"W1,W2",-0.1256131829263529,,True
top_ok,3C 66A,3C 66A,3C 66A,True,,False,0.6521291301027625,OK,179,5096.12775688,13.952437390499655,13.952437390499657,1.7763568394002505e-15,True,"W1,W2",-0.9603771811294204,,True
top_ok,4645750160709248,4645750160709248,4645750160709248,True,,False,0.8421789664240723,OK,190,5096.470295940002,13.953375211334707,13.953375211334707,0.0,True,"W1,W2",0.537504487993528,,True
top_ok,4C 29.45,4C 29.45,4C 29.45,True,,False,0.6373001299825053,OK,135,5098.245538859999,13.958235561560572,13.958235561560572,0.0,True,"W1,W2",-0.2574792302885516,,True
top_ok,5054111356737024,5054111356737024,5054111356737024,True,,False,0.7060904416796688,OK,217,5096.21880327,13.952686661930183,13.952686661930183,0.0,True,"W1,W2",0.5876074942795707,,True
top_ok,5928944654308352,5928944654308352,5928944654308352,True,,False,0.6375916643497501,OK,47,5095.348192079997,13.95030305839835,13.95030305839835,0.0,True,"W1,W2",0.3590203203536909,,False
top_ok,BL Lac,BL Lac,BL Lac,True,,False,0.7953332265218098,OK,247,5114.356492899999,14.002344949760436,14.002344949760435,1.7763568394002505e-15,True,"W1,W2",0.8252714320173409,,True
top_ok,NGC 1275,NGC 1275,NGC 1275,True,,False,0.6405427000893436,OK,167,5098.912652600004,13.96006201943875,13.96006201943875,0.0,True,"W1,W2",0.4917668506786096,,True
top_ok,NGC 3516,NGC 3516,NGC 3516,True,,False,0.6411904341423882,OK,439,5098.987122220002,13.96026590614648,13.96026590614648,0.0,True,"W1,W2",0.1712635191301474,,True
top_ok,SDSSJJ020222.00+010557.11,SDSSJ020222.00+010557.11,SDSSJ020222.00+010557.11,True,sdss_double_j,False,0.6690476782771857,OK,147,5300.560716709995,14.512144330485956,14.512144330485956,0.0,True,"W1,W2",-0.4350694670110582,,True
top_ok,SDSSJJ022930.91-000845.37,SDSSJ022930.91-000845.37,SDSSJ022930.91-000845.37,True,sdss_double_j,False,0.6443719923024547,OK,208,5304.715851070003,14.523520468364142,14.523520468364142,0.0,True,"W1,W2",-0.3006145009622831,,True
top_ok,SDSSJJ025410.08+034911.9,SDSSJ025410.08+034911.9,SDSSJ025410.08+034911.9,True,sdss_double_j,False,0.680954769053413,OK,207,5096.450430950004,13.953320823956206,13.953320823956206,0.0,True,"W1,W2",0.5362738676664467,,True
top_ok,SDSSJJ081425.89+294115.6,SDSSJ081425.89+294115.6,SDSSJ081425.89+294115.6,True,sdss_double_j,False,0.7042498613756637,OK,224,5098.70558193,13.95949509084189,13.95949509084189,0.0,True,"W1,W2",0.5591701911236531,,True
top_ok,SDSSJJ082323.88+422048.2,SDSSJ082323.88+422048.2,SDSSJ082323.88+422048.2,True,sdss_double_j,False,0.757733894073395,OK,253,5098.611096459994,13.95923640372346,13.95923640372346,0.0,True,"W1,W2",0.4367163062120698,,True
top_ok,SDSSJJ082942.66+415436.8,SDSSJ082942.66+415436.8,SDSSJ082942.66+415436.8,True,sdss_double_j,False,0.6771920586265717,OK,255,5098.573278289994,13.959132863216958,13.959132863216958,0.0,True,"W1,W2",0.416279429170353,,True
top_ok,SDSSJJ091407.16+243633.08,SDSSJ091407.16+243633.08,SDSSJ091407.16+243633.08,True,sdss_double_j,False,0.7104982763006243,OK,160,5095.680523489995,13.9512129322108,13.951212932210801,1.7763568394002505e-15,True,"W1,W2",0.4727573762395194,,True
top_ok,SDSSJJ100256.22+475027.7,SDSSJ100256.22+475027.7,SDSSJ100256.22+475027.7,True,sdss_double_j,False,0.7191303316273132,OK,291,5101.828652420001,13.968045591841207,13.968045591841207,0.0,True,"W1,W2",0.6457893707135234,,True
top_ok,SDSSJJ101322.43+214021.74,SDSSJ101322.43+214021.74,SDSSJ101322.43+214021.74,True,sdss_double_j,False,0.7297546742318493,OK,180,5098.376905229998,13.958595223080076,13.958595223080076,0.0,True,"W1,W2",-0.5098430089786988,,True
top_ok,SDSSJJ113706.93+481943.68,SDSSJ113706.93+481943.68,SDSSJ113706.93+481943.68,True,sdss_double_j,False,0.6503616969373622,OK,212,5098.394617549995,13.958643716769322,13.958643716769322,0.0,True,"W1,W2",-0.2729901675785188,,True
top_ok,SDSSJ141213.61+021202.1,SDSSJ141213.61+021202.1,SDSSJ141213.61+021202.1,True,,False,0.6275339387025134,OK,215,5274.247075829997,14.44010150809034,14.44010150809034,0.0,True,"W1,W2",0.372707427095736,,True
top_ok,SDSSJJ141324.27+530527.0,SDSSJ141324.27+530527.0,SDSSJ141324.27+530527.0,True,sdss_double_j,False,0.7612271583998753,OK,404,5098.9474546799975,13.960157302340855,13.960157302340855,0.0,True,"W1,W2",0.0916098398586898,,True
top_ok,SDSSJ153612.80+034245.7,SDSSJ153612.80+034245.7,SDSSJ153612.80+034245.7,True,,False,0.7313722515825071,OK,269,5276.732379820001,14.446905899575636,14.446905899575636,0.0,True,"W1,W2",-0.9251054882140788,,True
top_ok,SDSSJ161711.42+063833.4,SDSSJ161711.42+063833.4,SDSSJ161711.42+063833.4,True,,False,0.6362478156233452,OK,273,5276.768545530002,14.447004915893228,14.447004915893228,0.0,True,"W1,W2",-0.6978647528510619,,True
top_ok,TON 1542,TON 1542,TON 1542,True,,False,0.7540873918880219,OK,289,5098.272693759995,13.9583099076249,13.9583099076249,0.0,True,"W1,W2",0.6207915030098314,,True
